timestamp,date,provider,model,input_tokens,output_tokens,cost_usd
2026-01-24T01:58:48.044120,2026-01-24,mistral,mistral-large-latest,561,2338,0.015150
2026-01-24T01:59:34.503136,2026-01-24,mistral,mistral-large-latest,939,2377,0.016140
2026-01-24T02:00:23.886249,2026-01-24,mistral,mistral-large-latest,707,2495,0.016384
2026-01-24T02:01:12.233865,2026-01-24,mistral,mistral-large-latest,655,2567,0.016712
2026-01-24T02:01:46.239576,2026-01-24,mistral,mistral-large-latest,713,1789,0.012160
2026-01-24T02:10:22.240270,2026-01-24,mistral,mistral-large-latest,561,2574,0.016566
2026-01-24T02:11:17.060159,2026-01-24,mistral,mistral-large-latest,939,2791,0.018624
2026-01-24T02:12:08.225119,2026-01-24,mistral,mistral-large-latest,707,2603,0.017032
2026-01-24T02:13:18.868832,2026-01-24,mistral,mistral-large-latest,655,3882,0.024602
2026-01-24T02:13:46.029987,2026-01-24,mistral,mistral-large-latest,713,1469,0.010240
2026-01-24T02:20:18.304505,2026-01-24,mistral,mistral-large-latest,233,0,0.000466
2026-01-24T02:20:19.174209,2026-01-24,mistral,mistral-large-latest,209,0,0.000418
2026-01-24T02:20:20.036963,2026-01-24,mistral,mistral-large-latest,192,0,0.000384
2026-01-24T02:20:20.908333,2026-01-24,mistral,mistral-large-latest,228,0,0.000456
2026-01-24T02:20:22.203309,2026-01-24,mistral,mistral-large-latest,239,0,0.000478
2026-01-24T02:20:23.113789,2026-01-24,mistral,mistral-large-latest,228,0,0.000456
2026-01-24T02:20:24.253642,2026-01-24,mistral,mistral-large-latest,228,0,0.000456
2026-01-24T02:20:25.416529,2026-01-24,mistral,mistral-large-latest,236,0,0.000472
2026-01-24T02:20:26.515506,2026-01-24,mistral,mistral-large-latest,250,0,0.000500
2026-01-24T02:20:27.507558,2026-01-24,mistral,mistral-large-latest,228,0,0.000456
2026-01-24T02:20:28.393170,2026-01-24,mistral,mistral-large-latest,254,0,0.000508
2026-01-24T02:20:29.250804,2026-01-24,mistral,mistral-large-latest,234,0,0.000468
2026-01-24T02:20:30.094670,2026-01-24,mistral,mistral-large-latest,239,0,0.000478
2026-01-24T02:20:31.237566,2026-01-24,mistral,mistral-large-latest,249,0,0.000498
2026-01-24T02:20:34.494188,2026-01-24,mistral,mistral-large-latest,245,0,0.000490
2026-01-24T02:20:35.461446,2026-01-24,mistral,mistral-large-latest,239,0,0.000478
2026-01-24T02:20:36.384095,2026-01-24,mistral,mistral-large-latest,261,0,0.000522
2026-01-24T02:20:37.277593,2026-01-24,mistral,mistral-large-latest,236,0,0.000472
2026-01-24T02:20:38.279859,2026-01-24,mistral,mistral-large-latest,235,0,0.000470
2026-01-24T02:20:39.163722,2026-01-24,mistral,mistral-large-latest,257,0,0.000514
2026-01-24T02:20:40.058933,2026-01-24,mistral,mistral-large-latest,235,0,0.000470
2026-01-24T02:20:41.005275,2026-01-24,mistral,mistral-large-latest,242,0,0.000484
2026-01-24T02:20:41.910661,2026-01-24,mistral,mistral-large-latest,251,0,0.000502
2026-01-24T02:20:42.817732,2026-01-24,mistral,mistral-large-latest,271,0,0.000542
2026-01-24T02:20:43.691901,2026-01-24,mistral,mistral-large-latest,259,0,0.000518
2026-01-24T02:20:44.832602,2026-01-24,mistral,mistral-large-latest,255,0,0.000510
2026-01-24T02:20:45.741560,2026-01-24,mistral,mistral-large-latest,253,0,0.000506
2026-01-24T02:20:46.605065,2026-01-24,mistral,mistral-large-latest,243,0,0.000486
2026-01-24T02:20:47.501352,2026-01-24,mistral,mistral-large-latest,240,0,0.000480
2026-01-24T02:20:48.417959,2026-01-24,mistral,mistral-large-latest,256,0,0.000512
2026-01-24T02:20:49.339204,2026-01-24,mistral,mistral-large-latest,249,0,0.000498
2026-01-24T02:20:50.208680,2026-01-24,mistral,mistral-large-latest,250,0,0.000500
2026-01-24T02:20:51.155208,2026-01-24,mistral,mistral-large-latest,248,0,0.000496
2026-01-24T02:20:52.118189,2026-01-24,mistral,mistral-large-latest,234,0,0.000468
2026-01-24T02:20:53.025827,2026-01-24,mistral,mistral-large-latest,241,0,0.000482
2026-01-24T02:20:53.926827,2026-01-24,mistral,mistral-large-latest,240,0,0.000480
2026-01-24T02:20:54.789149,2026-01-24,mistral,mistral-large-latest,215,0,0.000430
2026-01-24T02:20:55.667117,2026-01-24,mistral,mistral-large-latest,239,0,0.000478
2026-01-24T02:20:56.613294,2026-01-24,mistral,mistral-large-latest,276,0,0.000552
2026-01-24T02:20:57.481367,2026-01-24,mistral,mistral-large-latest,259,0,0.000518
2026-01-24T02:20:58.757915,2026-01-24,mistral,mistral-large-latest,257,0,0.000514
2026-01-24T02:20:59.668898,2026-01-24,mistral,mistral-large-latest,251,0,0.000502
2026-01-24T02:21:00.556788,2026-01-24,mistral,mistral-large-latest,266,0,0.000532
2026-01-24T02:21:01.423596,2026-01-24,mistral,mistral-large-latest,230,0,0.000460
2026-01-24T02:21:02.445931,2026-01-24,mistral,mistral-large-latest,231,0,0.000462
2026-01-24T02:21:03.371513,2026-01-24,mistral,mistral-large-latest,260,0,0.000520
2026-01-24T02:21:04.255704,2026-01-24,mistral,mistral-large-latest,237,0,0.000474
2026-01-24T02:21:05.172586,2026-01-24,mistral,mistral-large-latest,258,0,0.000516
2026-01-24T02:21:06.130919,2026-01-24,mistral,mistral-large-latest,255,0,0.000510
2026-01-24T02:21:07.006738,2026-01-24,mistral,mistral-large-latest,248,0,0.000496
2026-01-24T02:21:08.298620,2026-01-24,mistral,mistral-large-latest,244,0,0.000488
2026-01-24T02:21:09.171211,2026-01-24,mistral,mistral-large-latest,236,0,0.000472
2026-01-24T02:21:10.042807,2026-01-24,mistral,mistral-large-latest,251,0,0.000502
2026-01-24T02:21:10.917415,2026-01-24,mistral,mistral-large-latest,234,0,0.000468
2026-01-24T02:21:11.771542,2026-01-24,mistral,mistral-large-latest,268,0,0.000536
2026-01-24T02:21:12.652165,2026-01-24,mistral,mistral-large-latest,239,0,0.000478
2026-01-24T02:21:13.522580,2026-01-24,mistral,mistral-large-latest,249,0,0.000498
2026-01-24T02:21:14.529682,2026-01-24,mistral,mistral-large-latest,254,0,0.000508
2026-01-24T02:21:15.371971,2026-01-24,mistral,mistral-large-latest,240,0,0.000480
2026-01-24T02:21:16.426645,2026-01-24,mistral,mistral-large-latest,246,0,0.000492
2026-01-24T02:22:17.691451,2026-01-24,mistral,mistral-large-latest,238,0,0.000476
2026-01-24T02:22:18.586161,2026-01-24,mistral,mistral-large-latest,233,0,0.000466
2026-01-24T02:22:19.474002,2026-01-24,mistral,mistral-large-latest,319,0,0.000638
2026-01-24T02:22:20.372406,2026-01-24,mistral,mistral-large-latest,271,0,0.000542
2026-01-24T02:22:21.257348,2026-01-24,mistral,mistral-large-latest,291,0,0.000582
2026-01-24T02:22:22.103236,2026-01-24,mistral,mistral-large-latest,231,0,0.000462
2026-01-24T02:22:22.933462,2026-01-24,mistral,mistral-large-latest,244,0,0.000488
2026-01-24T02:22:24.271891,2026-01-24,mistral,mistral-large-latest,232,0,0.000464
2026-01-24T02:22:25.096689,2026-01-24,mistral,mistral-large-latest,222,0,0.000444
2026-01-24T02:22:26.005737,2026-01-24,mistral,mistral-large-latest,226,0,0.000452
2026-01-24T02:22:26.835005,2026-01-24,mistral,mistral-large-latest,229,0,0.000458
2026-01-24T02:22:27.716295,2026-01-24,mistral,mistral-large-latest,237,0,0.000474
2026-01-24T02:22:28.574981,2026-01-24,mistral,mistral-large-latest,235,0,0.000470
2026-01-24T02:22:29.433806,2026-01-24,mistral,mistral-large-latest,338,0,0.000676
2026-01-24T02:22:30.307432,2026-01-24,mistral,mistral-large-latest,233,0,0.000466
2026-01-24T02:22:31.206258,2026-01-24,mistral,mistral-large-latest,209,0,0.000418
2026-01-24T02:22:32.117448,2026-01-24,mistral,mistral-large-latest,192,0,0.000384
2026-01-24T02:22:33.272557,2026-01-24,mistral,mistral-large-latest,228,0,0.000456
2026-01-24T02:22:34.092387,2026-01-24,mistral,mistral-large-latest,239,0,0.000478
2026-01-24T02:22:35.048047,2026-01-24,mistral,mistral-large-latest,228,0,0.000456
2026-01-24T02:22:36.346719,2026-01-24,mistral,mistral-large-latest,228,0,0.000456
2026-01-24T02:22:37.235397,2026-01-24,mistral,mistral-large-latest,236,0,0.000472
2026-01-24T02:22:38.089356,2026-01-24,mistral,mistral-large-latest,250,0,0.000500
2026-01-24T02:22:39.114170,2026-01-24,mistral,mistral-large-latest,228,0,0.000456
2026-01-24T02:22:40.135157,2026-01-24,mistral,mistral-large-latest,254,0,0.000508
2026-01-24T02:22:41.037554,2026-01-24,mistral,mistral-large-latest,234,0,0.000468
2026-01-24T02:22:41.928690,2026-01-24,mistral,mistral-large-latest,239,0,0.000478
2026-01-24T02:22:43.030006,2026-01-24,mistral,mistral-large-latest,249,0,0.000498
2026-01-24T02:22:43.924429,2026-01-24,mistral,mistral-large-latest,245,0,0.000490
2026-01-24T02:22:44.847312,2026-01-24,mistral,mistral-large-latest,239,0,0.000478
2026-01-24T02:22:45.872271,2026-01-24,mistral,mistral-large-latest,261,0,0.000522
2026-01-24T02:22:46.777104,2026-01-24,mistral,mistral-large-latest,236,0,0.000472
2026-01-24T02:22:47.646823,2026-01-24,mistral,mistral-large-latest,235,0,0.000470
2026-01-24T02:22:48.516475,2026-01-24,mistral,mistral-large-latest,257,0,0.000514
2026-01-24T02:22:49.392668,2026-01-24,mistral,mistral-large-latest,235,0,0.000470
2026-01-24T02:22:50.332604,2026-01-24,mistral,mistral-large-latest,242,0,0.000484
2026-01-24T02:22:53.935304,2026-01-24,mistral,mistral-large-latest,251,0,0.000502
2026-01-24T02:22:54.885102,2026-01-24,mistral,mistral-large-latest,271,0,0.000542
2026-01-24T02:22:55.724766,2026-01-24,mistral,mistral-large-latest,259,0,0.000518
2026-01-24T02:22:56.604350,2026-01-24,mistral,mistral-large-latest,255,0,0.000510
2026-01-24T02:22:57.545199,2026-01-24,mistral,mistral-large-latest,253,0,0.000506
2026-01-24T02:22:58.416964,2026-01-24,mistral,mistral-large-latest,243,0,0.000486
2026-01-24T02:22:59.280660,2026-01-24,mistral,mistral-large-latest,240,0,0.000480
2026-01-24T02:23:00.120549,2026-01-24,mistral,mistral-large-latest,256,0,0.000512
2026-01-24T02:23:01.333242,2026-01-24,mistral,mistral-large-latest,249,0,0.000498
2026-01-24T02:23:02.357599,2026-01-24,mistral,mistral-large-latest,250,0,0.000500
2026-01-24T02:23:03.264224,2026-01-24,mistral,mistral-large-latest,248,0,0.000496
2026-01-24T02:23:04.083444,2026-01-24,mistral,mistral-large-latest,234,0,0.000468
2026-01-24T02:23:04.924616,2026-01-24,mistral,mistral-large-latest,241,0,0.000482
2026-01-24T02:23:05.839679,2026-01-24,mistral,mistral-large-latest,240,0,0.000480
2026-01-24T02:23:06.690021,2026-01-24,mistral,mistral-large-latest,215,0,0.000430
2026-01-24T02:23:07.578770,2026-01-24,mistral,mistral-large-latest,239,0,0.000478
2026-01-24T02:23:08.499018,2026-01-24,mistral,mistral-large-latest,276,0,0.000552
2026-01-24T02:23:09.675885,2026-01-24,mistral,mistral-large-latest,259,0,0.000518
2026-01-24T02:23:10.549786,2026-01-24,mistral,mistral-large-latest,257,0,0.000514
2026-01-24T02:23:11.423686,2026-01-24,mistral,mistral-large-latest,251,0,0.000502
2026-01-24T02:23:12.310435,2026-01-24,mistral,mistral-large-latest,266,0,0.000532
2026-01-24T02:23:13.188343,2026-01-24,mistral,mistral-large-latest,230,0,0.000460
2026-01-24T02:23:14.037714,2026-01-24,mistral,mistral-large-latest,231,0,0.000462
2026-01-24T02:23:14.941168,2026-01-24,mistral,mistral-large-latest,260,0,0.000520
2026-01-24T02:23:15.803690,2026-01-24,mistral,mistral-large-latest,237,0,0.000474
2026-01-24T02:24:16.807956,2026-01-24,mistral,mistral-large-latest,258,0,0.000516
2026-01-24T02:24:18.030888,2026-01-24,mistral,mistral-large-latest,255,0,0.000510
2026-01-24T02:24:18.909741,2026-01-24,mistral,mistral-large-latest,248,0,0.000496
2026-01-24T02:24:19.813137,2026-01-24,mistral,mistral-large-latest,244,0,0.000488
2026-01-24T02:24:20.693628,2026-01-24,mistral,mistral-large-latest,236,0,0.000472
2026-01-24T02:24:21.801620,2026-01-24,mistral,mistral-large-latest,251,0,0.000502
2026-01-24T02:24:22.758683,2026-01-24,mistral,mistral-large-latest,234,0,0.000468
2026-01-24T02:24:23.985441,2026-01-24,mistral,mistral-large-latest,268,0,0.000536
2026-01-24T02:24:24.879717,2026-01-24,mistral,mistral-large-latest,239,0,0.000478
2026-01-24T02:24:25.757346,2026-01-24,mistral,mistral-large-latest,249,0,0.000498
2026-01-24T02:24:26.645300,2026-01-24,mistral,mistral-large-latest,254,0,0.000508
2026-01-24T02:24:27.486963,2026-01-24,mistral,mistral-large-latest,240,0,0.000480
2026-01-24T02:24:28.806285,2026-01-24,mistral,mistral-large-latest,246,0,0.000492
2026-01-24T02:24:29.620691,2026-01-24,mistral,mistral-large-latest,238,0,0.000476
2026-01-24T02:24:30.791499,2026-01-24,mistral,mistral-large-latest,233,0,0.000466
2026-01-24T02:24:31.704907,2026-01-24,mistral,mistral-large-latest,319,0,0.000638
2026-01-24T02:24:32.598819,2026-01-24,mistral,mistral-large-latest,271,0,0.000542
2026-01-24T02:24:33.585714,2026-01-24,mistral,mistral-large-latest,291,0,0.000582
2026-01-24T02:24:34.518966,2026-01-24,mistral,mistral-large-latest,231,0,0.000462
2026-01-24T02:24:35.384169,2026-01-24,mistral,mistral-large-latest,244,0,0.000488
2026-01-24T02:24:36.243283,2026-01-24,mistral,mistral-large-latest,232,0,0.000464
2026-01-24T02:24:37.182814,2026-01-24,mistral,mistral-large-latest,222,0,0.000444
2026-01-24T02:24:38.058212,2026-01-24,mistral,mistral-large-latest,226,0,0.000452
2026-01-24T02:24:38.996897,2026-01-24,mistral,mistral-large-latest,229,0,0.000458
2026-01-24T02:24:39.945088,2026-01-24,mistral,mistral-large-latest,237,0,0.000474
2026-01-24T02:24:41.043409,2026-01-24,mistral,mistral-large-latest,235,0,0.000470
2026-01-24T02:24:42.178054,2026-01-24,mistral,mistral-large-latest,338,0,0.000676
2026-01-24T02:24:43.016570,2026-01-24,mistral,mistral-large-latest,233,0,0.000466
2026-01-24T02:24:44.450361,2026-01-24,mistral,mistral-large-latest,209,0,0.000418
2026-01-24T02:24:45.318513,2026-01-24,mistral,mistral-large-latest,192,0,0.000384
2026-01-24T02:24:46.189379,2026-01-24,mistral,mistral-large-latest,228,0,0.000456
2026-01-24T02:24:47.288358,2026-01-24,mistral,mistral-large-latest,239,0,0.000478
2026-01-24T02:24:48.419711,2026-01-24,mistral,mistral-large-latest,228,0,0.000456
2026-01-24T02:24:49.338981,2026-01-24,mistral,mistral-large-latest,228,0,0.000456
2026-01-24T02:24:50.288060,2026-01-24,mistral,mistral-large-latest,236,0,0.000472
2026-01-24T02:24:51.155644,2026-01-24,mistral,mistral-large-latest,250,0,0.000500
2026-01-24T02:24:52.059207,2026-01-24,mistral,mistral-large-latest,228,0,0.000456
2026-01-24T02:24:52.948376,2026-01-24,mistral,mistral-large-latest,254,0,0.000508
2026-01-24T02:24:53.823576,2026-01-24,mistral,mistral-large-latest,234,0,0.000468
2026-01-24T02:24:54.661271,2026-01-24,mistral,mistral-large-latest,239,0,0.000478
2026-01-24T02:24:55.882155,2026-01-24,mistral,mistral-large-latest,249,0,0.000498
2026-01-24T02:24:57.006979,2026-01-24,mistral,mistral-large-latest,245,0,0.000490
2026-01-24T02:24:58.151723,2026-01-24,mistral,mistral-large-latest,239,0,0.000478
2026-01-24T02:24:59.011017,2026-01-24,mistral,mistral-large-latest,261,0,0.000522
2026-01-24T02:24:59.889406,2026-01-24,mistral,mistral-large-latest,236,0,0.000472
2026-01-24T02:25:00.889037,2026-01-24,mistral,mistral-large-latest,235,0,0.000470
2026-01-24T02:25:03.916222,2026-01-24,mistral,mistral-large-latest,257,0,0.000514
2026-01-24T02:25:04.777077,2026-01-24,mistral,mistral-large-latest,235,0,0.000470
2026-01-24T02:25:05.633720,2026-01-24,mistral,mistral-large-latest,242,0,0.000484
2026-01-24T02:25:06.539085,2026-01-24,mistral,mistral-large-latest,251,0,0.000502
2026-01-24T02:25:07.420039,2026-01-24,mistral,mistral-large-latest,271,0,0.000542
2026-01-24T02:25:08.311697,2026-01-24,mistral,mistral-large-latest,259,0,0.000518
2026-01-24T02:25:09.440102,2026-01-24,mistral,mistral-large-latest,255,0,0.000510
2026-01-24T02:25:10.344670,2026-01-24,mistral,mistral-large-latest,253,0,0.000506
2026-01-24T02:25:11.224980,2026-01-24,mistral,mistral-large-latest,243,0,0.000486
2026-01-24T02:25:12.098379,2026-01-24,mistral,mistral-large-latest,240,0,0.000480
2026-01-24T02:25:12.966991,2026-01-24,mistral,mistral-large-latest,256,0,0.000512
2026-01-24T02:25:13.853976,2026-01-24,mistral,mistral-large-latest,249,0,0.000498
2026-01-24T02:25:14.751023,2026-01-24,mistral,mistral-large-latest,250,0,0.000500
2026-01-24T02:25:15.658521,2026-01-24,mistral,mistral-large-latest,248,0,0.000496
2026-01-24T02:25:16.489027,2026-01-24,mistral,mistral-large-latest,234,0,0.000468
2026-01-24T02:25:17.336978,2026-01-24,mistral,mistral-large-latest,241,0,0.000482
2026-01-24T02:25:18.448727,2026-01-24,mistral,mistral-large-latest,240,0,0.000480
2026-01-24T02:25:19.454712,2026-01-24,mistral,mistral-large-latest,215,0,0.000430
2026-01-24T02:25:22.787391,2026-01-24,mistral,mistral-large-latest,239,0,0.000478
2026-01-24T02:25:23.683953,2026-01-24,mistral,mistral-large-latest,276,0,0.000552
2026-01-24T02:25:24.614253,2026-01-24,mistral,mistral-large-latest,259,0,0.000518
2026-01-24T02:25:25.473386,2026-01-24,mistral,mistral-large-latest,257,0,0.000514
2026-01-24T02:25:26.410695,2026-01-24,mistral,mistral-large-latest,251,0,0.000502
2026-01-24T02:25:27.357782,2026-01-24,mistral,mistral-large-latest,266,0,0.000532
2026-01-24T02:25:28.200725,2026-01-24,mistral,mistral-large-latest,230,0,0.000460
2026-01-24T02:25:29.056322,2026-01-24,mistral,mistral-large-latest,231,0,0.000462
2026-01-24T02:25:30.025589,2026-01-24,mistral,mistral-large-latest,260,0,0.000520
2026-01-24T02:25:30.890558,2026-01-24,mistral,mistral-large-latest,237,0,0.000474
2026-01-24T02:25:31.761804,2026-01-24,mistral,mistral-large-latest,258,0,0.000516
2026-01-24T02:25:32.633077,2026-01-24,mistral,mistral-large-latest,255,0,0.000510
2026-01-24T02:25:33.977550,2026-01-24,mistral,mistral-large-latest,248,0,0.000496
2026-01-24T02:25:34.856844,2026-01-24,mistral,mistral-large-latest,244,0,0.000488
2026-01-24T02:25:35.759035,2026-01-24,mistral,mistral-large-latest,236,0,0.000472
2026-01-24T02:25:36.601017,2026-01-24,mistral,mistral-large-latest,251,0,0.000502
2026-01-24T02:25:37.641187,2026-01-24,mistral,mistral-large-latest,234,0,0.000468
2026-01-24T02:25:38.517558,2026-01-24,mistral,mistral-large-latest,268,0,0.000536
2026-01-24T02:25:39.504054,2026-01-24,mistral,mistral-large-latest,239,0,0.000478
2026-01-24T02:25:40.376267,2026-01-24,mistral,mistral-large-latest,249,0,0.000498
2026-01-24T02:25:41.347407,2026-01-24,mistral,mistral-large-latest,254,0,0.000508
2026-01-24T02:25:42.204830,2026-01-24,mistral,mistral-large-latest,240,0,0.000480
2026-01-24T02:25:43.091000,2026-01-24,mistral,mistral-large-latest,246,0,0.000492
2026-01-24T02:25:43.945206,2026-01-24,mistral,mistral-large-latest,238,0,0.000476
2026-01-24T02:25:44.817134,2026-01-24,mistral,mistral-large-latest,233,0,0.000466
2026-01-24T02:25:45.767736,2026-01-24,mistral,mistral-large-latest,319,0,0.000638
2026-01-24T02:25:46.711907,2026-01-24,mistral,mistral-large-latest,271,0,0.000542
2026-01-24T02:25:47.603742,2026-01-24,mistral,mistral-large-latest,291,0,0.000582
2026-01-24T02:25:48.506885,2026-01-24,mistral,mistral-large-latest,231,0,0.000462
2026-01-24T02:25:49.351282,2026-01-24,mistral,mistral-large-latest,244,0,0.000488
2026-01-24T02:26:50.408609,2026-01-24,mistral,mistral-large-latest,232,0,0.000464
2026-01-24T02:26:51.596030,2026-01-24,mistral,mistral-large-latest,222,0,0.000444
2026-01-24T02:26:52.441967,2026-01-24,mistral,mistral-large-latest,226,0,0.000452
2026-01-24T02:26:53.275711,2026-01-24,mistral,mistral-large-latest,229,0,0.000458
2026-01-24T02:26:54.140234,2026-01-24,mistral,mistral-large-latest,237,0,0.000474
2026-01-24T02:26:54.972617,2026-01-24,mistral,mistral-large-latest,235,0,0.000470
2026-01-24T02:26:55.835203,2026-01-24,mistral,mistral-large-latest,338,0,0.000676
2026-01-24T02:38:06.520904,2026-01-24,mistral,mistral-medium-latest,233,0,0.000629
2026-01-24T02:38:07.369554,2026-01-24,mistral,mistral-medium-latest,209,0,0.000564
2026-01-24T02:38:08.250869,2026-01-24,mistral,mistral-medium-latest,192,0,0.000518
2026-01-24T02:38:09.115932,2026-01-24,mistral,mistral-medium-latest,228,0,0.000616
2026-01-24T02:38:10.007629,2026-01-24,mistral,mistral-medium-latest,239,0,0.000645
2026-01-24T02:38:10.842945,2026-01-24,mistral,mistral-medium-latest,228,0,0.000616
2026-01-24T02:38:11.700413,2026-01-24,mistral,mistral-medium-latest,228,0,0.000616
2026-01-24T02:38:12.604481,2026-01-24,mistral,mistral-medium-latest,236,0,0.000637
2026-01-24T02:38:13.741483,2026-01-24,mistral,mistral-medium-latest,250,0,0.000675
2026-01-24T02:38:14.562324,2026-01-24,mistral,mistral-medium-latest,228,0,0.000616
2026-01-24T02:38:15.472942,2026-01-24,mistral,mistral-medium-latest,254,0,0.000686
2026-01-24T02:38:17.208145,2026-01-24,mistral,mistral-medium-latest,234,0,0.000632
2026-01-24T02:38:18.132072,2026-01-24,mistral,mistral-medium-latest,239,0,0.000645
2026-01-24T02:38:19.016745,2026-01-24,mistral,mistral-medium-latest,249,0,0.000672
2026-01-24T02:38:19.887383,2026-01-24,mistral,mistral-medium-latest,245,0,0.000661
2026-01-24T02:38:20.772166,2026-01-24,mistral,mistral-medium-latest,239,0,0.000645
2026-01-24T02:38:21.650235,2026-01-24,mistral,mistral-medium-latest,261,0,0.000705
2026-01-24T02:38:22.779191,2026-01-24,mistral,mistral-medium-latest,236,0,0.000637
2026-01-24T02:38:23.669256,2026-01-24,mistral,mistral-medium-latest,235,0,0.000634
2026-01-24T02:38:25.403944,2026-01-24,mistral,mistral-medium-latest,257,0,0.000694
2026-01-24T02:38:26.247664,2026-01-24,mistral,mistral-medium-latest,235,0,0.000634
2026-01-24T02:38:27.450817,2026-01-24,mistral,mistral-medium-latest,242,0,0.000653
2026-01-24T02:38:28.372690,2026-01-24,mistral,mistral-medium-latest,251,0,0.000678
2026-01-24T02:38:29.273612,2026-01-24,mistral,mistral-medium-latest,271,0,0.000732
2026-01-24T02:38:30.128322,2026-01-24,mistral,mistral-medium-latest,259,0,0.000699
2026-01-24T02:38:31.038176,2026-01-24,mistral,mistral-medium-latest,255,0,0.000689
2026-01-24T02:38:31.946977,2026-01-24,mistral,mistral-medium-latest,253,0,0.000683
2026-01-24T02:38:32.773495,2026-01-24,mistral,mistral-medium-latest,243,0,0.000656
2026-01-24T02:38:33.608698,2026-01-24,mistral,mistral-medium-latest,240,0,0.000648
2026-01-24T02:38:34.476067,2026-01-24,mistral,mistral-medium-latest,256,0,0.000691
2026-01-24T02:38:35.542861,2026-01-24,mistral,mistral-medium-latest,249,0,0.000672
2026-01-24T02:38:36.507080,2026-01-24,mistral,mistral-medium-latest,250,0,0.000675
2026-01-24T02:38:37.411605,2026-01-24,mistral,mistral-medium-latest,248,0,0.000670
2026-01-24T02:38:38.240032,2026-01-24,mistral,mistral-medium-latest,234,0,0.000632
2026-01-24T02:38:39.094979,2026-01-24,mistral,mistral-medium-latest,241,0,0.000651
2026-01-24T02:38:40.047118,2026-01-24,mistral,mistral-medium-latest,240,0,0.000648
2026-01-24T02:38:40.889716,2026-01-24,mistral,mistral-medium-latest,215,0,0.000581
2026-01-24T02:38:41.767617,2026-01-24,mistral,mistral-medium-latest,239,0,0.000645
2026-01-24T02:38:42.705644,2026-01-24,mistral,mistral-medium-latest,276,0,0.000745
2026-01-24T02:38:43.630645,2026-01-24,mistral,mistral-medium-latest,259,0,0.000699
2026-01-24T02:38:44.459329,2026-01-24,mistral,mistral-medium-latest,257,0,0.000694
2026-01-24T02:38:45.586220,2026-01-24,mistral,mistral-medium-latest,251,0,0.000678
2026-01-24T02:38:46.809332,2026-01-24,mistral,mistral-medium-latest,266,0,0.000718
2026-01-24T02:38:47.645960,2026-01-24,mistral,mistral-medium-latest,230,0,0.000621
2026-01-24T02:38:48.508229,2026-01-24,mistral,mistral-medium-latest,231,0,0.000624
2026-01-24T02:38:49.390921,2026-01-24,mistral,mistral-medium-latest,260,0,0.000702
2026-01-24T02:38:50.502580,2026-01-24,mistral,mistral-medium-latest,237,0,0.000640
2026-01-24T02:38:51.325771,2026-01-24,mistral,mistral-medium-latest,258,0,0.000697
2026-01-24T02:38:52.233594,2026-01-24,mistral,mistral-medium-latest,255,0,0.000689
2026-01-24T02:38:53.257287,2026-01-24,mistral,mistral-medium-latest,248,0,0.000670
2026-01-24T02:38:54.146923,2026-01-24,mistral,mistral-medium-latest,244,0,0.000659
2026-01-24T02:38:54.995230,2026-01-24,mistral,mistral-medium-latest,236,0,0.000637
2026-01-24T02:38:56.143412,2026-01-24,mistral,mistral-medium-latest,251,0,0.000678
2026-01-24T02:38:57.283051,2026-01-24,mistral,mistral-medium-latest,234,0,0.000632
2026-01-24T02:38:58.182430,2026-01-24,mistral,mistral-medium-latest,268,0,0.000724
2026-01-24T02:38:59.053624,2026-01-24,mistral,mistral-medium-latest,239,0,0.000645
2026-01-24T02:38:59.967176,2026-01-24,mistral,mistral-medium-latest,249,0,0.000672
2026-01-24T02:39:00.888971,2026-01-24,mistral,mistral-medium-latest,254,0,0.000686
2026-01-24T02:39:01.857413,2026-01-24,mistral,mistral-medium-latest,240,0,0.000648
2026-01-24T02:39:03.106442,2026-01-24,mistral,mistral-medium-latest,246,0,0.000664
2026-01-24T02:40:04.067060,2026-01-24,mistral,mistral-medium-latest,238,0,0.000643
2026-01-24T02:40:04.937448,2026-01-24,mistral,mistral-medium-latest,233,0,0.000629
2026-01-24T02:40:05.866689,2026-01-24,mistral,mistral-medium-latest,319,0,0.000861
2026-01-24T02:40:06.776299,2026-01-24,mistral,mistral-medium-latest,271,0,0.000732
2026-01-24T02:40:07.763855,2026-01-24,mistral,mistral-medium-latest,291,0,0.000786
2026-01-24T02:40:08.752311,2026-01-24,mistral,mistral-medium-latest,231,0,0.000624
2026-01-24T02:40:09.646545,2026-01-24,mistral,mistral-medium-latest,244,0,0.000659
2026-01-24T02:40:10.771115,2026-01-24,mistral,mistral-medium-latest,232,0,0.000626
2026-01-24T02:40:11.619256,2026-01-24,mistral,mistral-medium-latest,222,0,0.000599
2026-01-24T02:40:12.514168,2026-01-24,mistral,mistral-medium-latest,226,0,0.000610
2026-01-24T02:40:13.371712,2026-01-24,mistral,mistral-medium-latest,229,0,0.000618
2026-01-24T02:40:14.193343,2026-01-24,mistral,mistral-medium-latest,237,0,0.000640
2026-01-24T02:40:15.084230,2026-01-24,mistral,mistral-medium-latest,235,0,0.000634
2026-01-24T02:40:16.035878,2026-01-24,mistral,mistral-medium-latest,338,0,0.000913
2026-01-24T02:40:16.885150,2026-01-24,mistral,mistral-medium-latest,233,0,0.000629
2026-01-24T02:40:17.725194,2026-01-24,mistral,mistral-medium-latest,209,0,0.000564
2026-01-24T02:40:18.578583,2026-01-24,mistral,mistral-medium-latest,192,0,0.000518
2026-01-24T02:40:19.430940,2026-01-24,mistral,mistral-medium-latest,228,0,0.000616
2026-01-24T02:40:20.286957,2026-01-24,mistral,mistral-medium-latest,239,0,0.000645
2026-01-24T02:40:21.103588,2026-01-24,mistral,mistral-medium-latest,228,0,0.000616
2026-01-24T02:40:21.952104,2026-01-24,mistral,mistral-medium-latest,228,0,0.000616
2026-01-24T02:40:22.919909,2026-01-24,mistral,mistral-medium-latest,236,0,0.000637
2026-01-24T02:40:23.761806,2026-01-24,mistral,mistral-medium-latest,250,0,0.000675
2026-01-24T02:40:24.902787,2026-01-24,mistral,mistral-medium-latest,228,0,0.000616
2026-01-24T02:40:25.783805,2026-01-24,mistral,mistral-medium-latest,254,0,0.000686
2026-01-24T02:40:26.664368,2026-01-24,mistral,mistral-medium-latest,234,0,0.000632
2026-01-24T02:40:27.576288,2026-01-24,mistral,mistral-medium-latest,239,0,0.000645
2026-01-24T02:40:28.466952,2026-01-24,mistral,mistral-medium-latest,249,0,0.000672
2026-01-24T02:40:29.330522,2026-01-24,mistral,mistral-medium-latest,245,0,0.000661
2026-01-24T02:40:30.215104,2026-01-24,mistral,mistral-medium-latest,239,0,0.000645
2026-01-24T02:40:31.069283,2026-01-24,mistral,mistral-medium-latest,261,0,0.000705
2026-01-24T02:40:32.072809,2026-01-24,mistral,mistral-medium-latest,236,0,0.000637
2026-01-24T02:40:32.957452,2026-01-24,mistral,mistral-medium-latest,235,0,0.000634
2026-01-24T02:40:33.787726,2026-01-24,mistral,mistral-medium-latest,257,0,0.000694
2026-01-24T02:40:34.610167,2026-01-24,mistral,mistral-medium-latest,235,0,0.000634
2026-01-24T02:40:35.425944,2026-01-24,mistral,mistral-medium-latest,242,0,0.000653
2026-01-24T02:40:36.296451,2026-01-24,mistral,mistral-medium-latest,251,0,0.000678
2026-01-24T02:40:37.208688,2026-01-24,mistral,mistral-medium-latest,271,0,0.000732
2026-01-24T02:40:38.063657,2026-01-24,mistral,mistral-medium-latest,259,0,0.000699
2026-01-24T02:40:38.893462,2026-01-24,mistral,mistral-medium-latest,255,0,0.000689
2026-01-24T02:40:39.759999,2026-01-24,mistral,mistral-medium-latest,253,0,0.000683
2026-01-24T02:40:40.635582,2026-01-24,mistral,mistral-medium-latest,243,0,0.000656
2026-01-24T02:40:41.492530,2026-01-24,mistral,mistral-medium-latest,240,0,0.000648
2026-01-24T02:40:42.426593,2026-01-24,mistral,mistral-medium-latest,256,0,0.000691
2026-01-24T02:40:43.298990,2026-01-24,mistral,mistral-medium-latest,249,0,0.000672
2026-01-24T02:40:44.460175,2026-01-24,mistral,mistral-medium-latest,250,0,0.000675
2026-01-24T02:40:45.333692,2026-01-24,mistral,mistral-medium-latest,248,0,0.000670
2026-01-24T02:40:46.512016,2026-01-24,mistral,mistral-medium-latest,234,0,0.000632
2026-01-24T02:40:47.453497,2026-01-24,mistral,mistral-medium-latest,241,0,0.000651
2026-01-24T02:40:48.310319,2026-01-24,mistral,mistral-medium-latest,240,0,0.000648
2026-01-24T02:40:49.171911,2026-01-24,mistral,mistral-medium-latest,215,0,0.000581
2026-01-24T02:40:50.302268,2026-01-24,mistral,mistral-medium-latest,239,0,0.000645
2026-01-24T02:40:51.185976,2026-01-24,mistral,mistral-medium-latest,276,0,0.000745
2026-01-24T02:40:52.061828,2026-01-24,mistral,mistral-medium-latest,259,0,0.000699
2026-01-24T02:40:52.962893,2026-01-24,mistral,mistral-medium-latest,257,0,0.000694
2026-01-24T02:40:53.846341,2026-01-24,mistral,mistral-medium-latest,251,0,0.000678
2026-01-24T02:40:55.113735,2026-01-24,mistral,mistral-medium-latest,266,0,0.000718
2026-01-24T02:40:55.952484,2026-01-24,mistral,mistral-medium-latest,230,0,0.000621
2026-01-24T02:40:56.819133,2026-01-24,mistral,mistral-medium-latest,231,0,0.000624
2026-01-24T02:40:57.775487,2026-01-24,mistral,mistral-medium-latest,260,0,0.000702
2026-01-24T02:40:58.948752,2026-01-24,mistral,mistral-medium-latest,237,0,0.000640
2026-01-24T02:40:59.928103,2026-01-24,mistral,mistral-medium-latest,258,0,0.000697
2026-01-24T02:41:00.848610,2026-01-24,mistral,mistral-medium-latest,255,0,0.000689
2026-01-24T02:42:01.793527,2026-01-24,mistral,mistral-medium-latest,248,0,0.000670
2026-01-24T02:42:02.720726,2026-01-24,mistral,mistral-medium-latest,244,0,0.000659
2026-01-24T02:42:05.155003,2026-01-24,mistral,mistral-medium-latest,236,0,0.000637
2026-01-24T02:42:06.324917,2026-01-24,mistral,mistral-medium-latest,251,0,0.000678
2026-01-24T02:42:07.713242,2026-01-24,mistral,mistral-medium-latest,234,0,0.000632
2026-01-24T02:42:08.616046,2026-01-24,mistral,mistral-medium-latest,268,0,0.000724
2026-01-24T02:42:09.505639,2026-01-24,mistral,mistral-medium-latest,239,0,0.000645
2026-01-24T02:42:10.382855,2026-01-24,mistral,mistral-medium-latest,249,0,0.000672
2026-01-24T02:42:11.210913,2026-01-24,mistral,mistral-medium-latest,254,0,0.000686
2026-01-24T02:42:12.104814,2026-01-24,mistral,mistral-medium-latest,240,0,0.000648
2026-01-24T02:42:12.965278,2026-01-24,mistral,mistral-medium-latest,246,0,0.000664
2026-01-24T02:42:13.800426,2026-01-24,mistral,mistral-medium-latest,238,0,0.000643
2026-01-24T02:42:14.677694,2026-01-24,mistral,mistral-medium-latest,233,0,0.000629
2026-01-24T02:42:15.776882,2026-01-24,mistral,mistral-medium-latest,319,0,0.000861
2026-01-24T02:42:16.702325,2026-01-24,mistral,mistral-medium-latest,271,0,0.000732
2026-01-24T02:42:17.561326,2026-01-24,mistral,mistral-medium-latest,291,0,0.000786
2026-01-24T02:42:18.747339,2026-01-24,mistral,mistral-medium-latest,231,0,0.000624
2026-01-24T02:42:19.566139,2026-01-24,mistral,mistral-medium-latest,244,0,0.000659
2026-01-24T02:42:20.415485,2026-01-24,mistral,mistral-medium-latest,232,0,0.000626
2026-01-24T02:42:21.231001,2026-01-24,mistral,mistral-medium-latest,222,0,0.000599
2026-01-24T02:42:22.116270,2026-01-24,mistral,mistral-medium-latest,226,0,0.000610
2026-01-24T02:42:22.936356,2026-01-24,mistral,mistral-medium-latest,229,0,0.000618
2026-01-24T02:42:23.792580,2026-01-24,mistral,mistral-medium-latest,237,0,0.000640
2026-01-24T02:42:24.883933,2026-01-24,mistral,mistral-medium-latest,235,0,0.000634
2026-01-24T02:42:25.780554,2026-01-24,mistral,mistral-medium-latest,338,0,0.000913
2026-01-24T02:42:28.833692,2026-01-24,mistral,mistral-medium-latest,233,0,0.000629
2026-01-24T02:42:29.789720,2026-01-24,mistral,mistral-medium-latest,209,0,0.000564
2026-01-24T02:42:30.663978,2026-01-24,mistral,mistral-medium-latest,192,0,0.000518
2026-01-24T02:42:31.500266,2026-01-24,mistral,mistral-medium-latest,228,0,0.000616
2026-01-24T02:42:32.367467,2026-01-24,mistral,mistral-medium-latest,239,0,0.000645
2026-01-24T02:42:33.395106,2026-01-24,mistral,mistral-medium-latest,228,0,0.000616
2026-01-24T02:42:34.336772,2026-01-24,mistral,mistral-medium-latest,228,0,0.000616
2026-01-24T02:42:35.231304,2026-01-24,mistral,mistral-medium-latest,236,0,0.000637
2026-01-24T02:42:36.462535,2026-01-24,mistral,mistral-medium-latest,250,0,0.000675
2026-01-24T02:42:37.353700,2026-01-24,mistral,mistral-medium-latest,228,0,0.000616
2026-01-24T02:42:38.334266,2026-01-24,mistral,mistral-medium-latest,254,0,0.000686
2026-01-24T02:42:39.543943,2026-01-24,mistral,mistral-medium-latest,234,0,0.000632
2026-01-24T02:42:40.451104,2026-01-24,mistral,mistral-medium-latest,239,0,0.000645
2026-01-24T02:42:41.327637,2026-01-24,mistral,mistral-medium-latest,249,0,0.000672
2026-01-24T02:42:42.228087,2026-01-24,mistral,mistral-medium-latest,245,0,0.000661
2026-01-24T02:42:43.269001,2026-01-24,mistral,mistral-medium-latest,239,0,0.000645
2026-01-24T02:42:44.116732,2026-01-24,mistral,mistral-medium-latest,261,0,0.000705
2026-01-24T02:42:45.014623,2026-01-24,mistral,mistral-medium-latest,236,0,0.000637
2026-01-24T02:42:45.916392,2026-01-24,mistral,mistral-medium-latest,235,0,0.000634
2026-01-24T02:42:46.757833,2026-01-24,mistral,mistral-medium-latest,257,0,0.000694
2026-01-24T02:42:47.599744,2026-01-24,mistral,mistral-medium-latest,235,0,0.000634
2026-01-24T02:42:48.469729,2026-01-24,mistral,mistral-medium-latest,242,0,0.000653
2026-01-24T02:42:49.347034,2026-01-24,mistral,mistral-medium-latest,251,0,0.000678
2026-01-24T02:42:50.221967,2026-01-24,mistral,mistral-medium-latest,271,0,0.000732
2026-01-24T02:42:51.237344,2026-01-24,mistral,mistral-medium-latest,259,0,0.000699
2026-01-24T02:42:52.273764,2026-01-24,mistral,mistral-medium-latest,255,0,0.000689
2026-01-24T02:42:53.150267,2026-01-24,mistral,mistral-medium-latest,253,0,0.000683
2026-01-24T02:42:54.001255,2026-01-24,mistral,mistral-medium-latest,243,0,0.000656
2026-01-24T02:42:54.826654,2026-01-24,mistral,mistral-medium-latest,240,0,0.000648
2026-01-24T02:42:55.688683,2026-01-24,mistral,mistral-medium-latest,256,0,0.000691
2026-01-24T02:42:56.540822,2026-01-24,mistral,mistral-medium-latest,249,0,0.000672
2026-01-24T02:42:57.485093,2026-01-24,mistral,mistral-medium-latest,250,0,0.000675
2026-01-24T02:42:58.342499,2026-01-24,mistral,mistral-medium-latest,248,0,0.000670
2026-01-24T02:42:59.237615,2026-01-24,mistral,mistral-medium-latest,234,0,0.000632
2026-01-24T02:43:00.070637,2026-01-24,mistral,mistral-medium-latest,241,0,0.000651
2026-01-24T02:43:00.884991,2026-01-24,mistral,mistral-medium-latest,240,0,0.000648
2026-01-24T02:43:01.720091,2026-01-24,mistral,mistral-medium-latest,215,0,0.000581
2026-01-24T02:43:02.708362,2026-01-24,mistral,mistral-medium-latest,239,0,0.000645
2026-01-24T02:43:03.600708,2026-01-24,mistral,mistral-medium-latest,276,0,0.000745
2026-01-24T02:44:04.895037,2026-01-24,mistral,mistral-medium-latest,259,0,0.000699
2026-01-24T02:44:05.714054,2026-01-24,mistral,mistral-medium-latest,257,0,0.000694
2026-01-24T02:44:06.717605,2026-01-24,mistral,mistral-medium-latest,251,0,0.000678
2026-01-24T02:44:07.779209,2026-01-24,mistral,mistral-medium-latest,266,0,0.000718
2026-01-24T02:44:08.688852,2026-01-24,mistral,mistral-medium-latest,230,0,0.000621
2026-01-24T02:44:09.785636,2026-01-24,mistral,mistral-medium-latest,231,0,0.000624
2026-01-24T02:44:10.700812,2026-01-24,mistral,mistral-medium-latest,260,0,0.000702
2026-01-24T02:44:11.574564,2026-01-24,mistral,mistral-medium-latest,237,0,0.000640
2026-01-24T02:44:12.425990,2026-01-24,mistral,mistral-medium-latest,258,0,0.000697
2026-01-24T02:44:16.021555,2026-01-24,mistral,mistral-medium-latest,255,0,0.000689
2026-01-24T02:44:16.871444,2026-01-24,mistral,mistral-medium-latest,248,0,0.000670
2026-01-24T02:44:17.870277,2026-01-24,mistral,mistral-medium-latest,244,0,0.000659
2026-01-24T02:44:18.731507,2026-01-24,mistral,mistral-medium-latest,236,0,0.000637
2026-01-24T02:44:19.594183,2026-01-24,mistral,mistral-medium-latest,251,0,0.000678
2026-01-24T02:44:20.441982,2026-01-24,mistral,mistral-medium-latest,234,0,0.000632
2026-01-24T02:44:21.587989,2026-01-24,mistral,mistral-medium-latest,268,0,0.000724
2026-01-24T02:44:22.481389,2026-01-24,mistral,mistral-medium-latest,239,0,0.000645
2026-01-24T02:44:23.358552,2026-01-24,mistral,mistral-medium-latest,249,0,0.000672
2026-01-24T02:44:24.288264,2026-01-24,mistral,mistral-medium-latest,254,0,0.000686
2026-01-24T02:44:25.137480,2026-01-24,mistral,mistral-medium-latest,240,0,0.000648
2026-01-24T02:44:26.006645,2026-01-24,mistral,mistral-medium-latest,246,0,0.000664
2026-01-24T02:44:26.880163,2026-01-24,mistral,mistral-medium-latest,238,0,0.000643
2026-01-24T02:44:27.766744,2026-01-24,mistral,mistral-medium-latest,233,0,0.000629
2026-01-24T02:44:28.623566,2026-01-24,mistral,mistral-medium-latest,319,0,0.000861
2026-01-24T02:44:29.541029,2026-01-24,mistral,mistral-medium-latest,271,0,0.000732
2026-01-24T02:44:30.403201,2026-01-24,mistral,mistral-medium-latest,291,0,0.000786
2026-01-24T02:44:31.385324,2026-01-24,mistral,mistral-medium-latest,231,0,0.000624
2026-01-24T02:44:32.246799,2026-01-24,mistral,mistral-medium-latest,244,0,0.000659
2026-01-24T02:44:33.430017,2026-01-24,mistral,mistral-medium-latest,232,0,0.000626
2026-01-24T02:44:34.257255,2026-01-24,mistral,mistral-medium-latest,222,0,0.000599
2026-01-24T02:44:35.105103,2026-01-24,mistral,mistral-medium-latest,226,0,0.000610
2026-01-24T02:44:35.947752,2026-01-24,mistral,mistral-medium-latest,229,0,0.000618
2026-01-24T02:44:36.777073,2026-01-24,mistral,mistral-medium-latest,237,0,0.000640
2026-01-24T02:44:37.638614,2026-01-24,mistral,mistral-medium-latest,235,0,0.000634
2026-01-24T02:44:38.498918,2026-01-24,mistral,mistral-medium-latest,338,0,0.000913
2026-01-24T18:00:54.643179,2026-01-24,ollama,dolphin-llama3:8b,651,0,0.000000
2026-01-24T18:00:56.359443,2026-01-24,ollama,dolphin-llama3:8b,448,0,0.000000
2026-01-24T18:00:57.997401,2026-01-24,ollama,dolphin-llama3:8b,413,0,0.000000
2026-01-24T18:00:59.702809,2026-01-24,ollama,dolphin-llama3:8b,428,0,0.000000
2026-01-24T18:01:01.479225,2026-01-24,ollama,dolphin-llama3:8b,427,0,0.000000
2026-01-24T18:01:03.795473,2026-01-24,ollama,dolphin-llama3:8b,651,0,0.000000
2026-01-24T18:01:05.528331,2026-01-24,ollama,dolphin-llama3:8b,448,0,0.000000
2026-01-24T18:01:07.177000,2026-01-24,ollama,dolphin-llama3:8b,413,0,0.000000
2026-01-24T18:01:08.886182,2026-01-24,ollama,dolphin-llama3:8b,428,0,0.000000
2026-01-24T18:01:10.670896,2026-01-24,ollama,dolphin-llama3:8b,427,0,0.000000
2026-01-24T18:01:12.980640,2026-01-24,ollama,dolphin-llama3:8b,651,0,0.000000
2026-01-24T18:01:14.734654,2026-01-24,ollama,dolphin-llama3:8b,448,0,0.000000
2026-01-24T18:01:16.376288,2026-01-24,ollama,dolphin-llama3:8b,413,0,0.000000
2026-01-24T18:01:18.099583,2026-01-24,ollama,dolphin-llama3:8b,428,0,0.000000
2026-01-24T18:01:19.958776,2026-01-24,ollama,dolphin-llama3:8b,427,0,0.000000
2026-01-24T18:06:27.154059,2026-01-24,ollama,dolphin-llama3:8b,692,0,0.000000
2026-01-24T18:06:29.619965,2026-01-24,ollama,dolphin-llama3:8b,664,6,0.000000
2026-01-24T18:06:31.878158,2026-01-24,ollama,dolphin-llama3:8b,655,0,0.000000
2026-01-24T18:06:34.063628,2026-01-24,ollama,dolphin-llama3:8b,615,0,0.000000
2026-01-24T18:06:37.445464,2026-01-24,ollama,dolphin-llama3:8b,657,49,0.000000
2026-01-24T18:06:39.697192,2026-01-24,ollama,dolphin-llama3:8b,642,0,0.000000
2026-01-24T18:06:41.822951,2026-01-24,ollama,dolphin-llama3:8b,619,0,0.000000
2026-01-24T18:06:44.011687,2026-01-24,ollama,dolphin-llama3:8b,619,0,0.000000
2026-01-24T18:06:46.355083,2026-01-24,ollama,dolphin-llama3:8b,729,0,0.000000
2026-01-24T18:06:48.742279,2026-01-24,ollama,dolphin-llama3:8b,687,0,0.000000
2026-01-24T18:06:51.339476,2026-01-24,ollama,dolphin-llama3:8b,746,0,0.000000
2026-01-24T18:06:53.932367,2026-01-24,ollama,dolphin-llama3:8b,787,0,0.000000
2026-01-24T18:06:57.694773,2026-01-24,ollama,dolphin-llama3:8b,735,53,0.000000
2026-01-24T18:07:02.102064,2026-01-24,ollama,dolphin-llama3:8b,786,69,0.000000
2026-01-24T18:07:04.364207,2026-01-24,ollama,dolphin-llama3:8b,650,0,0.000000
2026-01-24T18:07:06.688082,2026-01-24,ollama,dolphin-llama3:8b,618,0,0.000000
2026-01-24T18:07:10.644138,2026-01-24,ollama,dolphin-llama3:8b,716,66,0.000000
2026-01-24T18:07:14.319133,2026-01-24,ollama,dolphin-llama3:8b,720,57,0.000000
2026-01-24T18:07:16.646090,2026-01-24,ollama,dolphin-llama3:8b,672,0,0.000000
2026-01-24T18:07:19.035526,2026-01-24,ollama,dolphin-llama3:8b,691,0,0.000000
2026-01-24T18:07:21.357789,2026-01-24,ollama,dolphin-llama3:8b,685,0,0.000000
2026-01-24T18:07:23.679032,2026-01-24,ollama,dolphin-llama3:8b,635,0,0.000000
2026-01-24T18:07:25.935399,2026-01-24,ollama,dolphin-llama3:8b,629,0,0.000000
2026-01-24T18:07:29.596522,2026-01-24,ollama,dolphin-llama3:8b,692,52,0.000000
2026-01-24T18:07:32.399919,2026-01-24,ollama,dolphin-llama3:8b,864,0,0.000000
2026-01-24T18:07:34.789368,2026-01-24,ollama,dolphin-llama3:8b,682,0,0.000000
2026-01-24T18:07:37.651561,2026-01-24,ollama,dolphin-llama3:8b,641,26,0.000000
2026-01-24T18:07:40.312802,2026-01-24,ollama,dolphin-llama3:8b,776,0,0.000000
2026-01-24T18:07:43.133986,2026-01-24,ollama,dolphin-llama3:8b,695,10,0.000000
2026-01-24T18:07:45.387347,2026-01-24,ollama,dolphin-llama3:8b,614,0,0.000000
2026-01-24T18:07:47.774824,2026-01-24,ollama,dolphin-llama3:8b,673,0,0.000000
2026-01-24T18:07:50.158366,2026-01-24,ollama,dolphin-llama3:8b,672,0,0.000000
2026-01-24T18:07:52.356432,2026-01-24,ollama,dolphin-llama3:8b,635,0,0.000000
2026-01-24T18:07:56.715206,2026-01-24,ollama,dolphin-llama3:8b,821,65,0.000000
2026-01-24T18:08:01.300038,2026-01-24,ollama,dolphin-llama3:8b,890,61,0.000000
2026-01-24T18:08:03.762629,2026-01-24,ollama,dolphin-llama3:8b,714,0,0.000000
2026-01-24T18:08:06.359592,2026-01-24,ollama,dolphin-llama3:8b,779,0,0.000000
2026-01-24T18:08:09.852889,2026-01-24,ollama,dolphin-llama3:8b,666,48,0.000000
2026-01-24T18:08:12.240443,2026-01-24,ollama,dolphin-llama3:8b,674,0,0.000000
2026-01-24T18:08:14.429904,2026-01-24,ollama,dolphin-llama3:8b,630,0,0.000000
2026-01-24T18:08:18.110959,2026-01-24,ollama,dolphin-llama3:8b,654,50,0.000000
2026-01-24T18:08:20.573545,2026-01-24,ollama,dolphin-llama3:8b,694,0,0.000000
2026-01-24T18:08:23.393333,2026-01-24,ollama,dolphin-llama3:8b,866,0,0.000000
2026-01-24T18:08:25.921974,2026-01-24,ollama,dolphin-llama3:8b,728,0,0.000000
2026-01-24T18:08:29.679678,2026-01-24,ollama,dolphin-llama3:8b,751,53,0.000000
2026-01-24T18:08:32.066346,2026-01-24,ollama,dolphin-llama3:8b,685,0,0.000000
2026-01-24T18:08:34.660455,2026-01-24,ollama,dolphin-llama3:8b,749,0,0.000000
2026-01-24T18:08:37.394295,2026-01-24,ollama,dolphin-llama3:8b,804,0,0.000000
2026-01-24T18:08:40.201169,2026-01-24,ollama,dolphin-llama3:8b,805,0,0.000000
2026-01-24T18:08:43.088304,2026-01-24,ollama,dolphin-llama3:8b,849,0,0.000000
2026-01-24T18:08:47.112210,2026-01-24,ollama,dolphin-llama3:8b,716,60,0.000000
2026-01-24T18:08:49.835256,2026-01-24,ollama,dolphin-llama3:8b,764,0,0.000000
2026-01-24T18:08:52.160126,2026-01-24,ollama,dolphin-llama3:8b,651,0,0.000000
2026-01-24T18:08:53.896197,2026-01-24,ollama,dolphin-llama3:8b,448,0,0.000000
2026-01-24T18:08:55.607598,2026-01-24,ollama,dolphin-llama3:8b,396,0,0.000000
2026-01-24T18:08:57.313195,2026-01-24,ollama,dolphin-llama3:8b,400,0,0.000000
2026-01-24T18:08:59.023149,2026-01-24,ollama,dolphin-llama3:8b,414,0,0.000000
2026-01-24T18:09:00.730348,2026-01-24,ollama,dolphin-llama3:8b,401,0,0.000000
2026-01-24T18:09:02.441841,2026-01-24,ollama,dolphin-llama3:8b,414,0,0.000000
2026-01-24T18:09:04.148752,2026-01-24,ollama,dolphin-llama3:8b,405,0,0.000000
2026-01-24T18:09:05.936286,2026-01-24,ollama,dolphin-llama3:8b,429,0,0.000000
2026-01-24T18:09:07.787901,2026-01-24,ollama,dolphin-llama3:8b,428,0,0.000000
2026-01-24T18:09:11.174567,2026-01-24,ollama,dolphin-llama3:8b,692,46,0.000000
2026-01-24T18:09:13.646473,2026-01-24,ollama,dolphin-llama3:8b,664,6,0.000000
2026-01-24T18:09:15.904347,2026-01-24,ollama,dolphin-llama3:8b,655,0,0.000000
2026-01-24T18:09:18.093123,2026-01-24,ollama,dolphin-llama3:8b,615,0,0.000000
2026-01-24T18:09:20.410547,2026-01-24,ollama,dolphin-llama3:8b,657,0,0.000000
2026-01-24T18:09:23.893299,2026-01-24,ollama,dolphin-llama3:8b,642,48,0.000000
2026-01-24T18:09:26.016383,2026-01-24,ollama,dolphin-llama3:8b,619,0,0.000000
2026-01-24T18:09:28.198458,2026-01-24,ollama,dolphin-llama3:8b,619,0,0.000000
2026-01-24T18:09:30.564298,2026-01-24,ollama,dolphin-llama3:8b,729,0,0.000000
2026-01-24T18:09:32.929360,2026-01-24,ollama,dolphin-llama3:8b,687,0,0.000000
2026-01-24T18:09:36.169982,2026-01-24,ollama,dolphin-llama3:8b,746,0,0.000000
2026-01-24T18:09:38.782187,2026-01-24,ollama,dolphin-llama3:8b,787,0,0.000000
2026-01-24T18:09:41.177054,2026-01-24,ollama,dolphin-llama3:8b,735,0,0.000000
2026-01-24T18:09:45.115706,2026-01-24,ollama,dolphin-llama3:8b,786,49,0.000000
2026-01-24T18:09:47.386362,2026-01-24,ollama,dolphin-llama3:8b,650,0,0.000000
2026-01-24T18:09:49.708702,2026-01-24,ollama,dolphin-llama3:8b,618,0,0.000000
2026-01-24T18:09:54.043669,2026-01-24,ollama,dolphin-llama3:8b,716,66,0.000000
2026-01-24T18:09:56.772394,2026-01-24,ollama,dolphin-llama3:8b,720,0,0.000000
2026-01-24T18:09:59.083593,2026-01-24,ollama,dolphin-llama3:8b,672,0,0.000000
2026-01-24T18:10:01.484447,2026-01-24,ollama,dolphin-llama3:8b,691,0,0.000000
2026-01-24T18:10:04.991452,2026-01-24,ollama,dolphin-llama3:8b,685,49,0.000000
2026-01-24T18:10:07.304401,2026-01-24,ollama,dolphin-llama3:8b,635,0,0.000000
2026-01-24T18:10:09.560327,2026-01-24,ollama,dolphin-llama3:8b,629,0,0.000000
2026-01-24T18:10:11.948910,2026-01-24,ollama,dolphin-llama3:8b,692,0,0.000000
2026-01-24T18:10:14.749490,2026-01-24,ollama,dolphin-llama3:8b,864,0,0.000000
2026-01-24T18:10:17.132878,2026-01-24,ollama,dolphin-llama3:8b,682,0,0.000000
2026-01-24T18:10:19.385788,2026-01-24,ollama,dolphin-llama3:8b,641,0,0.000000
2026-01-24T18:10:22.038853,2026-01-24,ollama,dolphin-llama3:8b,776,0,0.000000
2026-01-24T18:10:24.498955,2026-01-24,ollama,dolphin-llama3:8b,695,0,0.000000
2026-01-24T18:10:26.743305,2026-01-24,ollama,dolphin-llama3:8b,614,0,0.000000
2026-01-24T18:10:30.563273,2026-01-24,ollama,dolphin-llama3:8b,673,54,0.000000
2026-01-24T18:10:32.975088,2026-01-24,ollama,dolphin-llama3:8b,672,0,0.000000
2026-01-24T18:10:35.195208,2026-01-24,ollama,dolphin-llama3:8b,635,0,0.000000
2026-01-24T18:10:39.690002,2026-01-24,ollama,dolphin-llama3:8b,821,66,0.000000
2026-01-24T18:10:42.659428,2026-01-24,ollama,dolphin-llama3:8b,890,2,0.000000
2026-01-24T18:10:45.310995,2026-01-24,ollama,dolphin-llama3:8b,714,8,0.000000
2026-01-24T18:10:47.917942,2026-01-24,ollama,dolphin-llama3:8b,779,0,0.000000
2026-01-24T18:10:51.447448,2026-01-24,ollama,dolphin-llama3:8b,666,54,0.000000
2026-01-24T18:10:53.837104,2026-01-24,ollama,dolphin-llama3:8b,674,0,0.000000
2026-01-24T18:10:57.497293,2026-01-24,ollama,dolphin-llama3:8b,630,55,0.000000
2026-01-24T18:11:01.303846,2026-01-24,ollama,dolphin-llama3:8b,654,51,0.000000
2026-01-24T18:11:05.226096,2026-01-24,ollama,dolphin-llama3:8b,694,52,0.000000
2026-01-24T18:11:08.078233,2026-01-24,ollama,dolphin-llama3:8b,866,0,0.000000
2026-01-24T18:11:11.845311,2026-01-24,ollama,dolphin-llama3:8b,728,46,0.000000
2026-01-24T18:11:15.672984,2026-01-24,ollama,dolphin-llama3:8b,751,53,0.000000
2026-01-24T18:11:18.088200,2026-01-24,ollama,dolphin-llama3:8b,685,0,0.000000
2026-01-24T18:11:20.699363,2026-01-24,ollama,dolphin-llama3:8b,749,0,0.000000
2026-01-24T18:11:23.454753,2026-01-24,ollama,dolphin-llama3:8b,804,0,0.000000
2026-01-24T18:11:26.288872,2026-01-24,ollama,dolphin-llama3:8b,805,0,0.000000
2026-01-24T18:11:29.195627,2026-01-24,ollama,dolphin-llama3:8b,849,0,0.000000
2026-01-24T18:11:31.681189,2026-01-24,ollama,dolphin-llama3:8b,716,0,0.000000
2026-01-24T18:11:34.428503,2026-01-24,ollama,dolphin-llama3:8b,764,0,0.000000
2026-01-24T18:11:36.770772,2026-01-24,ollama,dolphin-llama3:8b,651,0,0.000000
2026-01-24T18:11:38.494553,2026-01-24,ollama,dolphin-llama3:8b,448,0,0.000000
2026-01-24T18:11:40.214980,2026-01-24,ollama,dolphin-llama3:8b,396,0,0.000000
2026-01-24T18:11:41.928469,2026-01-24,ollama,dolphin-llama3:8b,400,0,0.000000
2026-01-24T18:11:43.642337,2026-01-24,ollama,dolphin-llama3:8b,414,0,0.000000
2026-01-24T18:23:52.059532,2026-01-24,ollama,dolphin-llama3:8b,722,0,0.000000
2026-01-24T18:23:54.345776,2026-01-24,ollama,dolphin-llama3:8b,696,0,0.000000
2026-01-24T18:23:56.823847,2026-01-24,ollama,dolphin-llama3:8b,703,0,0.000000
2026-01-24T18:24:00.240686,2026-01-24,ollama,dolphin-llama3:8b,645,45,0.000000
2026-01-24T18:24:02.452958,2026-01-24,ollama,dolphin-llama3:8b,663,0,0.000000
2026-01-24T18:24:04.723552,2026-01-24,ollama,dolphin-llama3:8b,655,0,0.000000
2026-01-24T18:24:06.928267,2026-01-24,ollama,dolphin-llama3:8b,643,0,0.000000
2026-01-24T18:24:09.331391,2026-01-24,ollama,dolphin-llama3:8b,692,0,0.000000
2026-01-24T18:24:11.539528,2026-01-24,ollama,dolphin-llama3:8b,603,0,0.000000
2026-01-24T18:24:13.874253,2026-01-24,ollama,dolphin-llama3:8b,692,0,0.000000
2026-01-24T18:24:16.217030,2026-01-24,ollama,dolphin-llama3:8b,664,0,0.000000
2026-01-24T18:24:19.720023,2026-01-24,ollama,dolphin-llama3:8b,655,48,0.000000
2026-01-24T18:24:21.928571,2026-01-24,ollama,dolphin-llama3:8b,615,0,0.000000
2026-01-24T18:24:24.261314,2026-01-24,ollama,dolphin-llama3:8b,657,0,0.000000
2026-01-24T18:24:26.532668,2026-01-24,ollama,dolphin-llama3:8b,642,0,0.000000
2026-01-24T18:24:28.669071,2026-01-24,ollama,dolphin-llama3:8b,619,0,0.000000
2026-01-24T18:24:30.874137,2026-01-24,ollama,dolphin-llama3:8b,619,0,0.000000
2026-01-24T18:24:33.214195,2026-01-24,ollama,dolphin-llama3:8b,729,0,0.000000
2026-01-24T18:24:35.605897,2026-01-24,ollama,dolphin-llama3:8b,687,0,0.000000
2026-01-24T18:24:38.212680,2026-01-24,ollama,dolphin-llama3:8b,746,0,0.000000
2026-01-24T18:24:40.837167,2026-01-24,ollama,dolphin-llama3:8b,787,0,0.000000
2026-01-24T18:24:43.254966,2026-01-24,ollama,dolphin-llama3:8b,735,0,0.000000
2026-01-24T18:24:47.745696,2026-01-24,ollama,dolphin-llama3:8b,786,70,0.000000
2026-01-24T18:24:51.434563,2026-01-24,ollama,dolphin-llama3:8b,650,56,0.000000
2026-01-24T18:24:53.766136,2026-01-24,ollama,dolphin-llama3:8b,618,0,0.000000
2026-01-24T18:24:56.168166,2026-01-24,ollama,dolphin-llama3:8b,716,0,0.000000
2026-01-24T18:24:58.643479,2026-01-24,ollama,dolphin-llama3:8b,720,0,0.000000
2026-01-24T18:25:00.990006,2026-01-24,ollama,dolphin-llama3:8b,672,0,0.000000
2026-01-24T18:25:03.408547,2026-01-24,ollama,dolphin-llama3:8b,691,0,0.000000
2026-01-24T18:25:05.766221,2026-01-24,ollama,dolphin-llama3:8b,685,0,0.000000
2026-01-24T18:25:08.119126,2026-01-24,ollama,dolphin-llama3:8b,635,0,0.000000
2026-01-24T18:25:10.382259,2026-01-24,ollama,dolphin-llama3:8b,629,0,0.000000
2026-01-24T18:25:12.814113,2026-01-24,ollama,dolphin-llama3:8b,692,0,0.000000
2026-01-24T18:25:15.642763,2026-01-24,ollama,dolphin-llama3:8b,864,0,0.000000
2026-01-24T18:25:18.048382,2026-01-24,ollama,dolphin-llama3:8b,682,0,0.000000
2026-01-24T18:25:20.315889,2026-01-24,ollama,dolphin-llama3:8b,641,0,0.000000
2026-01-24T18:25:22.996694,2026-01-24,ollama,dolphin-llama3:8b,776,0,0.000000
2026-01-24T18:25:25.473960,2026-01-24,ollama,dolphin-llama3:8b,695,0,0.000000
2026-01-24T18:25:27.741329,2026-01-24,ollama,dolphin-llama3:8b,614,0,0.000000
2026-01-24T18:25:30.262320,2026-01-24,ollama,dolphin-llama3:8b,673,6,0.000000
2026-01-24T18:25:32.666795,2026-01-24,ollama,dolphin-llama3:8b,672,0,0.000000
2026-01-24T18:25:34.865557,2026-01-24,ollama,dolphin-llama3:8b,635,0,0.000000
2026-01-24T18:25:39.539230,2026-01-24,ollama,dolphin-llama3:8b,821,68,0.000000
2026-01-24T18:25:42.441513,2026-01-24,ollama,dolphin-llama3:8b,890,0,0.000000
2026-01-24T18:25:44.907873,2026-01-24,ollama,dolphin-llama3:8b,714,0,0.000000
2026-01-24T18:25:47.515367,2026-01-24,ollama,dolphin-llama3:8b,779,0,0.000000
2026-01-24T18:25:51.036883,2026-01-24,ollama,dolphin-llama3:8b,666,48,0.000000
2026-01-24T18:25:53.438332,2026-01-24,ollama,dolphin-llama3:8b,674,0,0.000000
2026-01-24T18:25:57.053545,2026-01-24,ollama,dolphin-llama3:8b,630,55,0.000000
2026-01-24T18:25:59.771395,2026-01-24,ollama,dolphin-llama3:8b,654,11,0.000000
2026-01-24T18:26:02.249619,2026-01-24,ollama,dolphin-llama3:8b,694,0,0.000000
2026-01-24T18:26:05.064005,2026-01-24,ollama,dolphin-llama3:8b,866,0,0.000000
2026-01-24T18:26:08.811207,2026-01-24,ollama,dolphin-llama3:8b,728,46,0.000000
2026-01-24T18:26:12.623507,2026-01-24,ollama,dolphin-llama3:8b,751,53,0.000000
2026-01-24T18:26:16.514979,2026-01-24,ollama,dolphin-llama3:8b,685,63,0.000000
2026-01-24T18:26:20.707279,2026-01-24,ollama,dolphin-llama3:8b,749,61,0.000000
2026-01-24T18:26:23.449286,2026-01-24,ollama,dolphin-llama3:8b,804,0,0.000000
2026-01-24T18:26:26.273071,2026-01-24,ollama,dolphin-llama3:8b,805,0,0.000000
2026-01-24T18:26:29.169831,2026-01-24,ollama,dolphin-llama3:8b,849,0,0.000000
2026-01-24T18:26:31.651366,2026-01-24,ollama,dolphin-llama3:8b,716,0,0.000000
2026-01-24T18:26:34.389863,2026-01-24,ollama,dolphin-llama3:8b,764,0,0.000000
2026-01-24T18:26:38.912355,2026-01-24,ollama,dolphin-llama3:8b,793,64,0.000000
2026-01-24T18:26:41.911957,2026-01-24,ollama,dolphin-llama3:8b,741,13,0.000000
2026-01-24T18:26:46.065462,2026-01-24,ollama,dolphin-llama3:8b,728,64,0.000000
2026-01-24T18:26:48.626126,2026-01-24,ollama,dolphin-llama3:8b,694,0,0.000000
2026-01-24T18:26:51.098887,2026-01-24,ollama,dolphin-llama3:8b,681,0,0.000000
2026-01-24T18:26:53.701239,2026-01-24,ollama,dolphin-llama3:8b,723,0,0.000000
2026-01-24T18:26:58.265795,2026-01-24,ollama,dolphin-llama3:8b,786,68,0.000000
2026-01-24T18:27:01.161203,2026-01-24,ollama,dolphin-llama3:8b,817,0,0.000000
2026-01-24T18:27:03.506760,2026-01-24,ollama,dolphin-llama3:8b,651,0,0.000000
2026-01-24T18:27:05.223258,2026-01-24,ollama,dolphin-llama3:8b,448,0,0.000000
2026-01-24T18:27:06.938008,2026-01-24,ollama,dolphin-llama3:8b,396,0,0.000000
2026-01-24T18:27:08.645315,2026-01-24,ollama,dolphin-llama3:8b,400,0,0.000000
2026-01-24T18:27:10.362561,2026-01-24,ollama,dolphin-llama3:8b,414,0,0.000000
2026-01-24T18:27:12.070702,2026-01-24,ollama,dolphin-llama3:8b,401,0,0.000000
2026-01-24T18:27:15.036051,2026-01-24,ollama,dolphin-llama3:8b,414,49,0.000000
2026-01-24T18:27:16.739453,2026-01-24,ollama,dolphin-llama3:8b,405,0,0.000000
2026-01-24T18:27:18.536378,2026-01-24,ollama,dolphin-llama3:8b,429,0,0.000000
2026-01-24T18:27:20.396657,2026-01-24,ollama,dolphin-llama3:8b,428,0,0.000000
2026-01-24T18:27:22.798474,2026-01-24,ollama,dolphin-llama3:8b,722,0,0.000000
2026-01-24T18:27:25.065977,2026-01-24,ollama,dolphin-llama3:8b,696,0,0.000000
2026-01-24T18:27:27.549999,2026-01-24,ollama,dolphin-llama3:8b,703,0,0.000000
2026-01-24T18:27:29.822577,2026-01-24,ollama,dolphin-llama3:8b,645,0,0.000000
2026-01-24T18:27:32.029729,2026-01-24,ollama,dolphin-llama3:8b,663,0,0.000000
2026-01-24T18:27:34.297789,2026-01-24,ollama,dolphin-llama3:8b,655,0,0.000000
2026-01-24T18:27:36.488054,2026-01-24,ollama,dolphin-llama3:8b,643,0,0.000000
2026-01-24T18:27:38.885484,2026-01-24,ollama,dolphin-llama3:8b,692,0,0.000000
2026-01-24T18:27:41.087694,2026-01-24,ollama,dolphin-llama3:8b,603,0,0.000000
2026-01-24T18:27:44.504366,2026-01-24,ollama,dolphin-llama3:8b,692,46,0.000000
2026-01-24T18:27:46.983498,2026-01-24,ollama,dolphin-llama3:8b,664,6,0.000000
2026-01-24T18:27:49.245394,2026-01-24,ollama,dolphin-llama3:8b,655,0,0.000000
2026-01-24T18:27:51.447111,2026-01-24,ollama,dolphin-llama3:8b,615,0,0.000000
2026-01-24T18:27:53.760435,2026-01-24,ollama,dolphin-llama3:8b,657,0,0.000000
2026-01-24T18:27:56.031793,2026-01-24,ollama,dolphin-llama3:8b,642,0,0.000000
2026-01-24T18:27:58.163862,2026-01-24,ollama,dolphin-llama3:8b,619,0,0.000000
2026-01-24T18:28:00.370116,2026-01-24,ollama,dolphin-llama3:8b,619,0,0.000000
2026-01-24T18:28:02.724972,2026-01-24,ollama,dolphin-llama3:8b,729,0,0.000000
2026-01-24T18:28:05.118651,2026-01-24,ollama,dolphin-llama3:8b,687,0,0.000000
2026-01-24T18:28:07.726519,2026-01-24,ollama,dolphin-llama3:8b,746,0,0.000000
2026-01-24T18:28:10.332883,2026-01-24,ollama,dolphin-llama3:8b,787,0,0.000000
2026-01-24T18:28:14.152213,2026-01-24,ollama,dolphin-llama3:8b,735,53,0.000000
2026-01-24T18:28:18.598922,2026-01-24,ollama,dolphin-llama3:8b,786,69,0.000000
2026-01-24T18:28:20.944048,2026-01-24,ollama,dolphin-llama3:8b,650,2,0.000000
2026-01-24T18:28:23.276731,2026-01-24,ollama,dolphin-llama3:8b,618,0,0.000000
2026-01-24T18:28:25.677416,2026-01-24,ollama,dolphin-llama3:8b,716,0,0.000000
2026-01-24T18:28:29.435913,2026-01-24,ollama,dolphin-llama3:8b,720,57,0.000000
2026-01-24T18:28:31.785791,2026-01-24,ollama,dolphin-llama3:8b,672,0,0.000000
2026-01-24T18:28:34.262378,2026-01-24,ollama,dolphin-llama3:8b,691,0,0.000000
2026-01-24T18:28:37.842572,2026-01-24,ollama,dolphin-llama3:8b,685,49,0.000000
2026-01-24T18:28:40.173966,2026-01-24,ollama,dolphin-llama3:8b,635,0,0.000000
2026-01-24T18:28:42.435805,2026-01-24,ollama,dolphin-llama3:8b,629,0,0.000000
2026-01-24T18:28:44.865576,2026-01-24,ollama,dolphin-llama3:8b,692,0,0.000000
2026-01-24T18:28:47.687544,2026-01-24,ollama,dolphin-llama3:8b,864,0,0.000000
2026-01-24T18:28:50.075716,2026-01-24,ollama,dolphin-llama3:8b,682,0,0.000000
2026-01-24T18:28:52.953773,2026-01-24,ollama,dolphin-llama3:8b,641,26,0.000000
2026-01-24T18:28:55.618702,2026-01-24,ollama,dolphin-llama3:8b,776,0,0.000000
2026-01-24T18:28:58.101723,2026-01-24,ollama,dolphin-llama3:8b,695,0,0.000000
2026-01-24T18:29:00.391281,2026-01-24,ollama,dolphin-llama3:8b,614,0,0.000000
2026-01-24T18:29:02.958060,2026-01-24,ollama,dolphin-llama3:8b,673,6,0.000000
2026-01-24T18:29:05.378331,2026-01-24,ollama,dolphin-llama3:8b,672,0,0.000000
2026-01-24T18:29:09.197992,2026-01-24,ollama,dolphin-llama3:8b,635,63,0.000000
2026-01-24T18:29:13.653571,2026-01-24,ollama,dolphin-llama3:8b,821,65,0.000000
2026-01-24T18:29:16.648678,2026-01-24,ollama,dolphin-llama3:8b,890,2,0.000000
2026-01-24T18:29:19.102711,2026-01-24,ollama,dolphin-llama3:8b,714,0,0.000000
2026-01-24T18:29:21.705129,2026-01-24,ollama,dolphin-llama3:8b,779,0,0.000000
2026-01-24T18:29:25.183495,2026-01-24,ollama,dolphin-llama3:8b,666,50,0.000000
2026-01-24T18:29:29.021214,2026-01-24,ollama,dolphin-llama3:8b,674,55,0.000000
2026-01-24T18:29:32.605523,2026-01-24,ollama,dolphin-llama3:8b,630,55,0.000000
2026-01-24T18:29:35.318986,2026-01-24,ollama,dolphin-llama3:8b,654,11,0.000000
2026-01-24T18:29:37.801109,2026-01-24,ollama,dolphin-llama3:8b,694,0,0.000000
2026-01-24T18:29:42.104152,2026-01-24,ollama,dolphin-llama3:8b,866,63,0.000000
2026-01-24T18:29:44.640262,2026-01-24,ollama,dolphin-llama3:8b,728,0,0.000000
2026-01-24T18:29:48.446175,2026-01-24,ollama,dolphin-llama3:8b,751,53,0.000000
2026-01-24T18:29:50.841315,2026-01-24,ollama,dolphin-llama3:8b,685,0,0.000000
2026-01-24T18:29:53.434996,2026-01-24,ollama,dolphin-llama3:8b,749,0,0.000000
2026-01-24T18:29:56.178689,2026-01-24,ollama,dolphin-llama3:8b,804,0,0.000000
2026-01-24T18:29:58.979637,2026-01-24,ollama,dolphin-llama3:8b,805,0,0.000000
2026-01-24T18:30:03.579765,2026-01-24,ollama,dolphin-llama3:8b,849,62,0.000000
2026-01-24T18:30:06.053190,2026-01-24,ollama,dolphin-llama3:8b,716,0,0.000000
2026-01-24T18:30:08.790938,2026-01-24,ollama,dolphin-llama3:8b,764,0,0.000000
2026-01-24T18:30:11.606730,2026-01-24,ollama,dolphin-llama3:8b,793,0,0.000000
2026-01-24T18:30:14.270137,2026-01-24,ollama,dolphin-llama3:8b,741,0,0.000000
2026-01-24T18:30:18.463310,2026-01-24,ollama,dolphin-llama3:8b,728,64,0.000000
2026-01-24T18:30:21.011879,2026-01-24,ollama,dolphin-llama3:8b,694,0,0.000000
2026-01-24T18:30:23.467760,2026-01-24,ollama,dolphin-llama3:8b,681,0,0.000000
2026-01-24T18:30:26.064379,2026-01-24,ollama,dolphin-llama3:8b,723,0,0.000000
2026-01-24T18:30:28.866643,2026-01-24,ollama,dolphin-llama3:8b,786,0,0.000000
2026-01-24T18:30:33.510578,2026-01-24,ollama,dolphin-llama3:8b,817,67,0.000000
2026-01-24T18:30:35.831235,2026-01-24,ollama,dolphin-llama3:8b,651,0,0.000000
2026-01-24T18:30:37.545612,2026-01-24,ollama,dolphin-llama3:8b,448,0,0.000000
2026-01-24T18:30:39.252306,2026-01-24,ollama,dolphin-llama3:8b,396,0,0.000000
2026-01-24T18:30:40.962852,2026-01-24,ollama,dolphin-llama3:8b,400,0,0.000000
2026-01-24T18:30:42.672356,2026-01-24,ollama,dolphin-llama3:8b,414,0,0.000000
2026-01-24T18:30:44.377646,2026-01-24,ollama,dolphin-llama3:8b,401,0,0.000000
2026-01-24T18:30:46.090797,2026-01-24,ollama,dolphin-llama3:8b,414,0,0.000000
2026-01-24T18:30:47.798132,2026-01-24,ollama,dolphin-llama3:8b,405,0,0.000000
2026-01-24T18:30:49.584474,2026-01-24,ollama,dolphin-llama3:8b,429,0,0.000000
2026-01-24T18:30:51.428930,2026-01-24,ollama,dolphin-llama3:8b,428,0,0.000000
2026-01-24T18:30:53.796550,2026-01-24,ollama,dolphin-llama3:8b,722,0,0.000000
2026-01-24T18:30:56.056521,2026-01-24,ollama,dolphin-llama3:8b,696,0,0.000000
2026-01-24T18:30:58.533691,2026-01-24,ollama,dolphin-llama3:8b,703,0,0.000000
2026-01-24T18:31:00.795305,2026-01-24,ollama,dolphin-llama3:8b,645,0,0.000000
2026-01-24T18:31:02.992072,2026-01-24,ollama,dolphin-llama3:8b,663,0,0.000000
2026-01-24T18:31:05.250115,2026-01-24,ollama,dolphin-llama3:8b,655,0,0.000000
2026-01-24T18:31:07.441214,2026-01-24,ollama,dolphin-llama3:8b,643,0,0.000000
2026-01-24T18:31:09.828356,2026-01-24,ollama,dolphin-llama3:8b,692,0,0.000000
2026-01-24T18:31:12.023963,2026-01-24,ollama,dolphin-llama3:8b,603,0,0.000000
2026-01-24T18:31:14.348046,2026-01-24,ollama,dolphin-llama3:8b,692,0,0.000000
2026-01-24T18:31:17.256651,2026-01-24,ollama,dolphin-llama3:8b,664,22,0.000000
2026-01-24T18:31:19.514773,2026-01-24,ollama,dolphin-llama3:8b,655,0,0.000000
2026-01-24T18:31:21.695075,2026-01-24,ollama,dolphin-llama3:8b,615,0,0.000000
2026-01-24T18:31:25.088483,2026-01-24,ollama,dolphin-llama3:8b,657,49,0.000000
2026-01-24T18:31:27.341920,2026-01-24,ollama,dolphin-llama3:8b,642,0,0.000000
2026-01-24T18:31:29.477420,2026-01-24,ollama,dolphin-llama3:8b,619,0,0.000000
2026-01-24T18:31:31.673063,2026-01-24,ollama,dolphin-llama3:8b,619,0,0.000000
2026-01-24T18:31:34.022791,2026-01-24,ollama,dolphin-llama3:8b,729,0,0.000000
2026-01-24T18:31:36.417392,2026-01-24,ollama,dolphin-llama3:8b,687,0,0.000000
2026-01-24T18:31:39.024453,2026-01-24,ollama,dolphin-llama3:8b,746,0,0.000000
2026-01-24T18:31:41.615375,2026-01-24,ollama,dolphin-llama3:8b,787,0,0.000000
2026-01-24T18:31:44.001999,2026-01-24,ollama,dolphin-llama3:8b,735,0,0.000000
2026-01-24T18:31:48.429150,2026-01-24,ollama,dolphin-llama3:8b,786,70,0.000000
2026-01-24T18:31:52.086718,2026-01-24,ollama,dolphin-llama3:8b,650,56,0.000000
2026-01-24T18:31:54.418522,2026-01-24,ollama,dolphin-llama3:8b,618,0,0.000000
2026-01-24T18:31:56.819581,2026-01-24,ollama,dolphin-llama3:8b,716,0,0.000000
2026-01-24T18:32:00.494642,2026-01-24,ollama,dolphin-llama3:8b,720,57,0.000000
2026-01-24T18:32:02.830586,2026-01-24,ollama,dolphin-llama3:8b,672,0,0.000000
2026-01-24T18:32:05.227526,2026-01-24,ollama,dolphin-llama3:8b,691,0,0.000000
2026-01-24T18:32:07.561420,2026-01-24,ollama,dolphin-llama3:8b,685,0,0.000000
2026-01-24T18:32:09.904354,2026-01-24,ollama,dolphin-llama3:8b,635,0,0.000000
2026-01-24T18:32:12.174501,2026-01-24,ollama,dolphin-llama3:8b,629,0,0.000000
2026-01-24T18:32:14.600768,2026-01-24,ollama,dolphin-llama3:8b,692,0,0.000000
2026-01-24T18:32:17.430267,2026-01-24,ollama,dolphin-llama3:8b,864,0,0.000000
2026-01-24T18:32:19.835389,2026-01-24,ollama,dolphin-llama3:8b,682,0,0.000000
2026-01-24T18:32:22.127924,2026-01-24,ollama,dolphin-llama3:8b,641,0,0.000000
2026-01-24T18:32:24.805940,2026-01-24,ollama,dolphin-llama3:8b,776,0,0.000000
2026-01-24T18:32:27.313374,2026-01-24,ollama,dolphin-llama3:8b,695,0,0.000000
2026-01-24T18:32:29.586180,2026-01-24,ollama,dolphin-llama3:8b,614,0,0.000000
2026-01-24T18:32:32.129963,2026-01-24,ollama,dolphin-llama3:8b,673,5,0.000000
2026-01-24T18:32:34.542566,2026-01-24,ollama,dolphin-llama3:8b,672,0,0.000000
2026-01-24T18:32:36.735733,2026-01-24,ollama,dolphin-llama3:8b,635,0,0.000000
2026-01-24T18:32:41.180306,2026-01-24,ollama,dolphin-llama3:8b,821,59,0.000000
2026-01-24T18:32:44.105787,2026-01-24,ollama,dolphin-llama3:8b,890,0,0.000000
2026-01-24T18:32:46.596062,2026-01-24,ollama,dolphin-llama3:8b,714,0,0.000000
2026-01-24T18:32:49.199628,2026-01-24,ollama,dolphin-llama3:8b,779,0,0.000000
2026-01-24T18:32:53.058299,2026-01-24,ollama,dolphin-llama3:8b,666,58,0.000000
2026-01-24T18:32:55.457762,2026-01-24,ollama,dolphin-llama3:8b,674,0,0.000000
2026-01-24T18:32:59.062611,2026-01-24,ollama,dolphin-llama3:8b,630,55,0.000000
2026-01-24T18:33:01.535700,2026-01-24,ollama,dolphin-llama3:8b,654,4,0.000000
2026-01-24T18:33:04.012006,2026-01-24,ollama,dolphin-llama3:8b,694,0,0.000000
2026-01-24T18:33:06.835854,2026-01-24,ollama,dolphin-llama3:8b,866,0,0.000000
2026-01-24T18:33:09.375746,2026-01-24,ollama,dolphin-llama3:8b,728,0,0.000000
2026-01-24T18:33:11.911193,2026-01-24,ollama,dolphin-llama3:8b,751,0,0.000000
2026-01-24T18:33:15.780418,2026-01-24,ollama,dolphin-llama3:8b,685,62,0.000000
2026-01-24T18:33:18.389712,2026-01-24,ollama,dolphin-llama3:8b,749,0,0.000000
2026-01-24T18:33:21.132731,2026-01-24,ollama,dolphin-llama3:8b,804,0,0.000000
2026-01-24T18:33:23.948451,2026-01-24,ollama,dolphin-llama3:8b,805,0,0.000000
2026-01-24T18:33:26.845878,2026-01-24,ollama,dolphin-llama3:8b,849,0,0.000000
2026-01-24T18:33:30.912640,2026-01-24,ollama,dolphin-llama3:8b,716,60,0.000000
2026-01-24T18:33:33.649002,2026-01-24,ollama,dolphin-llama3:8b,764,0,0.000000
2026-01-24T18:33:36.695237,2026-01-24,ollama,dolphin-llama3:8b,793,7,0.000000
2026-01-24T18:33:39.367394,2026-01-24,ollama,dolphin-llama3:8b,741,0,0.000000
2026-01-24T18:33:43.638890,2026-01-24,ollama,dolphin-llama3:8b,728,71,0.000000
2026-01-24T18:33:46.177524,2026-01-24,ollama,dolphin-llama3:8b,694,0,0.000000
2026-01-24T18:33:48.795945,2026-01-24,ollama,dolphin-llama3:8b,681,4,0.000000
2026-01-24T18:33:51.406043,2026-01-24,ollama,dolphin-llama3:8b,723,0,0.000000
2026-01-24T18:33:54.200089,2026-01-24,ollama,dolphin-llama3:8b,786,0,0.000000
2026-01-24T18:33:57.098374,2026-01-24,ollama,dolphin-llama3:8b,817,0,0.000000
2026-01-24T18:33:59.420695,2026-01-24,ollama,dolphin-llama3:8b,651,0,0.000000
2026-01-24T18:34:01.137259,2026-01-24,ollama,dolphin-llama3:8b,448,0,0.000000
2026-01-24T18:34:02.853126,2026-01-24,ollama,dolphin-llama3:8b,396,0,0.000000
2026-01-24T18:34:04.568874,2026-01-24,ollama,dolphin-llama3:8b,400,0,0.000000
2026-01-24T18:34:06.292286,2026-01-24,ollama,dolphin-llama3:8b,414,0,0.000000
2026-01-24T18:34:08.000608,2026-01-24,ollama,dolphin-llama3:8b,401,0,0.000000
2026-01-24T18:34:09.714645,2026-01-24,ollama,dolphin-llama3:8b,414,0,0.000000
2026-01-24T18:34:11.427459,2026-01-24,ollama,dolphin-llama3:8b,405,0,0.000000
2026-01-24T18:34:13.223811,2026-01-24,ollama,dolphin-llama3:8b,429,0,0.000000
2026-01-24T18:34:15.084341,2026-01-24,ollama,dolphin-llama3:8b,428,0,0.000000
2026-01-24T18:41:11.324700,2026-01-24,mistral,mistral-large-latest,722,0,0.001444
2026-01-24T18:41:12.266721,2026-01-24,mistral,mistral-large-latest,696,0,0.001392
2026-01-24T18:41:19.334095,2026-01-24,mistral,mistral-large-latest,703,189,0.002540
2026-01-24T18:41:20.300933,2026-01-24,mistral,mistral-large-latest,645,0,0.001290
2026-01-24T18:41:25.600466,2026-01-24,mistral,mistral-large-latest,663,190,0.002466
2026-01-24T18:41:26.594325,2026-01-24,mistral,mistral-large-latest,655,0,0.001310
2026-01-24T18:41:27.626221,2026-01-24,mistral,mistral-large-latest,643,0,0.001286
2026-01-24T18:41:28.537015,2026-01-24,mistral,mistral-large-latest,692,0,0.001384
2026-01-24T18:41:29.677533,2026-01-24,mistral,mistral-large-latest,603,0,0.001206
2026-01-24T18:41:30.697370,2026-01-24,mistral,mistral-large-latest,692,0,0.001384
2026-01-24T18:41:31.636503,2026-01-24,mistral,mistral-large-latest,664,0,0.001328
2026-01-24T18:41:32.591400,2026-01-24,mistral,mistral-large-latest,655,0,0.001310
2026-01-24T18:41:33.589730,2026-01-24,mistral,mistral-large-latest,615,0,0.001230
2026-01-24T18:41:34.550395,2026-01-24,mistral,mistral-large-latest,657,0,0.001314
2026-01-24T18:41:35.506918,2026-01-24,mistral,mistral-large-latest,642,0,0.001284
2026-01-24T18:41:36.452397,2026-01-24,mistral,mistral-large-latest,619,0,0.001238
2026-01-24T18:41:37.406378,2026-01-24,mistral,mistral-large-latest,619,0,0.001238
2026-01-24T18:41:38.365370,2026-01-24,mistral,mistral-large-latest,729,0,0.001458
2026-01-24T18:41:39.276113,2026-01-24,mistral,mistral-large-latest,687,0,0.001374
2026-01-24T18:41:40.242860,2026-01-24,mistral,mistral-large-latest,746,0,0.001492
2026-01-24T18:41:41.189329,2026-01-24,mistral,mistral-large-latest,787,0,0.001574
2026-01-24T18:41:42.334484,2026-01-24,mistral,mistral-large-latest,735,0,0.001470
2026-01-24T18:41:43.267991,2026-01-24,mistral,mistral-large-latest,786,0,0.001572
2026-01-24T18:41:44.226350,2026-01-24,mistral,mistral-large-latest,650,0,0.001300
2026-01-24T18:41:45.212410,2026-01-24,mistral,mistral-large-latest,618,0,0.001236
2026-01-24T18:41:46.396652,2026-01-24,mistral,mistral-large-latest,716,0,0.001432
2026-01-24T18:41:47.535957,2026-01-24,mistral,mistral-large-latest,720,0,0.001440
2026-01-24T18:41:48.483020,2026-01-24,mistral,mistral-large-latest,672,0,0.001344
2026-01-24T18:41:49.702531,2026-01-24,mistral,mistral-large-latest,691,0,0.001382
2026-01-24T18:41:57.111265,2026-01-24,mistral,mistral-large-latest,685,286,0.003086
2026-01-24T18:41:58.075647,2026-01-24,mistral,mistral-large-latest,635,0,0.001270
2026-01-24T18:41:59.008133,2026-01-24,mistral,mistral-large-latest,629,0,0.001258
2026-01-24T18:42:00.288333,2026-01-24,mistral,mistral-large-latest,692,0,0.001384
2026-01-24T18:42:01.258350,2026-01-24,mistral,mistral-large-latest,864,0,0.001728
2026-01-24T18:42:02.209498,2026-01-24,mistral,mistral-large-latest,682,0,0.001364
2026-01-24T18:42:03.190013,2026-01-24,mistral,mistral-large-latest,641,0,0.001282
2026-01-24T18:42:04.143214,2026-01-24,mistral,mistral-large-latest,776,0,0.001552
2026-01-24T18:42:05.104365,2026-01-24,mistral,mistral-large-latest,695,0,0.001390
2026-01-24T18:42:06.451350,2026-01-24,mistral,mistral-large-latest,614,0,0.001228
2026-01-24T18:42:07.562608,2026-01-24,mistral,mistral-large-latest,673,0,0.001346
2026-01-24T18:42:08.585553,2026-01-24,mistral,mistral-large-latest,672,0,0.001344
2026-01-24T18:42:09.517798,2026-01-24,mistral,mistral-large-latest,635,0,0.001270
2026-01-24T18:42:10.488671,2026-01-24,mistral,mistral-large-latest,821,0,0.001642
2026-01-24T18:42:11.473018,2026-01-24,mistral,mistral-large-latest,890,0,0.001780
2026-01-24T18:42:12.419972,2026-01-24,mistral,mistral-large-latest,714,0,0.001428
2026-01-24T18:42:13.382540,2026-01-24,mistral,mistral-large-latest,779,0,0.001558
2026-01-24T18:42:14.327861,2026-01-24,mistral,mistral-large-latest,666,0,0.001332
2026-01-24T18:42:15.344740,2026-01-24,mistral,mistral-large-latest,674,0,0.001348
2026-01-24T18:42:16.306620,2026-01-24,mistral,mistral-large-latest,630,0,0.001260
2026-01-24T18:42:17.280260,2026-01-24,mistral,mistral-large-latest,654,0,0.001308
2026-01-24T18:42:18.246714,2026-01-24,mistral,mistral-large-latest,694,0,0.001388
2026-01-24T18:42:19.203242,2026-01-24,mistral,mistral-large-latest,866,0,0.001732
2026-01-24T18:42:26.609399,2026-01-24,mistral,mistral-large-latest,728,287,0.003178
2026-01-24T18:42:27.553331,2026-01-24,mistral,mistral-large-latest,751,0,0.001502
2026-01-24T18:42:28.500662,2026-01-24,mistral,mistral-large-latest,685,0,0.001370
2026-01-24T18:42:29.661732,2026-01-24,mistral,mistral-large-latest,749,0,0.001498
2026-01-24T18:42:30.621193,2026-01-24,mistral,mistral-large-latest,804,0,0.001608
2026-01-24T18:42:31.933661,2026-01-24,mistral,mistral-large-latest,805,0,0.001610
2026-01-24T18:42:32.957124,2026-01-24,mistral,mistral-large-latest,849,0,0.001698
2026-01-24T18:42:33.980572,2026-01-24,mistral,mistral-large-latest,716,0,0.001432
2026-01-24T18:42:35.232526,2026-01-24,mistral,mistral-large-latest,764,0,0.001528
2026-01-24T18:42:43.760722,2026-01-24,mistral,mistral-large-latest,793,307,0.003428
2026-01-24T18:42:49.427551,2026-01-24,mistral,mistral-large-latest,741,201,0.002688
2026-01-24T18:42:53.325909,2026-01-24,mistral,mistral-large-latest,728,131,0.002242
2026-01-24T18:42:54.271850,2026-01-24,mistral,mistral-large-latest,694,0,0.001388
2026-01-24T18:42:55.415800,2026-01-24,mistral,mistral-large-latest,681,9,0.001416
2026-01-24T18:43:01.412355,2026-01-24,mistral,mistral-large-latest,723,208,0.002694
2026-01-24T18:43:02.596247,2026-01-24,mistral,mistral-large-latest,786,0,0.001572
2026-01-24T18:43:03.545584,2026-01-24,mistral,mistral-large-latest,817,0,0.001634
2026-01-24T18:43:04.485430,2026-01-24,mistral,mistral-large-latest,651,0,0.001302
2026-01-24T18:43:05.408413,2026-01-24,mistral,mistral-large-latest,448,0,0.000896
2026-01-24T18:43:06.302597,2026-01-24,mistral,mistral-large-latest,396,0,0.000792
2026-01-24T18:43:07.218497,2026-01-24,mistral,mistral-large-latest,400,0,0.000800
2026-01-24T18:43:08.090995,2026-01-24,mistral,mistral-large-latest,414,0,0.000828
2026-01-24T18:43:09.079565,2026-01-24,mistral,mistral-large-latest,401,0,0.000802
2026-01-24T18:43:10.028266,2026-01-24,mistral,mistral-large-latest,414,0,0.000828
2026-01-24T18:43:10.902229,2026-01-24,mistral,mistral-large-latest,405,0,0.000810
2026-01-24T18:43:11.835358,2026-01-24,mistral,mistral-large-latest,429,0,0.000858
2026-01-24T18:43:12.734410,2026-01-24,mistral,mistral-large-latest,428,0,0.000856
2026-01-24T18:43:15.555231,2026-01-24,mistral,mistral-large-latest,722,98,0.002032
2026-01-24T18:43:17.300519,2026-01-24,mistral,mistral-large-latest,696,42,0.001644
2026-01-24T18:43:20.675704,2026-01-24,mistral,mistral-large-latest,703,108,0.002054
2026-01-24T18:43:21.581702,2026-01-24,mistral,mistral-large-latest,645,0,0.001290
2026-01-24T18:43:29.349747,2026-01-24,mistral,mistral-large-latest,663,188,0.002454
2026-01-24T18:43:30.681293,2026-01-24,mistral,mistral-large-latest,655,0,0.001310
2026-01-24T18:43:31.624027,2026-01-24,mistral,mistral-large-latest,643,0,0.001286
2026-01-24T18:43:32.563909,2026-01-24,mistral,mistral-large-latest,692,0,0.001384
2026-01-24T18:43:39.182776,2026-01-24,mistral,mistral-large-latest,603,236,0.002622
2026-01-24T18:43:40.161468,2026-01-24,mistral,mistral-large-latest,692,0,0.001384
2026-01-24T18:43:41.120770,2026-01-24,mistral,mistral-large-latest,664,0,0.001328
2026-01-24T18:43:42.097046,2026-01-24,mistral,mistral-large-latest,655,0,0.001310
2026-01-24T18:43:44.699322,2026-01-24,mistral,mistral-large-latest,615,0,0.001230
2026-01-24T18:43:45.658476,2026-01-24,mistral,mistral-large-latest,657,0,0.001314
2026-01-24T18:43:46.686425,2026-01-24,mistral,mistral-large-latest,642,0,0.001284
2026-01-24T18:43:47.606505,2026-01-24,mistral,mistral-large-latest,619,0,0.001238
2026-01-24T18:43:48.597807,2026-01-24,mistral,mistral-large-latest,619,0,0.001238
2026-01-24T18:43:49.526534,2026-01-24,mistral,mistral-large-latest,729,0,0.001458
2026-01-24T18:43:50.452605,2026-01-24,mistral,mistral-large-latest,687,0,0.001374
2026-01-24T18:43:55.904396,2026-01-24,mistral,mistral-large-latest,746,205,0.002722
2026-01-24T18:43:56.847991,2026-01-24,mistral,mistral-large-latest,787,0,0.001574
2026-01-24T18:43:57.847980,2026-01-24,mistral,mistral-large-latest,735,0,0.001470
2026-01-24T18:44:00.060192,2026-01-24,mistral,mistral-large-latest,786,0,0.001572
2026-01-24T18:44:01.015838,2026-01-24,mistral,mistral-large-latest,650,0,0.001300
2026-01-24T18:44:01.951272,2026-01-24,mistral,mistral-large-latest,618,0,0.001236
2026-01-24T18:44:02.967932,2026-01-24,mistral,mistral-large-latest,716,0,0.001432
2026-01-24T18:44:03.885176,2026-01-24,mistral,mistral-large-latest,720,0,0.001440
2026-01-24T18:44:04.854671,2026-01-24,mistral,mistral-large-latest,672,0,0.001344
2026-01-24T18:44:05.805527,2026-01-24,mistral,mistral-large-latest,691,0,0.001382
2026-01-24T18:44:06.791413,2026-01-24,mistral,mistral-large-latest,685,0,0.001370
2026-01-24T18:44:07.779600,2026-01-24,mistral,mistral-large-latest,635,0,0.001270
2026-01-24T18:44:08.804357,2026-01-24,mistral,mistral-large-latest,629,0,0.001258
2026-01-24T18:44:09.933327,2026-01-24,mistral,mistral-large-latest,692,0,0.001384
2026-01-24T18:44:10.953550,2026-01-24,mistral,mistral-large-latest,864,0,0.001728
2026-01-24T18:44:11.880118,2026-01-24,mistral,mistral-large-latest,682,0,0.001364
2026-01-24T18:44:12.817995,2026-01-24,mistral,mistral-large-latest,641,0,0.001282
2026-01-24T18:44:13.765409,2026-01-24,mistral,mistral-large-latest,776,0,0.001552
2026-01-24T18:44:14.773712,2026-01-24,mistral,mistral-large-latest,695,0,0.001390
2026-01-24T18:44:16.610030,2026-01-24,mistral,mistral-large-latest,614,0,0.001228
2026-01-24T18:44:17.769447,2026-01-24,mistral,mistral-large-latest,673,0,0.001346
2026-01-24T18:44:18.841109,2026-01-24,mistral,mistral-large-latest,672,0,0.001344
2026-01-24T18:44:19.864722,2026-01-24,mistral,mistral-large-latest,635,0,0.001270
2026-01-24T18:44:20.775636,2026-01-24,mistral,mistral-large-latest,821,0,0.001642
2026-01-24T18:44:21.735830,2026-01-24,mistral,mistral-large-latest,890,0,0.001780
2026-01-24T18:44:22.714445,2026-01-24,mistral,mistral-large-latest,714,0,0.001428
2026-01-24T18:44:23.658482,2026-01-24,mistral,mistral-large-latest,779,0,0.001558
2026-01-24T18:44:24.674961,2026-01-24,mistral,mistral-large-latest,666,0,0.001332
2026-01-24T18:44:25.699935,2026-01-24,mistral,mistral-large-latest,674,0,0.001348
2026-01-24T18:44:26.724105,2026-01-24,mistral,mistral-large-latest,630,0,0.001260
2026-01-24T18:44:27.850522,2026-01-24,mistral,mistral-large-latest,654,0,0.001308
2026-01-24T18:44:29.084492,2026-01-24,mistral,mistral-large-latest,694,0,0.001388
2026-01-24T18:44:30.027658,2026-01-24,mistral,mistral-large-latest,866,0,0.001732
2026-01-24T18:44:30.900641,2026-01-24,mistral,mistral-large-latest,728,0,0.001456
2026-01-24T18:44:31.947097,2026-01-24,mistral,mistral-large-latest,751,0,0.001502
2026-01-24T18:44:32.969955,2026-01-24,mistral,mistral-large-latest,685,0,0.001370
2026-01-24T18:44:33.909015,2026-01-24,mistral,mistral-large-latest,749,0,0.001498
2026-01-24T18:44:35.052515,2026-01-24,mistral,mistral-large-latest,804,0,0.001608
2026-01-24T18:44:36.043165,2026-01-24,mistral,mistral-large-latest,805,0,0.001610
2026-01-24T18:44:37.066892,2026-01-24,mistral,mistral-large-latest,849,0,0.001698
2026-01-24T18:44:38.091560,2026-01-24,mistral,mistral-large-latest,716,0,0.001432
2026-01-24T18:44:39.115413,2026-01-24,mistral,mistral-large-latest,764,0,0.001528
2026-01-24T18:44:49.560794,2026-01-24,mistral,mistral-large-latest,793,391,0.003932
2026-01-24T18:44:54.140793,2026-01-24,mistral,mistral-large-latest,741,163,0.002460
2026-01-24T18:44:58.191237,2026-01-24,mistral,mistral-large-latest,728,147,0.002338
2026-01-24T18:44:59.143897,2026-01-24,mistral,mistral-large-latest,694,0,0.001388
2026-01-24T18:45:00.275901,2026-01-24,mistral,mistral-large-latest,681,9,0.001416
2026-01-24T18:45:01.401303,2026-01-24,mistral,mistral-large-latest,723,0,0.001446
2026-01-24T18:45:02.462246,2026-01-24,mistral,mistral-large-latest,786,0,0.001572
2026-01-24T18:45:03.604214,2026-01-24,mistral,mistral-large-latest,817,0,0.001634
2026-01-24T18:45:04.600278,2026-01-24,mistral,mistral-large-latest,651,0,0.001302
2026-01-24T18:45:05.529217,2026-01-24,mistral,mistral-large-latest,448,0,0.000896
2026-01-24T18:45:06.458454,2026-01-24,mistral,mistral-large-latest,396,0,0.000792
2026-01-24T18:45:07.344976,2026-01-24,mistral,mistral-large-latest,400,0,0.000800
2026-01-24T18:45:08.299493,2026-01-24,mistral,mistral-large-latest,414,0,0.000828
2026-01-24T18:45:10.101491,2026-01-24,mistral,mistral-large-latest,401,0,0.000802
2026-01-24T18:45:11.191244,2026-01-24,mistral,mistral-large-latest,414,0,0.000828
2026-01-24T18:45:12.101075,2026-01-24,mistral,mistral-large-latest,405,0,0.000810
2026-01-24T18:45:13.113523,2026-01-24,mistral,mistral-large-latest,429,0,0.000858
2026-01-24T18:45:14.021378,2026-01-24,mistral,mistral-large-latest,428,0,0.000856
2026-01-24T18:45:27.912759,2026-01-24,mistral,mistral-large-latest,722,445,0.004114
2026-01-24T18:45:31.543994,2026-01-24,mistral,mistral-large-latest,696,138,0.002220
2026-01-24T18:45:32.668940,2026-01-24,mistral,mistral-large-latest,703,0,0.001406
2026-01-24T18:45:33.693119,2026-01-24,mistral,mistral-large-latest,645,0,0.001290
2026-01-24T18:45:34.718392,2026-01-24,mistral,mistral-large-latest,663,0,0.001326
2026-01-24T18:45:39.530815,2026-01-24,mistral,mistral-large-latest,655,197,0.002492
2026-01-24T18:45:40.455210,2026-01-24,mistral,mistral-large-latest,643,0,0.001286
2026-01-24T18:45:44.701478,2026-01-24,mistral,mistral-large-latest,692,138,0.002212
2026-01-24T18:45:45.644648,2026-01-24,mistral,mistral-large-latest,603,0,0.001206
2026-01-24T18:45:46.619804,2026-01-24,mistral,mistral-large-latest,692,0,0.001384
2026-01-24T18:45:47.632011,2026-01-24,mistral,mistral-large-latest,664,0,0.001328
2026-01-24T18:45:48.646265,2026-01-24,mistral,mistral-large-latest,655,0,0.001310
2026-01-24T18:45:49.669365,2026-01-24,mistral,mistral-large-latest,615,0,0.001230
2026-01-24T18:45:50.694421,2026-01-24,mistral,mistral-large-latest,657,0,0.001314
2026-01-24T18:45:51.619772,2026-01-24,mistral,mistral-large-latest,642,0,0.001284
2026-01-24T18:45:52.739375,2026-01-24,mistral,mistral-large-latest,619,0,0.001238
2026-01-24T18:45:53.744812,2026-01-24,mistral,mistral-large-latest,619,0,0.001238
2026-01-24T18:45:59.641952,2026-01-24,mistral,mistral-large-latest,729,241,0.002904
2026-01-24T18:46:00.703781,2026-01-24,mistral,mistral-large-latest,687,0,0.001374
2026-01-24T18:46:01.918716,2026-01-24,mistral,mistral-large-latest,746,0,0.001492
2026-01-24T18:46:02.879530,2026-01-24,mistral,mistral-large-latest,787,0,0.001574
2026-01-24T18:46:03.903054,2026-01-24,mistral,mistral-large-latest,735,0,0.001470
2026-01-24T18:46:04.926830,2026-01-24,mistral,mistral-large-latest,786,0,0.001572
2026-01-24T18:46:05.926640,2026-01-24,mistral,mistral-large-latest,650,0,0.001300
2026-01-24T18:46:06.974855,2026-01-24,mistral,mistral-large-latest,618,0,0.001236
2026-01-24T18:46:07.877057,2026-01-24,mistral,mistral-large-latest,716,0,0.001432
2026-01-24T18:46:08.843669,2026-01-24,mistral,mistral-large-latest,720,0,0.001440
2026-01-24T18:46:09.845024,2026-01-24,mistral,mistral-large-latest,672,0,0.001344
2026-01-24T18:46:11.509493,2026-01-24,mistral,mistral-large-latest,691,0,0.001382
2026-01-24T18:46:12.747948,2026-01-24,mistral,mistral-large-latest,685,0,0.001370
2026-01-24T18:46:13.699210,2026-01-24,mistral,mistral-large-latest,635,0,0.001270
2026-01-24T18:46:14.758468,2026-01-24,mistral,mistral-large-latest,629,0,0.001258
2026-01-24T18:46:15.745532,2026-01-24,mistral,mistral-large-latest,692,0,0.001384
2026-01-24T18:46:16.805499,2026-01-24,mistral,mistral-large-latest,864,0,0.001728
2026-01-24T18:46:17.829578,2026-01-24,mistral,mistral-large-latest,682,0,0.001364
2026-01-24T18:46:18.853691,2026-01-24,mistral,mistral-large-latest,641,0,0.001282
2026-01-24T18:46:19.779667,2026-01-24,mistral,mistral-large-latest,776,0,0.001552
2026-01-24T18:46:20.820919,2026-01-24,mistral,mistral-large-latest,695,0,0.001390
2026-01-24T18:46:21.800129,2026-01-24,mistral,mistral-large-latest,614,0,0.001228
2026-01-24T18:46:22.776869,2026-01-24,mistral,mistral-large-latest,673,0,0.001346
2026-01-24T18:46:23.671268,2026-01-24,mistral,mistral-large-latest,672,0,0.001344
2026-01-24T18:46:24.656593,2026-01-24,mistral,mistral-large-latest,635,0,0.001270
2026-01-24T18:46:25.618969,2026-01-24,mistral,mistral-large-latest,821,0,0.001642
2026-01-24T18:46:27.667962,2026-01-24,mistral,mistral-large-latest,890,55,0.002110
2026-01-24T18:46:28.652513,2026-01-24,mistral,mistral-large-latest,714,0,0.001428
2026-01-24T18:46:29.606042,2026-01-24,mistral,mistral-large-latest,779,0,0.001558
2026-01-24T18:46:30.718802,2026-01-24,mistral,mistral-large-latest,666,0,0.001332
2026-01-24T18:46:31.668795,2026-01-24,mistral,mistral-large-latest,674,0,0.001348
2026-01-24T18:46:33.074472,2026-01-24,mistral,mistral-large-latest,630,0,0.001260
2026-01-24T18:46:34.432318,2026-01-24,mistral,mistral-large-latest,654,0,0.001308
2026-01-24T18:46:35.389667,2026-01-24,mistral,mistral-large-latest,694,0,0.001388
2026-01-24T18:46:36.311215,2026-01-24,mistral,mistral-large-latest,866,0,0.001732
2026-01-24T18:46:37.596039,2026-01-24,mistral,mistral-large-latest,728,0,0.001456
2026-01-24T18:46:38.616789,2026-01-24,mistral,mistral-large-latest,751,0,0.001502
2026-01-24T18:46:39.640859,2026-01-24,mistral,mistral-large-latest,685,0,0.001370
2026-01-24T18:46:40.866765,2026-01-24,mistral,mistral-large-latest,749,0,0.001498
2026-01-24T18:46:41.804722,2026-01-24,mistral,mistral-large-latest,804,0,0.001608
2026-01-24T18:46:43.019562,2026-01-24,mistral,mistral-large-latest,805,0,0.001610
2026-01-24T18:46:44.041621,2026-01-24,mistral,mistral-large-latest,849,0,0.001698
2026-01-24T18:46:44.979670,2026-01-24,mistral,mistral-large-latest,716,0,0.001432
2026-01-24T18:46:46.158123,2026-01-24,mistral,mistral-large-latest,764,0,0.001528
2026-01-24T18:46:54.901433,2026-01-24,mistral,mistral-large-latest,793,334,0.003590
2026-01-24T18:47:00.122277,2026-01-24,mistral,mistral-large-latest,741,174,0.002526
2026-01-24T18:47:06.060345,2026-01-24,mistral,mistral-large-latest,728,215,0.002746
2026-01-24T18:47:06.997902,2026-01-24,mistral,mistral-large-latest,694,0,0.001388
2026-01-24T18:47:08.005980,2026-01-24,mistral,mistral-large-latest,681,0,0.001362
2026-01-24T18:47:08.939188,2026-01-24,mistral,mistral-large-latest,723,0,0.001446
2026-01-24T18:47:09.956080,2026-01-24,mistral,mistral-large-latest,786,0,0.001572
2026-01-24T18:47:11.000887,2026-01-24,mistral,mistral-large-latest,817,0,0.001634
2026-01-24T18:47:16.657720,2026-01-24,mistral,mistral-large-latest,651,224,0.002646
2026-01-24T18:47:17.557513,2026-01-24,mistral,mistral-large-latest,448,0,0.000896
2026-01-24T18:47:18.451363,2026-01-24,mistral,mistral-large-latest,396,0,0.000792
2026-01-24T18:47:19.358713,2026-01-24,mistral,mistral-large-latest,400,0,0.000800
2026-01-24T18:47:20.256759,2026-01-24,mistral,mistral-large-latest,414,0,0.000828
2026-01-24T18:47:21.150306,2026-01-24,mistral,mistral-large-latest,401,0,0.000802
2026-01-24T18:47:22.137124,2026-01-24,mistral,mistral-large-latest,414,0,0.000828
2026-01-24T18:47:23.160929,2026-01-24,mistral,mistral-large-latest,405,0,0.000810
2026-01-24T18:47:24.064749,2026-01-24,mistral,mistral-large-latest,429,0,0.000858
2026-01-24T18:47:24.965365,2026-01-24,mistral,mistral-large-latest,428,0,0.000856
2026-01-26T07:49:48.231805,2026-01-26,ollama,dolphin-llama3:8b,479,0,0.000000
2026-01-26T07:49:50.069695,2026-01-26,ollama,dolphin-llama3:8b,504,0,0.000000
2026-01-26T07:49:52.251956,2026-01-26,ollama,dolphin-llama3:8b,572,0,0.000000
2026-01-26T07:49:54.205618,2026-01-26,ollama,dolphin-llama3:8b,495,0,0.000000
2026-01-26T07:49:56.163649,2026-01-26,ollama,dolphin-llama3:8b,537,0,0.000000
2026-01-26T07:49:58.188012,2026-01-26,ollama,dolphin-llama3:8b,586,0,0.000000
2026-01-26T07:50:00.282864,2026-01-26,ollama,dolphin-llama3:8b,602,0,0.000000
2026-01-26T07:50:02.447172,2026-01-26,ollama,dolphin-llama3:8b,611,0,0.000000
2026-01-26T07:50:04.613184,2026-01-26,ollama,dolphin-llama3:8b,586,0,0.000000
2026-01-26T07:50:06.771051,2026-01-26,ollama,dolphin-llama3:8b,606,0,0.000000
2026-01-26T07:50:08.936989,2026-01-26,ollama,dolphin-llama3:8b,598,0,0.000000
2026-01-26T07:50:11.163596,2026-01-26,ollama,dolphin-llama3:8b,645,0,0.000000
2026-01-26T07:50:13.388994,2026-01-26,ollama,dolphin-llama3:8b,616,0,0.000000
2026-01-26T07:50:15.683704,2026-01-26,ollama,dolphin-llama3:8b,661,0,0.000000
2026-01-26T07:50:18.038407,2026-01-26,ollama,dolphin-llama3:8b,663,0,0.000000
2026-01-26T07:50:20.280552,2026-01-26,ollama,dolphin-llama3:8b,655,0,0.000000
2026-01-26T07:50:22.569960,2026-01-26,ollama,dolphin-llama3:8b,658,0,0.000000
2026-01-26T07:50:24.813716,2026-01-26,ollama,dolphin-llama3:8b,652,0,0.000000
2026-01-26T07:50:27.109070,2026-01-26,ollama,dolphin-llama3:8b,644,0,0.000000
2026-01-26T07:50:29.540700,2026-01-26,ollama,dolphin-llama3:8b,638,0,0.000000
2026-01-26T07:50:31.702200,2026-01-26,ollama,dolphin-llama3:8b,602,0,0.000000
2026-01-26T07:50:35.557212,2026-01-26,ollama,dolphin-llama3:8b,642,76,0.000000
2026-01-26T07:50:37.921683,2026-01-26,ollama,dolphin-llama3:8b,668,0,0.000000
2026-01-26T07:50:41.563956,2026-01-26,ollama,dolphin-llama3:8b,660,56,0.000000
2026-01-26T07:50:43.997061,2026-01-26,ollama,dolphin-llama3:8b,663,0,0.000000
2026-01-26T07:50:46.220823,2026-01-26,ollama,dolphin-llama3:8b,647,0,0.000000
2026-01-26T07:50:48.241373,2026-01-26,ollama,dolphin-llama3:8b,564,0,0.000000
2026-01-26T07:50:50.271477,2026-01-26,ollama,dolphin-llama3:8b,553,0,0.000000
2026-01-26T07:50:52.298091,2026-01-26,ollama,dolphin-llama3:8b,528,0,0.000000
2026-01-26T07:50:54.328269,2026-01-26,ollama,dolphin-llama3:8b,559,0,0.000000
2026-01-26T07:50:56.420806,2026-01-26,ollama,dolphin-llama3:8b,564,0,0.000000
2026-01-26T07:50:58.451153,2026-01-26,ollama,dolphin-llama3:8b,548,0,0.000000
2026-01-26T07:51:01.716476,2026-01-26,ollama,dolphin-llama3:8b,524,52,0.000000
2026-01-26T07:51:03.747861,2026-01-26,ollama,dolphin-llama3:8b,551,0,0.000000
2026-01-26T07:51:05.839293,2026-01-26,ollama,dolphin-llama3:8b,565,0,0.000000
2026-01-26T07:51:07.868150,2026-01-26,ollama,dolphin-llama3:8b,532,0,0.000000
2026-01-26T07:51:10.111268,2026-01-26,ollama,dolphin-llama3:8b,603,0,0.000000
2026-01-26T07:51:12.756703,2026-01-26,ollama,dolphin-llama3:8b,622,10,0.000000
2026-01-26T07:51:14.922116,2026-01-26,ollama,dolphin-llama3:8b,584,0,0.000000
2026-01-26T07:51:19.139860,2026-01-26,ollama,dolphin-llama3:8b,583,78,0.000000
2026-01-26T07:51:21.308776,2026-01-26,ollama,dolphin-llama3:8b,577,0,0.000000
2026-01-26T07:51:23.469386,2026-01-26,ollama,dolphin-llama3:8b,610,0,0.000000
2026-01-26T07:51:25.766299,2026-01-26,ollama,dolphin-llama3:8b,648,0,0.000000
2026-01-26T07:51:27.929036,2026-01-26,ollama,dolphin-llama3:8b,603,0,0.000000
2026-01-26T07:51:30.286330,2026-01-26,ollama,dolphin-llama3:8b,666,0,0.000000
2026-01-26T07:51:32.783401,2026-01-26,ollama,dolphin-llama3:8b,716,0,0.000000
2026-01-26T07:51:35.505146,2026-01-26,ollama,dolphin-llama3:8b,640,16,0.000000
2026-01-26T07:51:37.940050,2026-01-26,ollama,dolphin-llama3:8b,689,0,0.000000
2026-01-26T07:51:42.080587,2026-01-26,ollama,dolphin-llama3:8b,681,71,0.000000
2026-01-26T07:51:46.584843,2026-01-26,ollama,dolphin-llama3:8b,735,75,0.000000
2026-01-26T07:51:49.271463,2026-01-26,ollama,dolphin-llama3:8b,731,0,0.000000
2026-01-26T07:51:51.857513,2026-01-26,ollama,dolphin-llama3:8b,729,0,0.000000
2026-01-26T07:51:53.975872,2026-01-26,ollama,dolphin-llama3:8b,584,0,0.000000
2026-01-26T07:51:57.694851,2026-01-26,ollama,dolphin-llama3:8b,583,71,0.000000
2026-01-26T07:51:59.807184,2026-01-26,ollama,dolphin-llama3:8b,596,0,0.000000
2026-01-26T07:52:01.978543,2026-01-26,ollama,dolphin-llama3:8b,593,0,0.000000
2026-01-26T07:52:04.216636,2026-01-26,ollama,dolphin-llama3:8b,616,0,0.000000
2026-01-26T07:52:06.528203,2026-01-26,ollama,dolphin-llama3:8b,620,0,0.000000
2026-01-26T07:52:08.929973,2026-01-26,ollama,dolphin-llama3:8b,635,0,0.000000
2026-01-26T07:52:11.169805,2026-01-26,ollama,dolphin-llama3:8b,612,0,0.000000
2026-01-26T07:52:13.682150,2026-01-26,ollama,dolphin-llama3:8b,702,0,0.000000
2026-01-26T07:52:16.133733,2026-01-26,ollama,dolphin-llama3:8b,653,0,0.000000
2026-01-26T07:52:19.070046,2026-01-26,ollama,dolphin-llama3:8b,692,14,0.000000
2026-01-26T07:52:23.848317,2026-01-26,ollama,dolphin-llama3:8b,718,96,0.000000
2026-01-26T07:52:26.620272,2026-01-26,ollama,dolphin-llama3:8b,769,0,0.000000
2026-01-26T07:52:29.442551,2026-01-26,ollama,dolphin-llama3:8b,737,8,0.000000
2026-01-26T07:52:32.082906,2026-01-26,ollama,dolphin-llama3:8b,723,0,0.000000
2026-01-26T07:52:37.222372,2026-01-26,ollama,dolphin-llama3:8b,768,107,0.000000
2026-01-26T07:52:40.210864,2026-01-26,ollama,dolphin-llama3:8b,861,0,0.000000
2026-01-26T07:52:42.719529,2026-01-26,ollama,dolphin-llama3:8b,694,0,0.000000
2026-01-26T07:52:43.821949,2026-01-26,ollama,dolphin-llama3:8b,202,0,0.000000
2026-01-26T07:52:45.122914,2026-01-26,ollama,dolphin-llama3:8b,293,0,0.000000
2026-01-26T07:52:46.499538,2026-01-26,ollama,dolphin-llama3:8b,300,0,0.000000
2026-01-26T07:52:47.873876,2026-01-26,ollama,dolphin-llama3:8b,315,0,0.000000
2026-01-26T07:52:49.381634,2026-01-26,ollama,dolphin-llama3:8b,391,0,0.000000
2026-01-26T07:52:50.886493,2026-01-26,ollama,dolphin-llama3:8b,380,0,0.000000
2026-01-26T07:52:52.324427,2026-01-26,ollama,dolphin-llama3:8b,353,0,0.000000
2026-01-26T07:52:54.171957,2026-01-26,ollama,dolphin-llama3:8b,479,0,0.000000
2026-01-26T07:52:56.018877,2026-01-26,ollama,dolphin-llama3:8b,504,0,0.000000
2026-01-26T07:52:58.190330,2026-01-26,ollama,dolphin-llama3:8b,572,0,0.000000
2026-01-26T07:53:00.165215,2026-01-26,ollama,dolphin-llama3:8b,495,0,0.000000
2026-01-26T07:53:02.131476,2026-01-26,ollama,dolphin-llama3:8b,537,0,0.000000
2026-01-26T07:53:04.172565,2026-01-26,ollama,dolphin-llama3:8b,586,0,0.000000
2026-01-26T07:53:06.278768,2026-01-26,ollama,dolphin-llama3:8b,602,0,0.000000
2026-01-26T07:53:08.451750,2026-01-26,ollama,dolphin-llama3:8b,611,0,0.000000
2026-01-26T07:53:10.626490,2026-01-26,ollama,dolphin-llama3:8b,586,0,0.000000
2026-01-26T07:53:12.801525,2026-01-26,ollama,dolphin-llama3:8b,606,0,0.000000
2026-01-26T07:53:16.786801,2026-01-26,ollama,dolphin-llama3:8b,598,75,0.000000
2026-01-26T07:53:19.026857,2026-01-26,ollama,dolphin-llama3:8b,645,0,0.000000
2026-01-26T07:53:21.266530,2026-01-26,ollama,dolphin-llama3:8b,616,0,0.000000
2026-01-26T07:53:23.575697,2026-01-26,ollama,dolphin-llama3:8b,661,0,0.000000
2026-01-26T07:53:25.944002,2026-01-26,ollama,dolphin-llama3:8b,663,0,0.000000
2026-01-26T07:53:28.183302,2026-01-26,ollama,dolphin-llama3:8b,655,0,0.000000
2026-01-26T07:53:30.492072,2026-01-26,ollama,dolphin-llama3:8b,658,0,0.000000
2026-01-26T07:53:32.754002,2026-01-26,ollama,dolphin-llama3:8b,652,0,0.000000
2026-01-26T07:53:35.069171,2026-01-26,ollama,dolphin-llama3:8b,644,0,0.000000
2026-01-26T07:53:37.508285,2026-01-26,ollama,dolphin-llama3:8b,638,0,0.000000
2026-01-26T07:53:39.685715,2026-01-26,ollama,dolphin-llama3:8b,602,0,0.000000
2026-01-26T07:53:41.890031,2026-01-26,ollama,dolphin-llama3:8b,642,0,0.000000
2026-01-26T07:53:44.255879,2026-01-26,ollama,dolphin-llama3:8b,668,0,0.000000
2026-01-26T07:53:46.630253,2026-01-26,ollama,dolphin-llama3:8b,660,2,0.000000
2026-01-26T07:53:51.276205,2026-01-26,ollama,dolphin-llama3:8b,663,87,0.000000
2026-01-26T07:53:53.521410,2026-01-26,ollama,dolphin-llama3:8b,647,0,0.000000
2026-01-26T07:53:55.558327,2026-01-26,ollama,dolphin-llama3:8b,564,0,0.000000
2026-01-26T07:53:57.594643,2026-01-26,ollama,dolphin-llama3:8b,553,0,0.000000
2026-01-26T07:53:59.655735,2026-01-26,ollama,dolphin-llama3:8b,528,0,0.000000
2026-01-26T07:54:01.706975,2026-01-26,ollama,dolphin-llama3:8b,559,0,0.000000
2026-01-26T07:54:03.819390,2026-01-26,ollama,dolphin-llama3:8b,564,0,0.000000
2026-01-26T07:54:05.856443,2026-01-26,ollama,dolphin-llama3:8b,548,0,0.000000
2026-01-26T07:54:07.910371,2026-01-26,ollama,dolphin-llama3:8b,524,0,0.000000
2026-01-26T07:54:09.965427,2026-01-26,ollama,dolphin-llama3:8b,551,0,0.000000
2026-01-26T07:54:12.081877,2026-01-26,ollama,dolphin-llama3:8b,565,0,0.000000
2026-01-26T07:54:14.119177,2026-01-26,ollama,dolphin-llama3:8b,532,0,0.000000
2026-01-26T07:54:16.362091,2026-01-26,ollama,dolphin-llama3:8b,603,0,0.000000
2026-01-26T07:54:18.692417,2026-01-26,ollama,dolphin-llama3:8b,622,0,0.000000
2026-01-26T07:54:20.863741,2026-01-26,ollama,dolphin-llama3:8b,584,0,0.000000
2026-01-26T07:54:25.073228,2026-01-26,ollama,dolphin-llama3:8b,583,78,0.000000
2026-01-26T07:54:27.246488,2026-01-26,ollama,dolphin-llama3:8b,577,0,0.000000
2026-01-26T07:54:29.422172,2026-01-26,ollama,dolphin-llama3:8b,610,0,0.000000
2026-01-26T07:54:33.763785,2026-01-26,ollama,dolphin-llama3:8b,648,78,0.000000
2026-01-26T07:54:35.943521,2026-01-26,ollama,dolphin-llama3:8b,603,0,0.000000
2026-01-26T07:54:38.311402,2026-01-26,ollama,dolphin-llama3:8b,666,0,0.000000
2026-01-26T07:54:40.824967,2026-01-26,ollama,dolphin-llama3:8b,716,0,0.000000
2026-01-26T07:54:43.556719,2026-01-26,ollama,dolphin-llama3:8b,640,16,0.000000
2026-01-26T07:54:46.001647,2026-01-26,ollama,dolphin-llama3:8b,689,0,0.000000
2026-01-26T07:54:50.137357,2026-01-26,ollama,dolphin-llama3:8b,681,71,0.000000
2026-01-26T07:54:53.082264,2026-01-26,ollama,dolphin-llama3:8b,735,11,0.000000
2026-01-26T07:54:55.722730,2026-01-26,ollama,dolphin-llama3:8b,731,0,0.000000
2026-01-26T07:55:00.126086,2026-01-26,ollama,dolphin-llama3:8b,729,87,0.000000
2026-01-26T07:55:02.238266,2026-01-26,ollama,dolphin-llama3:8b,584,0,0.000000
2026-01-26T07:55:05.980217,2026-01-26,ollama,dolphin-llama3:8b,583,72,0.000000
2026-01-26T07:55:08.085439,2026-01-26,ollama,dolphin-llama3:8b,596,0,0.000000
2026-01-26T07:55:10.263975,2026-01-26,ollama,dolphin-llama3:8b,593,0,0.000000
2026-01-26T07:55:12.509657,2026-01-26,ollama,dolphin-llama3:8b,616,0,0.000000
2026-01-26T07:55:14.812927,2026-01-26,ollama,dolphin-llama3:8b,620,0,0.000000
2026-01-26T07:55:17.124815,2026-01-26,ollama,dolphin-llama3:8b,635,0,0.000000
2026-01-26T07:55:19.363946,2026-01-26,ollama,dolphin-llama3:8b,612,0,0.000000
2026-01-26T07:55:21.877123,2026-01-26,ollama,dolphin-llama3:8b,702,0,0.000000
2026-01-26T07:55:24.330127,2026-01-26,ollama,dolphin-llama3:8b,653,0,0.000000
2026-01-26T07:55:29.645604,2026-01-26,ollama,dolphin-llama3:8b,692,94,0.000000
2026-01-26T07:55:34.508458,2026-01-26,ollama,dolphin-llama3:8b,718,97,0.000000
2026-01-26T07:55:39.786779,2026-01-26,ollama,dolphin-llama3:8b,769,99,0.000000
2026-01-26T07:55:42.613601,2026-01-26,ollama,dolphin-llama3:8b,737,8,0.000000
2026-01-26T07:55:45.254118,2026-01-26,ollama,dolphin-llama3:8b,723,0,0.000000
2026-01-26T07:55:47.905188,2026-01-26,ollama,dolphin-llama3:8b,768,0,0.000000
2026-01-26T07:55:50.901098,2026-01-26,ollama,dolphin-llama3:8b,861,0,0.000000
2026-01-26T07:55:53.410791,2026-01-26,ollama,dolphin-llama3:8b,694,0,0.000000
2026-01-26T07:55:54.516175,2026-01-26,ollama,dolphin-llama3:8b,202,0,0.000000
2026-01-26T07:55:55.817090,2026-01-26,ollama,dolphin-llama3:8b,293,0,0.000000
2026-01-26T07:55:57.189485,2026-01-26,ollama,dolphin-llama3:8b,300,0,0.000000
2026-01-26T07:55:58.564232,2026-01-26,ollama,dolphin-llama3:8b,315,0,0.000000
2026-01-26T07:56:00.070424,2026-01-26,ollama,dolphin-llama3:8b,391,0,0.000000
2026-01-26T07:56:01.570319,2026-01-26,ollama,dolphin-llama3:8b,380,0,0.000000
2026-01-26T07:56:02.999045,2026-01-26,ollama,dolphin-llama3:8b,353,0,0.000000
2026-01-26T07:56:04.843232,2026-01-26,ollama,dolphin-llama3:8b,479,0,0.000000
2026-01-26T07:56:06.685743,2026-01-26,ollama,dolphin-llama3:8b,504,0,0.000000
2026-01-26T07:56:08.857162,2026-01-26,ollama,dolphin-llama3:8b,572,0,0.000000
2026-01-26T07:56:10.829678,2026-01-26,ollama,dolphin-llama3:8b,495,0,0.000000
2026-01-26T07:56:12.817374,2026-01-26,ollama,dolphin-llama3:8b,537,0,0.000000
2026-01-26T07:56:14.853384,2026-01-26,ollama,dolphin-llama3:8b,586,0,0.000000
2026-01-26T07:56:16.965494,2026-01-26,ollama,dolphin-llama3:8b,602,0,0.000000
2026-01-26T07:56:19.143189,2026-01-26,ollama,dolphin-llama3:8b,611,0,0.000000
2026-01-26T07:56:21.325288,2026-01-26,ollama,dolphin-llama3:8b,586,0,0.000000
2026-01-26T07:56:23.501008,2026-01-26,ollama,dolphin-llama3:8b,606,0,0.000000
2026-01-26T07:56:27.481902,2026-01-26,ollama,dolphin-llama3:8b,598,75,0.000000
2026-01-26T07:56:29.723716,2026-01-26,ollama,dolphin-llama3:8b,645,0,0.000000
2026-01-26T07:56:31.964799,2026-01-26,ollama,dolphin-llama3:8b,616,0,0.000000
2026-01-26T07:56:34.275308,2026-01-26,ollama,dolphin-llama3:8b,661,0,0.000000
2026-01-26T07:56:36.643763,2026-01-26,ollama,dolphin-llama3:8b,663,0,0.000000
2026-01-26T07:56:38.888706,2026-01-26,ollama,dolphin-llama3:8b,655,0,0.000000
2026-01-26T07:56:41.197621,2026-01-26,ollama,dolphin-llama3:8b,658,0,0.000000
2026-01-26T07:56:43.461227,2026-01-26,ollama,dolphin-llama3:8b,652,0,0.000000
2026-01-26T07:56:45.775568,2026-01-26,ollama,dolphin-llama3:8b,644,0,0.000000
2026-01-26T07:56:48.216004,2026-01-26,ollama,dolphin-llama3:8b,638,0,0.000000
2026-01-26T07:56:50.391569,2026-01-26,ollama,dolphin-llama3:8b,602,0,0.000000
2026-01-26T07:56:52.568665,2026-01-26,ollama,dolphin-llama3:8b,642,0,0.000000
2026-01-26T07:56:54.965896,2026-01-26,ollama,dolphin-llama3:8b,668,0,0.000000
2026-01-26T07:56:58.616123,2026-01-26,ollama,dolphin-llama3:8b,660,56,0.000000
2026-01-26T07:57:01.139667,2026-01-26,ollama,dolphin-llama3:8b,663,3,0.000000
2026-01-26T07:57:03.381704,2026-01-26,ollama,dolphin-llama3:8b,647,0,0.000000
2026-01-26T07:57:05.423685,2026-01-26,ollama,dolphin-llama3:8b,564,0,0.000000
2026-01-26T07:57:07.456732,2026-01-26,ollama,dolphin-llama3:8b,553,0,0.000000
2026-01-26T07:57:09.490202,2026-01-26,ollama,dolphin-llama3:8b,528,0,0.000000
2026-01-26T07:57:11.524856,2026-01-26,ollama,dolphin-llama3:8b,559,0,0.000000
2026-01-26T07:57:13.632880,2026-01-26,ollama,dolphin-llama3:8b,564,0,0.000000
2026-01-26T07:57:15.666589,2026-01-26,ollama,dolphin-llama3:8b,548,0,0.000000
2026-01-26T07:57:17.728289,2026-01-26,ollama,dolphin-llama3:8b,524,0,0.000000
2026-01-26T07:57:19.763792,2026-01-26,ollama,dolphin-llama3:8b,551,0,0.000000
2026-01-26T07:57:21.880642,2026-01-26,ollama,dolphin-llama3:8b,565,0,0.000000
2026-01-26T07:57:23.936902,2026-01-26,ollama,dolphin-llama3:8b,532,0,0.000000
2026-01-26T07:57:26.177210,2026-01-26,ollama,dolphin-llama3:8b,603,0,0.000000
2026-01-26T07:57:28.487678,2026-01-26,ollama,dolphin-llama3:8b,622,0,0.000000
2026-01-26T07:57:30.662593,2026-01-26,ollama,dolphin-llama3:8b,584,0,0.000000
2026-01-26T07:57:34.393765,2026-01-26,ollama,dolphin-llama3:8b,583,59,0.000000
2026-01-26T07:57:36.562310,2026-01-26,ollama,dolphin-llama3:8b,577,0,0.000000
2026-01-26T07:57:38.736457,2026-01-26,ollama,dolphin-llama3:8b,610,0,0.000000
2026-01-26T07:57:42.550256,2026-01-26,ollama,dolphin-llama3:8b,648,59,0.000000
2026-01-26T07:57:44.729928,2026-01-26,ollama,dolphin-llama3:8b,603,0,0.000000
2026-01-26T07:57:47.105843,2026-01-26,ollama,dolphin-llama3:8b,666,0,0.000000
2026-01-26T07:57:49.619709,2026-01-26,ollama,dolphin-llama3:8b,716,0,0.000000
2026-01-26T07:57:53.531877,2026-01-26,ollama,dolphin-llama3:8b,640,66,0.000000
2026-01-26T07:57:55.978953,2026-01-26,ollama,dolphin-llama3:8b,689,0,0.000000
2026-01-26T07:58:00.125891,2026-01-26,ollama,dolphin-llama3:8b,681,71,0.000000
2026-01-26T07:58:02.951613,2026-01-26,ollama,dolphin-llama3:8b,735,8,0.000000
2026-01-26T07:58:05.591363,2026-01-26,ollama,dolphin-llama3:8b,731,0,0.000000
2026-01-26T07:58:08.030921,2026-01-26,ollama,dolphin-llama3:8b,729,0,0.000000
2026-01-26T07:58:10.147620,2026-01-26,ollama,dolphin-llama3:8b,584,0,0.000000
2026-01-26T07:58:12.261867,2026-01-26,ollama,dolphin-llama3:8b,583,0,0.000000
2026-01-26T07:58:14.377127,2026-01-26,ollama,dolphin-llama3:8b,596,0,0.000000
2026-01-26T07:58:16.550167,2026-01-26,ollama,dolphin-llama3:8b,593,0,0.000000
2026-01-26T07:58:18.787239,2026-01-26,ollama,dolphin-llama3:8b,616,0,0.000000
2026-01-26T07:58:21.091428,2026-01-26,ollama,dolphin-llama3:8b,620,0,0.000000
2026-01-26T07:58:23.403116,2026-01-26,ollama,dolphin-llama3:8b,635,0,0.000000
2026-01-26T07:58:25.642796,2026-01-26,ollama,dolphin-llama3:8b,612,0,0.000000
2026-01-26T07:58:28.154279,2026-01-26,ollama,dolphin-llama3:8b,702,0,0.000000
2026-01-26T07:58:32.922155,2026-01-26,ollama,dolphin-llama3:8b,653,86,0.000000
2026-01-26T07:58:38.242622,2026-01-26,ollama,dolphin-llama3:8b,692,104,0.000000
2026-01-26T07:58:40.759504,2026-01-26,ollama,dolphin-llama3:8b,718,0,0.000000
2026-01-26T07:58:43.580043,2026-01-26,ollama,dolphin-llama3:8b,769,0,0.000000
2026-01-26T07:58:48.899789,2026-01-26,ollama,dolphin-llama3:8b,737,100,0.000000
2026-01-26T07:58:51.539350,2026-01-26,ollama,dolphin-llama3:8b,723,0,0.000000
2026-01-26T07:58:54.187057,2026-01-26,ollama,dolphin-llama3:8b,768,0,0.000000
2026-01-26T07:58:57.188828,2026-01-26,ollama,dolphin-llama3:8b,861,0,0.000000
2026-01-26T07:58:59.700905,2026-01-26,ollama,dolphin-llama3:8b,694,0,0.000000
2026-01-26T07:59:00.803450,2026-01-26,ollama,dolphin-llama3:8b,202,0,0.000000
2026-01-26T07:59:02.110354,2026-01-26,ollama,dolphin-llama3:8b,293,0,0.000000
2026-01-26T07:59:03.481043,2026-01-26,ollama,dolphin-llama3:8b,300,0,0.000000
2026-01-26T07:59:04.854860,2026-01-26,ollama,dolphin-llama3:8b,315,0,0.000000
2026-01-26T07:59:06.360799,2026-01-26,ollama,dolphin-llama3:8b,391,0,0.000000
2026-01-26T07:59:07.866428,2026-01-26,ollama,dolphin-llama3:8b,380,0,0.000000
2026-01-26T07:59:09.304497,2026-01-26,ollama,dolphin-llama3:8b,353,0,0.000000
2026-01-26T08:26:11.208569,2026-01-26,ollama,dolphin-llama3:8b,479,0,0.000000
2026-01-26T08:26:13.048077,2026-01-26,ollama,dolphin-llama3:8b,504,0,0.000000
2026-01-26T08:26:15.231851,2026-01-26,ollama,dolphin-llama3:8b,572,0,0.000000
2026-01-26T08:26:17.190940,2026-01-26,ollama,dolphin-llama3:8b,495,0,0.000000
2026-01-26T08:26:19.134435,2026-01-26,ollama,dolphin-llama3:8b,537,0,0.000000
2026-01-26T08:26:21.165420,2026-01-26,ollama,dolphin-llama3:8b,586,0,0.000000
2026-01-26T08:26:23.271245,2026-01-26,ollama,dolphin-llama3:8b,602,0,0.000000
2026-01-26T08:26:25.438938,2026-01-26,ollama,dolphin-llama3:8b,611,0,0.000000
2026-01-26T08:26:27.605016,2026-01-26,ollama,dolphin-llama3:8b,586,0,0.000000
2026-01-26T08:26:29.770133,2026-01-26,ollama,dolphin-llama3:8b,606,0,0.000000
2026-01-26T08:26:31.937322,2026-01-26,ollama,dolphin-llama3:8b,598,0,0.000000
2026-01-26T08:26:34.170850,2026-01-26,ollama,dolphin-llama3:8b,645,0,0.000000
2026-01-26T08:26:36.401778,2026-01-26,ollama,dolphin-llama3:8b,616,0,0.000000
2026-01-26T08:26:38.715361,2026-01-26,ollama,dolphin-llama3:8b,661,0,0.000000
2026-01-26T08:26:41.081385,2026-01-26,ollama,dolphin-llama3:8b,663,0,0.000000
2026-01-26T08:26:43.315077,2026-01-26,ollama,dolphin-llama3:8b,655,0,0.000000
2026-01-26T08:26:45.620859,2026-01-26,ollama,dolphin-llama3:8b,658,0,0.000000
2026-01-26T08:26:47.853202,2026-01-26,ollama,dolphin-llama3:8b,652,0,0.000000
2026-01-26T08:26:50.156538,2026-01-26,ollama,dolphin-llama3:8b,644,0,0.000000
2026-01-26T08:26:52.594030,2026-01-26,ollama,dolphin-llama3:8b,638,0,0.000000
2026-01-26T08:26:54.826635,2026-01-26,ollama,dolphin-llama3:8b,602,0,0.000000
2026-01-26T08:26:58.825727,2026-01-26,ollama,dolphin-llama3:8b,642,76,0.000000
2026-01-26T08:27:01.252553,2026-01-26,ollama,dolphin-llama3:8b,668,0,0.000000
2026-01-26T08:27:04.899275,2026-01-26,ollama,dolphin-llama3:8b,660,56,0.000000
2026-01-26T08:27:07.340710,2026-01-26,ollama,dolphin-llama3:8b,663,0,0.000000
2026-01-26T08:27:09.584932,2026-01-26,ollama,dolphin-llama3:8b,647,0,0.000000
2026-01-26T08:27:11.603042,2026-01-26,ollama,dolphin-llama3:8b,564,0,0.000000
2026-01-26T08:27:13.637379,2026-01-26,ollama,dolphin-llama3:8b,553,0,0.000000
2026-01-26T08:27:15.671283,2026-01-26,ollama,dolphin-llama3:8b,528,0,0.000000
2026-01-26T08:27:17.705309,2026-01-26,ollama,dolphin-llama3:8b,559,0,0.000000
2026-01-26T08:27:19.814345,2026-01-26,ollama,dolphin-llama3:8b,564,0,0.000000
2026-01-26T08:27:21.848795,2026-01-26,ollama,dolphin-llama3:8b,548,0,0.000000
2026-01-26T08:27:25.098503,2026-01-26,ollama,dolphin-llama3:8b,524,52,0.000000
2026-01-26T08:27:27.133260,2026-01-26,ollama,dolphin-llama3:8b,551,0,0.000000
2026-01-26T08:27:29.241450,2026-01-26,ollama,dolphin-llama3:8b,565,0,0.000000
2026-01-26T08:27:31.277895,2026-01-26,ollama,dolphin-llama3:8b,532,0,0.000000
2026-01-26T08:27:33.513252,2026-01-26,ollama,dolphin-llama3:8b,603,0,0.000000
2026-01-26T08:27:36.160410,2026-01-26,ollama,dolphin-llama3:8b,622,10,0.000000
2026-01-26T08:27:38.335943,2026-01-26,ollama,dolphin-llama3:8b,584,0,0.000000
2026-01-26T08:27:42.511794,2026-01-26,ollama,dolphin-llama3:8b,583,78,0.000000
2026-01-26T08:27:44.690041,2026-01-26,ollama,dolphin-llama3:8b,577,0,0.000000
2026-01-26T08:27:46.860643,2026-01-26,ollama,dolphin-llama3:8b,610,0,0.000000
2026-01-26T08:27:49.164015,2026-01-26,ollama,dolphin-llama3:8b,648,0,0.000000
2026-01-26T08:27:51.340962,2026-01-26,ollama,dolphin-llama3:8b,603,0,0.000000
2026-01-26T08:27:53.703079,2026-01-26,ollama,dolphin-llama3:8b,666,0,0.000000
2026-01-26T08:27:56.207237,2026-01-26,ollama,dolphin-llama3:8b,716,0,0.000000
2026-01-26T08:27:58.911578,2026-01-26,ollama,dolphin-llama3:8b,640,16,0.000000
2026-01-26T08:28:01.343786,2026-01-26,ollama,dolphin-llama3:8b,689,0,0.000000
2026-01-26T08:28:05.453134,2026-01-26,ollama,dolphin-llama3:8b,681,71,0.000000
2026-01-26T08:28:09.983610,2026-01-26,ollama,dolphin-llama3:8b,735,75,0.000000
2026-01-26T08:28:12.632283,2026-01-26,ollama,dolphin-llama3:8b,731,0,0.000000
2026-01-26T08:28:15.074890,2026-01-26,ollama,dolphin-llama3:8b,729,0,0.000000
2026-01-26T08:28:17.183938,2026-01-26,ollama,dolphin-llama3:8b,584,0,0.000000
2026-01-26T08:28:20.900159,2026-01-26,ollama,dolphin-llama3:8b,583,71,0.000000
2026-01-26T08:28:23.016803,2026-01-26,ollama,dolphin-llama3:8b,596,0,0.000000
2026-01-26T08:28:25.187689,2026-01-26,ollama,dolphin-llama3:8b,593,0,0.000000
2026-01-26T08:28:27.431818,2026-01-26,ollama,dolphin-llama3:8b,616,0,0.000000
2026-01-26T08:28:29.737118,2026-01-26,ollama,dolphin-llama3:8b,620,0,0.000000
2026-01-26T08:28:32.047516,2026-01-26,ollama,dolphin-llama3:8b,635,0,0.000000
2026-01-26T08:28:34.288128,2026-01-26,ollama,dolphin-llama3:8b,612,0,0.000000
2026-01-26T08:28:36.799883,2026-01-26,ollama,dolphin-llama3:8b,702,0,0.000000
2026-01-26T08:28:39.253624,2026-01-26,ollama,dolphin-llama3:8b,653,0,0.000000
2026-01-26T08:28:42.183238,2026-01-26,ollama,dolphin-llama3:8b,692,14,0.000000
2026-01-26T08:28:46.951417,2026-01-26,ollama,dolphin-llama3:8b,718,96,0.000000
2026-01-26T08:28:49.720026,2026-01-26,ollama,dolphin-llama3:8b,769,0,0.000000
2026-01-26T08:28:52.559184,2026-01-26,ollama,dolphin-llama3:8b,737,8,0.000000
2026-01-26T08:28:55.195571,2026-01-26,ollama,dolphin-llama3:8b,723,0,0.000000
2026-01-26T08:29:00.331851,2026-01-26,ollama,dolphin-llama3:8b,768,107,0.000000
2026-01-26T08:29:03.321411,2026-01-26,ollama,dolphin-llama3:8b,861,0,0.000000
2026-01-26T08:29:05.828047,2026-01-26,ollama,dolphin-llama3:8b,694,0,0.000000
2026-01-26T08:29:06.938126,2026-01-26,ollama,dolphin-llama3:8b,203,0,0.000000
2026-01-26T08:29:08.196339,2026-01-26,ollama,dolphin-llama3:8b,252,0,0.000000
2026-01-26T08:29:09.498177,2026-01-26,ollama,dolphin-llama3:8b,289,0,0.000000
2026-01-26T08:29:10.808820,2026-01-26,ollama,dolphin-llama3:8b,294,0,0.000000
2026-01-26T08:29:12.192215,2026-01-26,ollama,dolphin-llama3:8b,301,0,0.000000
2026-01-26T08:29:13.497089,2026-01-26,ollama,dolphin-llama3:8b,295,0,0.000000
2026-01-26T08:29:14.872136,2026-01-26,ollama,dolphin-llama3:8b,323,0,0.000000
2026-01-26T08:29:16.233608,2026-01-26,ollama,dolphin-llama3:8b,316,0,0.000000
2026-01-26T08:29:17.747495,2026-01-26,ollama,dolphin-llama3:8b,392,0,0.000000
2026-01-26T08:29:19.261618,2026-01-26,ollama,dolphin-llama3:8b,381,0,0.000000
2026-01-26T08:29:20.659556,2026-01-26,ollama,dolphin-llama3:8b,354,0,0.000000
2026-01-26T08:29:22.464159,2026-01-26,ollama,dolphin-llama3:8b,479,0,0.000000
2026-01-26T08:29:24.264216,2026-01-26,ollama,dolphin-llama3:8b,504,0,0.000000
2026-01-26T08:29:26.393263,2026-01-26,ollama,dolphin-llama3:8b,572,0,0.000000
2026-01-26T08:29:28.335654,2026-01-26,ollama,dolphin-llama3:8b,495,0,0.000000
2026-01-26T08:29:32.483514,2026-01-26,ollama,dolphin-llama3:8b,537,0,0.000000
2026-01-26T08:29:40.179301,2026-01-26,ollama,dolphin-llama3:8b,586,0,0.000000
2026-01-26T08:29:42.311757,2026-01-26,ollama,dolphin-llama3:8b,602,0,0.000000
2026-01-26T08:29:44.503514,2026-01-26,ollama,dolphin-llama3:8b,611,0,0.000000
2026-01-26T08:29:46.722739,2026-01-26,ollama,dolphin-llama3:8b,586,0,0.000000
2026-01-26T08:29:48.930970,2026-01-26,ollama,dolphin-llama3:8b,606,0,0.000000
2026-01-26T08:29:53.249087,2026-01-26,ollama,dolphin-llama3:8b,598,75,0.000000
2026-01-26T08:29:55.546223,2026-01-26,ollama,dolphin-llama3:8b,645,0,0.000000
2026-01-26T08:29:57.951921,2026-01-26,ollama,dolphin-llama3:8b,616,0,0.000000
2026-01-26T08:30:00.225443,2026-01-26,ollama,dolphin-llama3:8b,661,0,0.000000
2026-01-26T08:30:02.588490,2026-01-26,ollama,dolphin-llama3:8b,663,0,0.000000
2026-01-26T08:30:04.851123,2026-01-26,ollama,dolphin-llama3:8b,655,0,0.000000
2026-01-26T08:30:07.164836,2026-01-26,ollama,dolphin-llama3:8b,658,0,0.000000
2026-01-26T08:30:09.428053,2026-01-26,ollama,dolphin-llama3:8b,652,0,0.000000
2026-01-26T08:30:11.749788,2026-01-26,ollama,dolphin-llama3:8b,644,0,0.000000
2026-01-26T08:30:14.205305,2026-01-26,ollama,dolphin-llama3:8b,638,0,0.000000
2026-01-26T08:30:16.401933,2026-01-26,ollama,dolphin-llama3:8b,602,0,0.000000
2026-01-26T08:30:18.604265,2026-01-26,ollama,dolphin-llama3:8b,642,0,0.000000
2026-01-26T08:30:20.978217,2026-01-26,ollama,dolphin-llama3:8b,668,0,0.000000
2026-01-26T08:30:23.351787,2026-01-26,ollama,dolphin-llama3:8b,660,2,0.000000
2026-01-26T08:30:27.978893,2026-01-26,ollama,dolphin-llama3:8b,663,87,0.000000
2026-01-26T08:30:30.221459,2026-01-26,ollama,dolphin-llama3:8b,647,0,0.000000
2026-01-26T08:30:32.267303,2026-01-26,ollama,dolphin-llama3:8b,564,0,0.000000
2026-01-26T08:30:34.308183,2026-01-26,ollama,dolphin-llama3:8b,553,0,0.000000
2026-01-26T08:30:36.360939,2026-01-26,ollama,dolphin-llama3:8b,528,0,0.000000
2026-01-26T08:30:38.433694,2026-01-26,ollama,dolphin-llama3:8b,559,0,0.000000
2026-01-26T08:30:40.689981,2026-01-26,ollama,dolphin-llama3:8b,564,0,0.000000
2026-01-26T08:30:42.735342,2026-01-26,ollama,dolphin-llama3:8b,548,0,0.000000
2026-01-26T08:30:44.802735,2026-01-26,ollama,dolphin-llama3:8b,524,0,0.000000
2026-01-26T08:30:46.870866,2026-01-26,ollama,dolphin-llama3:8b,551,0,0.000000
2026-01-26T08:30:48.991385,2026-01-26,ollama,dolphin-llama3:8b,565,0,0.000000
2026-01-26T08:30:51.043958,2026-01-26,ollama,dolphin-llama3:8b,532,0,0.000000
2026-01-26T08:30:53.288968,2026-01-26,ollama,dolphin-llama3:8b,603,0,0.000000
2026-01-26T08:30:55.619392,2026-01-26,ollama,dolphin-llama3:8b,622,0,0.000000
2026-01-26T08:30:57.799344,2026-01-26,ollama,dolphin-llama3:8b,584,0,0.000000
2026-01-26T08:31:01.994873,2026-01-26,ollama,dolphin-llama3:8b,583,78,0.000000
2026-01-26T08:31:04.163462,2026-01-26,ollama,dolphin-llama3:8b,577,0,0.000000
2026-01-26T08:31:06.338277,2026-01-26,ollama,dolphin-llama3:8b,610,0,0.000000
2026-01-26T08:31:10.866850,2026-01-26,ollama,dolphin-llama3:8b,648,78,0.000000
2026-01-26T08:31:13.046393,2026-01-26,ollama,dolphin-llama3:8b,603,0,0.000000
2026-01-26T08:31:15.427085,2026-01-26,ollama,dolphin-llama3:8b,666,0,0.000000
2026-01-26T08:31:17.949341,2026-01-26,ollama,dolphin-llama3:8b,716,0,0.000000
2026-01-26T08:31:20.669396,2026-01-26,ollama,dolphin-llama3:8b,640,16,0.000000
2026-01-26T08:31:23.119484,2026-01-26,ollama,dolphin-llama3:8b,689,0,0.000000
2026-01-26T08:31:27.241998,2026-01-26,ollama,dolphin-llama3:8b,681,71,0.000000
2026-01-26T08:31:30.188544,2026-01-26,ollama,dolphin-llama3:8b,735,11,0.000000
2026-01-26T08:31:32.834564,2026-01-26,ollama,dolphin-llama3:8b,731,0,0.000000
2026-01-26T08:31:37.230520,2026-01-26,ollama,dolphin-llama3:8b,729,87,0.000000
2026-01-26T08:31:39.323086,2026-01-26,ollama,dolphin-llama3:8b,584,0,0.000000
2026-01-26T08:31:43.043621,2026-01-26,ollama,dolphin-llama3:8b,583,72,0.000000
2026-01-26T08:31:45.137494,2026-01-26,ollama,dolphin-llama3:8b,596,0,0.000000
2026-01-26T08:31:47.311985,2026-01-26,ollama,dolphin-llama3:8b,593,0,0.000000
2026-01-26T08:31:49.575002,2026-01-26,ollama,dolphin-llama3:8b,616,0,0.000000
2026-01-26T08:31:51.885085,2026-01-26,ollama,dolphin-llama3:8b,620,0,0.000000
2026-01-26T08:31:54.188451,2026-01-26,ollama,dolphin-llama3:8b,635,0,0.000000
2026-01-26T08:31:56.426731,2026-01-26,ollama,dolphin-llama3:8b,612,0,0.000000
2026-01-26T08:31:58.928051,2026-01-26,ollama,dolphin-llama3:8b,702,0,0.000000
2026-01-26T08:32:01.376331,2026-01-26,ollama,dolphin-llama3:8b,653,0,0.000000
2026-01-26T08:32:06.649841,2026-01-26,ollama,dolphin-llama3:8b,692,94,0.000000
2026-01-26T08:32:11.523768,2026-01-26,ollama,dolphin-llama3:8b,718,97,0.000000
2026-01-26T08:32:16.754509,2026-01-26,ollama,dolphin-llama3:8b,769,99,0.000000
2026-01-26T08:32:19.576598,2026-01-26,ollama,dolphin-llama3:8b,737,8,0.000000
2026-01-26T08:32:22.222735,2026-01-26,ollama,dolphin-llama3:8b,723,0,0.000000
2026-01-26T08:32:24.867977,2026-01-26,ollama,dolphin-llama3:8b,768,0,0.000000
2026-01-26T08:32:27.869226,2026-01-26,ollama,dolphin-llama3:8b,861,0,0.000000
2026-01-26T08:32:30.392866,2026-01-26,ollama,dolphin-llama3:8b,694,0,0.000000
2026-01-26T08:32:31.528812,2026-01-26,ollama,dolphin-llama3:8b,203,0,0.000000
2026-01-26T08:32:32.768934,2026-01-26,ollama,dolphin-llama3:8b,252,0,0.000000
2026-01-26T08:32:35.423837,2026-01-26,ollama,dolphin-llama3:8b,289,60,0.000000
2026-01-26T08:32:36.724180,2026-01-26,ollama,dolphin-llama3:8b,294,0,0.000000
2026-01-26T08:32:38.089070,2026-01-26,ollama,dolphin-llama3:8b,301,0,0.000000
2026-01-26T08:32:39.388759,2026-01-26,ollama,dolphin-llama3:8b,295,0,0.000000
2026-01-26T08:32:40.761637,2026-01-26,ollama,dolphin-llama3:8b,323,0,0.000000
2026-01-26T08:32:42.140785,2026-01-26,ollama,dolphin-llama3:8b,316,0,0.000000
2026-01-26T08:32:43.646722,2026-01-26,ollama,dolphin-llama3:8b,392,0,0.000000
2026-01-26T08:32:45.151369,2026-01-26,ollama,dolphin-llama3:8b,381,0,0.000000
2026-01-26T08:32:46.593826,2026-01-26,ollama,dolphin-llama3:8b,354,0,0.000000
2026-01-26T08:32:48.475683,2026-01-26,ollama,dolphin-llama3:8b,479,0,0.000000
2026-01-26T08:32:50.368455,2026-01-26,ollama,dolphin-llama3:8b,504,0,0.000000
2026-01-26T08:32:52.540550,2026-01-26,ollama,dolphin-llama3:8b,572,0,0.000000
2026-01-26T08:32:54.514742,2026-01-26,ollama,dolphin-llama3:8b,495,0,0.000000
2026-01-26T08:32:56.489744,2026-01-26,ollama,dolphin-llama3:8b,537,0,0.000000
2026-01-26T08:32:58.530378,2026-01-26,ollama,dolphin-llama3:8b,586,0,0.000000
2026-01-26T08:33:00.644058,2026-01-26,ollama,dolphin-llama3:8b,602,0,0.000000
2026-01-26T08:33:02.842846,2026-01-26,ollama,dolphin-llama3:8b,611,0,0.000000
2026-01-26T08:33:05.047076,2026-01-26,ollama,dolphin-llama3:8b,586,0,0.000000
2026-01-26T08:33:07.260146,2026-01-26,ollama,dolphin-llama3:8b,606,0,0.000000
2026-01-26T08:33:11.965191,2026-01-26,ollama,dolphin-llama3:8b,598,75,0.000000
2026-01-26T08:33:14.265511,2026-01-26,ollama,dolphin-llama3:8b,645,0,0.000000
2026-01-26T08:33:16.509989,2026-01-26,ollama,dolphin-llama3:8b,616,0,0.000000
2026-01-26T08:33:18.821039,2026-01-26,ollama,dolphin-llama3:8b,661,0,0.000000
2026-01-26T08:33:21.199835,2026-01-26,ollama,dolphin-llama3:8b,663,0,0.000000
2026-01-26T08:33:23.447846,2026-01-26,ollama,dolphin-llama3:8b,655,0,0.000000
2026-01-26T08:33:25.772206,2026-01-26,ollama,dolphin-llama3:8b,658,0,0.000000
2026-01-26T08:33:28.036433,2026-01-26,ollama,dolphin-llama3:8b,652,0,0.000000
2026-01-26T08:33:30.352039,2026-01-26,ollama,dolphin-llama3:8b,644,0,0.000000
2026-01-26T08:33:32.787341,2026-01-26,ollama,dolphin-llama3:8b,638,0,0.000000
2026-01-26T08:33:34.969713,2026-01-26,ollama,dolphin-llama3:8b,602,0,0.000000
2026-01-26T08:33:37.147226,2026-01-26,ollama,dolphin-llama3:8b,642,0,0.000000
2026-01-26T08:33:39.521804,2026-01-26,ollama,dolphin-llama3:8b,668,0,0.000000
2026-01-26T08:33:43.164208,2026-01-26,ollama,dolphin-llama3:8b,660,56,0.000000
2026-01-26T08:33:45.686365,2026-01-26,ollama,dolphin-llama3:8b,663,3,0.000000
2026-01-26T08:33:47.930278,2026-01-26,ollama,dolphin-llama3:8b,647,0,0.000000
2026-01-26T08:33:49.969553,2026-01-26,ollama,dolphin-llama3:8b,564,0,0.000000
2026-01-26T08:33:52.009699,2026-01-26,ollama,dolphin-llama3:8b,553,0,0.000000
2026-01-26T08:33:54.057492,2026-01-26,ollama,dolphin-llama3:8b,528,0,0.000000
2026-01-26T08:33:56.094713,2026-01-26,ollama,dolphin-llama3:8b,559,0,0.000000
2026-01-26T08:33:58.210168,2026-01-26,ollama,dolphin-llama3:8b,564,0,0.000000
2026-01-26T08:34:00.259073,2026-01-26,ollama,dolphin-llama3:8b,548,0,0.000000
2026-01-26T08:34:02.315327,2026-01-26,ollama,dolphin-llama3:8b,524,0,0.000000
2026-01-26T08:34:04.360882,2026-01-26,ollama,dolphin-llama3:8b,551,0,0.000000
2026-01-26T08:34:06.473830,2026-01-26,ollama,dolphin-llama3:8b,565,0,0.000000
2026-01-26T08:34:08.538639,2026-01-26,ollama,dolphin-llama3:8b,532,0,0.000000
2026-01-26T08:34:10.782706,2026-01-26,ollama,dolphin-llama3:8b,603,0,0.000000
2026-01-26T08:34:13.093718,2026-01-26,ollama,dolphin-llama3:8b,622,0,0.000000
2026-01-26T08:34:15.299030,2026-01-26,ollama,dolphin-llama3:8b,584,0,0.000000
2026-01-26T08:34:19.213974,2026-01-26,ollama,dolphin-llama3:8b,583,59,0.000000
2026-01-26T08:34:21.564217,2026-01-26,ollama,dolphin-llama3:8b,577,0,0.000000
2026-01-26T08:34:23.751449,2026-01-26,ollama,dolphin-llama3:8b,610,0,0.000000
2026-01-26T08:34:27.572318,2026-01-26,ollama,dolphin-llama3:8b,648,59,0.000000
2026-01-26T08:34:29.757512,2026-01-26,ollama,dolphin-llama3:8b,603,0,0.000000
2026-01-26T08:34:32.130272,2026-01-26,ollama,dolphin-llama3:8b,666,0,0.000000
2026-01-26T08:34:34.653165,2026-01-26,ollama,dolphin-llama3:8b,716,0,0.000000
2026-01-26T08:34:38.561378,2026-01-26,ollama,dolphin-llama3:8b,640,66,0.000000
2026-01-26T08:34:41.003582,2026-01-26,ollama,dolphin-llama3:8b,689,0,0.000000
2026-01-26T08:34:45.130742,2026-01-26,ollama,dolphin-llama3:8b,681,71,0.000000
2026-01-26T08:34:47.949899,2026-01-26,ollama,dolphin-llama3:8b,735,8,0.000000
2026-01-26T08:34:50.592965,2026-01-26,ollama,dolphin-llama3:8b,731,0,0.000000
2026-01-26T08:34:53.037350,2026-01-26,ollama,dolphin-llama3:8b,729,0,0.000000
2026-01-26T08:34:55.157060,2026-01-26,ollama,dolphin-llama3:8b,584,0,0.000000
2026-01-26T08:34:57.269678,2026-01-26,ollama,dolphin-llama3:8b,583,0,0.000000
2026-01-26T08:34:59.384701,2026-01-26,ollama,dolphin-llama3:8b,596,0,0.000000
2026-01-26T08:35:01.555926,2026-01-26,ollama,dolphin-llama3:8b,593,0,0.000000
2026-01-26T08:35:03.802409,2026-01-26,ollama,dolphin-llama3:8b,616,0,0.000000
2026-01-26T08:35:06.114508,2026-01-26,ollama,dolphin-llama3:8b,620,0,0.000000
2026-01-26T08:35:08.430272,2026-01-26,ollama,dolphin-llama3:8b,635,0,0.000000
2026-01-26T08:35:10.683526,2026-01-26,ollama,dolphin-llama3:8b,612,0,0.000000
2026-01-26T08:35:13.187877,2026-01-26,ollama,dolphin-llama3:8b,702,0,0.000000
2026-01-26T08:35:17.944502,2026-01-26,ollama,dolphin-llama3:8b,653,86,0.000000
2026-01-26T08:35:23.253162,2026-01-26,ollama,dolphin-llama3:8b,692,104,0.000000
2026-01-26T08:35:25.772904,2026-01-26,ollama,dolphin-llama3:8b,718,0,0.000000
2026-01-26T08:35:28.590949,2026-01-26,ollama,dolphin-llama3:8b,769,0,0.000000
2026-01-26T08:35:33.848256,2026-01-26,ollama,dolphin-llama3:8b,737,100,0.000000
2026-01-26T08:35:36.485574,2026-01-26,ollama,dolphin-llama3:8b,723,0,0.000000
2026-01-26T08:35:39.141933,2026-01-26,ollama,dolphin-llama3:8b,768,0,0.000000
2026-01-26T08:35:42.134645,2026-01-26,ollama,dolphin-llama3:8b,861,0,0.000000
2026-01-26T08:35:44.644674,2026-01-26,ollama,dolphin-llama3:8b,694,0,0.000000
2026-01-26T08:35:45.739020,2026-01-26,ollama,dolphin-llama3:8b,203,0,0.000000
2026-01-26T08:35:46.976706,2026-01-26,ollama,dolphin-llama3:8b,252,0,0.000000
2026-01-26T08:35:48.270710,2026-01-26,ollama,dolphin-llama3:8b,289,0,0.000000
2026-01-26T08:35:49.569251,2026-01-26,ollama,dolphin-llama3:8b,294,0,0.000000
2026-01-26T08:35:50.943307,2026-01-26,ollama,dolphin-llama3:8b,301,0,0.000000
2026-01-26T08:35:52.224277,2026-01-26,ollama,dolphin-llama3:8b,295,0,0.000000
2026-01-26T08:35:53.580593,2026-01-26,ollama,dolphin-llama3:8b,323,0,0.000000
2026-01-26T08:35:54.951482,2026-01-26,ollama,dolphin-llama3:8b,316,0,0.000000
2026-01-26T08:35:56.457450,2026-01-26,ollama,dolphin-llama3:8b,392,0,0.000000
2026-01-26T08:35:57.959555,2026-01-26,ollama,dolphin-llama3:8b,381,0,0.000000
2026-01-26T08:35:59.383435,2026-01-26,ollama,dolphin-llama3:8b,354,0,0.000000
2026-01-26T08:47:38.174406,2026-01-26,mistral,mistral-large-latest,479,0,0.000958
2026-01-26T08:47:39.147563,2026-01-26,mistral,mistral-large-latest,504,0,0.001008
2026-01-26T08:47:40.115510,2026-01-26,mistral,mistral-large-latest,572,0,0.001144
2026-01-26T08:47:41.151623,2026-01-26,mistral,mistral-large-latest,495,0,0.000990
2026-01-26T08:47:42.055017,2026-01-26,mistral,mistral-large-latest,537,0,0.001074
2026-01-26T08:47:42.994140,2026-01-26,mistral,mistral-large-latest,586,0,0.001172
2026-01-26T08:47:43.896804,2026-01-26,mistral,mistral-large-latest,602,0,0.001204
2026-01-26T08:47:46.318972,2026-01-26,mistral,mistral-large-latest,611,0,0.001222
2026-01-26T08:47:53.094303,2026-01-26,mistral,mistral-large-latest,586,281,0.002858
2026-01-26T08:47:54.067746,2026-01-26,mistral,mistral-large-latest,606,0,0.001212
2026-01-26T08:47:55.013455,2026-01-26,mistral,mistral-large-latest,598,0,0.001196
2026-01-26T08:47:55.949535,2026-01-26,mistral,mistral-large-latest,645,0,0.001290
2026-01-26T08:47:56.948461,2026-01-26,mistral,mistral-large-latest,616,0,0.001232
2026-01-26T08:47:57.874969,2026-01-26,mistral,mistral-large-latest,661,0,0.001322
2026-01-26T08:47:58.816782,2026-01-26,mistral,mistral-large-latest,663,0,0.001326
2026-01-26T08:47:59.734399,2026-01-26,mistral,mistral-large-latest,655,0,0.001310
2026-01-26T08:48:00.676689,2026-01-26,mistral,mistral-large-latest,658,0,0.001316
2026-01-26T08:48:01.635503,2026-01-26,mistral,mistral-large-latest,652,0,0.001304
2026-01-26T08:48:02.567445,2026-01-26,mistral,mistral-large-latest,644,0,0.001288
2026-01-26T08:48:06.562361,2026-01-26,mistral,mistral-large-latest,638,0,0.001276
2026-01-26T08:48:07.505066,2026-01-26,mistral,mistral-large-latest,602,0,0.001204
2026-01-26T08:48:08.459538,2026-01-26,mistral,mistral-large-latest,642,0,0.001284
2026-01-26T08:48:09.768611,2026-01-26,mistral,mistral-large-latest,668,0,0.001336
2026-01-26T08:48:10.688282,2026-01-26,mistral,mistral-large-latest,660,0,0.001320
2026-01-26T08:48:11.702728,2026-01-26,mistral,mistral-large-latest,663,0,0.001326
2026-01-26T08:48:12.729889,2026-01-26,mistral,mistral-large-latest,647,0,0.001294
2026-01-26T08:48:13.885118,2026-01-26,mistral,mistral-large-latest,564,0,0.001128
2026-01-26T08:48:17.471691,2026-01-26,mistral,mistral-large-latest,553,0,0.001106
2026-01-26T08:48:18.449163,2026-01-26,mistral,mistral-large-latest,528,0,0.001056
2026-01-26T08:48:23.927758,2026-01-26,mistral,mistral-large-latest,559,203,0.002336
2026-01-26T08:48:24.875866,2026-01-26,mistral,mistral-large-latest,564,0,0.001128
2026-01-26T08:48:25.855728,2026-01-26,mistral,mistral-large-latest,548,0,0.001096
2026-01-26T08:48:26.826092,2026-01-26,mistral,mistral-large-latest,526,0,0.001052
2026-01-26T08:48:28.246751,2026-01-26,mistral,mistral-large-latest,551,0,0.001102
2026-01-26T08:48:29.235529,2026-01-26,mistral,mistral-large-latest,565,0,0.001130
2026-01-26T08:48:30.128480,2026-01-26,mistral,mistral-large-latest,532,0,0.001064
2026-01-26T08:48:31.066307,2026-01-26,mistral,mistral-large-latest,613,0,0.001226
2026-01-26T08:48:32.011203,2026-01-26,mistral,mistral-large-latest,622,0,0.001244
2026-01-26T08:48:32.990225,2026-01-26,mistral,mistral-large-latest,584,0,0.001168
2026-01-26T08:48:33.934336,2026-01-26,mistral,mistral-large-latest,583,0,0.001166
2026-01-26T08:48:34.864476,2026-01-26,mistral,mistral-large-latest,577,0,0.001154
2026-01-26T08:48:36.122494,2026-01-26,mistral,mistral-large-latest,610,0,0.001220
2026-01-26T08:48:37.092372,2026-01-26,mistral,mistral-large-latest,648,0,0.001296
2026-01-26T08:48:38.138253,2026-01-26,mistral,mistral-large-latest,603,0,0.001206
2026-01-26T08:48:39.143879,2026-01-26,mistral,mistral-large-latest,666,0,0.001332
2026-01-26T08:48:40.184601,2026-01-26,mistral,mistral-large-latest,716,0,0.001432
2026-01-26T08:48:41.112741,2026-01-26,mistral,mistral-large-latest,640,0,0.001280
2026-01-26T08:48:42.128921,2026-01-26,mistral,mistral-large-latest,689,0,0.001378
2026-01-26T08:48:43.155107,2026-01-26,mistral,mistral-large-latest,681,0,0.001362
2026-01-26T08:48:53.056334,2026-01-26,mistral,mistral-large-latest,735,429,0.004044
2026-01-26T08:48:53.991785,2026-01-26,mistral,mistral-large-latest,731,0,0.001462
2026-01-26T08:48:54.936950,2026-01-26,mistral,mistral-large-latest,729,0,0.001458
2026-01-26T08:48:55.918988,2026-01-26,mistral,mistral-large-latest,584,0,0.001168
2026-01-26T08:48:57.582065,2026-01-26,mistral,mistral-large-latest,583,0,0.001166
2026-01-26T08:48:58.583708,2026-01-26,mistral,mistral-large-latest,596,0,0.001192
2026-01-26T08:48:59.625071,2026-01-26,mistral,mistral-large-latest,593,0,0.001186
2026-01-26T08:49:00.651138,2026-01-26,mistral,mistral-large-latest,624,0,0.001248
2026-01-26T08:49:01.584898,2026-01-26,mistral,mistral-large-latest,620,0,0.001240
2026-01-26T08:49:02.533535,2026-01-26,mistral,mistral-large-latest,635,0,0.001270
2026-01-26T08:49:03.473672,2026-01-26,mistral,mistral-large-latest,612,0,0.001224
2026-01-26T08:49:04.437194,2026-01-26,mistral,mistral-large-latest,702,0,0.001404
2026-01-26T08:49:05.422171,2026-01-26,mistral,mistral-large-latest,653,0,0.001306
2026-01-26T08:49:06.380596,2026-01-26,mistral,mistral-large-latest,692,0,0.001384
2026-01-26T08:49:11.056206,2026-01-26,mistral,mistral-large-latest,718,182,0.002528
2026-01-26T08:49:16.338724,2026-01-26,mistral,mistral-large-latest,776,218,0.002860
2026-01-26T08:49:23.804157,2026-01-26,mistral,mistral-large-latest,737,303,0.003292
2026-01-26T08:49:27.569654,2026-01-26,mistral,mistral-large-latest,723,150,0.002346
2026-01-26T08:49:32.271451,2026-01-26,mistral,mistral-large-latest,768,159,0.002490
2026-01-26T08:49:33.433088,2026-01-26,mistral,mistral-large-latest,861,0,0.001722
2026-01-26T08:49:34.386391,2026-01-26,mistral,mistral-large-latest,694,0,0.001388
2026-01-26T08:49:35.314521,2026-01-26,mistral,mistral-large-latest,203,0,0.000406
2026-01-26T08:49:36.266442,2026-01-26,mistral,mistral-large-latest,252,0,0.000504
2026-01-26T08:49:37.174192,2026-01-26,mistral,mistral-large-latest,289,0,0.000578
2026-01-26T08:49:38.033011,2026-01-26,mistral,mistral-large-latest,294,0,0.000588
2026-01-26T08:49:38.943156,2026-01-26,mistral,mistral-large-latest,301,0,0.000602
2026-01-26T08:49:40.052751,2026-01-26,mistral,mistral-large-latest,295,0,0.000590
2026-01-26T08:49:41.074455,2026-01-26,mistral,mistral-large-latest,323,0,0.000646
2026-01-26T08:49:42.171921,2026-01-26,mistral,mistral-large-latest,316,0,0.000632
2026-01-26T08:49:43.122116,2026-01-26,mistral,mistral-large-latest,392,0,0.000784
2026-01-26T08:49:44.019480,2026-01-26,mistral,mistral-large-latest,381,0,0.000762
2026-01-26T08:49:44.878041,2026-01-26,mistral,mistral-large-latest,354,0,0.000708
2026-01-26T08:49:49.158939,2026-01-26,mistral,mistral-large-latest,479,162,0.001930
2026-01-26T08:49:50.743470,2026-01-26,mistral,mistral-large-latest,504,42,0.001260
2026-01-26T08:49:51.792185,2026-01-26,mistral,mistral-large-latest,572,0,0.001144
2026-01-26T08:49:52.716935,2026-01-26,mistral,mistral-large-latest,495,0,0.000990
2026-01-26T08:49:53.667391,2026-01-26,mistral,mistral-large-latest,537,0,0.001074
2026-01-26T08:49:54.618425,2026-01-26,mistral,mistral-large-latest,586,0,0.001172
2026-01-26T08:49:55.585198,2026-01-26,mistral,mistral-large-latest,602,0,0.001204
2026-01-26T08:49:56.626726,2026-01-26,mistral,mistral-large-latest,611,0,0.001222
2026-01-26T08:50:01.758771,2026-01-26,mistral,mistral-large-latest,586,203,0.002390
2026-01-26T08:50:06.945850,2026-01-26,mistral,mistral-large-latest,606,209,0.002466
2026-01-26T08:50:07.992414,2026-01-26,mistral,mistral-large-latest,598,0,0.001196
2026-01-26T08:50:08.961409,2026-01-26,mistral,mistral-large-latest,645,0,0.001290
2026-01-26T08:50:09.925781,2026-01-26,mistral,mistral-large-latest,616,0,0.001232
2026-01-26T08:50:11.828615,2026-01-26,mistral,mistral-large-latest,661,48,0.001610
2026-01-26T08:50:12.766456,2026-01-26,mistral,mistral-large-latest,663,0,0.001326
2026-01-26T08:50:13.718613,2026-01-26,mistral,mistral-large-latest,655,0,0.001310
2026-01-26T08:50:14.730291,2026-01-26,mistral,mistral-large-latest,658,0,0.001316
2026-01-26T08:50:15.769460,2026-01-26,mistral,mistral-large-latest,652,0,0.001304
2026-01-26T08:50:16.757815,2026-01-26,mistral,mistral-large-latest,644,0,0.001288
2026-01-26T08:50:17.721547,2026-01-26,mistral,mistral-large-latest,638,0,0.001276
2026-01-26T08:50:18.657962,2026-01-26,mistral,mistral-large-latest,602,0,0.001204
2026-01-26T08:50:19.565626,2026-01-26,mistral,mistral-large-latest,642,0,0.001284
2026-01-26T08:50:20.493798,2026-01-26,mistral,mistral-large-latest,668,0,0.001336
2026-01-26T08:50:21.466891,2026-01-26,mistral,mistral-large-latest,660,0,0.001320
2026-01-26T08:50:22.414740,2026-01-26,mistral,mistral-large-latest,663,0,0.001326
2026-01-26T08:50:23.396246,2026-01-26,mistral,mistral-large-latest,647,0,0.001294
2026-01-26T08:50:24.363806,2026-01-26,mistral,mistral-large-latest,564,0,0.001128
2026-01-26T08:50:25.280303,2026-01-26,mistral,mistral-large-latest,553,0,0.001106
2026-01-26T08:50:26.212665,2026-01-26,mistral,mistral-large-latest,528,0,0.001056
2026-01-26T08:50:33.881089,2026-01-26,mistral,mistral-large-latest,559,308,0.002966
2026-01-26T08:50:34.919543,2026-01-26,mistral,mistral-large-latest,564,0,0.001128
2026-01-26T08:50:35.923139,2026-01-26,mistral,mistral-large-latest,548,0,0.001096
2026-01-26T08:50:36.875585,2026-01-26,mistral,mistral-large-latest,526,0,0.001052
2026-01-26T08:50:38.076851,2026-01-26,mistral,mistral-large-latest,551,0,0.001102
2026-01-26T08:50:39.023047,2026-01-26,mistral,mistral-large-latest,565,0,0.001130
2026-01-26T08:50:40.323403,2026-01-26,mistral,mistral-large-latest,532,0,0.001064
2026-01-26T08:50:41.347218,2026-01-26,mistral,mistral-large-latest,613,0,0.001226
2026-01-26T08:50:42.251760,2026-01-26,mistral,mistral-large-latest,622,0,0.001244
2026-01-26T08:50:43.160694,2026-01-26,mistral,mistral-large-latest,584,0,0.001168
2026-01-26T08:50:44.070098,2026-01-26,mistral,mistral-large-latest,583,0,0.001166
2026-01-26T08:50:45.066432,2026-01-26,mistral,mistral-large-latest,577,0,0.001154
2026-01-26T08:50:46.012550,2026-01-26,mistral,mistral-large-latest,610,0,0.001220
2026-01-26T08:50:46.930848,2026-01-26,mistral,mistral-large-latest,648,0,0.001296
2026-01-26T08:50:47.893970,2026-01-26,mistral,mistral-large-latest,603,0,0.001206
2026-01-26T08:50:49.125092,2026-01-26,mistral,mistral-large-latest,666,0,0.001332
2026-01-26T08:50:50.120331,2026-01-26,mistral,mistral-large-latest,716,0,0.001432
2026-01-26T08:50:51.173574,2026-01-26,mistral,mistral-large-latest,640,0,0.001280
2026-01-26T08:50:52.152626,2026-01-26,mistral,mistral-large-latest,689,0,0.001378
2026-01-26T08:50:53.234753,2026-01-26,mistral,mistral-large-latest,681,0,0.001362
2026-01-26T08:50:54.222404,2026-01-26,mistral,mistral-large-latest,735,0,0.001470
2026-01-26T08:50:55.159510,2026-01-26,mistral,mistral-large-latest,731,0,0.001462
2026-01-26T08:50:57.322981,2026-01-26,mistral,mistral-large-latest,729,0,0.001458
2026-01-26T08:50:58.283597,2026-01-26,mistral,mistral-large-latest,584,0,0.001168
2026-01-26T08:50:59.244703,2026-01-26,mistral,mistral-large-latest,583,0,0.001166
2026-01-26T08:51:00.245394,2026-01-26,mistral,mistral-large-latest,596,0,0.001192
2026-01-26T08:51:01.179328,2026-01-26,mistral,mistral-large-latest,593,0,0.001186
2026-01-26T08:51:02.102634,2026-01-26,mistral,mistral-large-latest,624,0,0.001248
2026-01-26T08:51:03.144562,2026-01-26,mistral,mistral-large-latest,620,0,0.001240
2026-01-26T08:51:04.075037,2026-01-26,mistral,mistral-large-latest,635,0,0.001270
2026-01-26T08:51:05.044589,2026-01-26,mistral,mistral-large-latest,612,0,0.001224
2026-01-26T08:51:05.983407,2026-01-26,mistral,mistral-large-latest,702,0,0.001404
2026-01-26T08:51:06.918302,2026-01-26,mistral,mistral-large-latest,653,0,0.001306
2026-01-26T08:51:11.593823,2026-01-26,mistral,mistral-large-latest,692,158,0.002332
2026-01-26T08:51:16.278195,2026-01-26,mistral,mistral-large-latest,718,157,0.002378
2026-01-26T08:51:17.242198,2026-01-26,mistral,mistral-large-latest,776,0,0.001552
2026-01-26T08:51:23.203844,2026-01-26,mistral,mistral-large-latest,737,234,0.002878
2026-01-26T08:51:29.762546,2026-01-26,mistral,mistral-large-latest,723,269,0.003060
2026-01-26T08:51:30.676947,2026-01-26,mistral,mistral-large-latest,768,0,0.001536
2026-01-26T08:51:31.614248,2026-01-26,mistral,mistral-large-latest,861,0,0.001722
2026-01-26T08:51:32.644772,2026-01-26,mistral,mistral-large-latest,694,0,0.001388
2026-01-26T08:51:33.539494,2026-01-26,mistral,mistral-large-latest,203,0,0.000406
2026-01-26T08:51:34.457639,2026-01-26,mistral,mistral-large-latest,252,0,0.000504
2026-01-26T08:51:35.341920,2026-01-26,mistral,mistral-large-latest,289,0,0.000578
2026-01-26T08:51:36.225789,2026-01-26,mistral,mistral-large-latest,294,0,0.000588
2026-01-26T08:51:37.169814,2026-01-26,mistral,mistral-large-latest,301,0,0.000602
2026-01-26T08:51:38.103325,2026-01-26,mistral,mistral-large-latest,295,0,0.000590
2026-01-26T08:51:38.989904,2026-01-26,mistral,mistral-large-latest,323,0,0.000646
2026-01-26T08:51:43.292731,2026-01-26,mistral,mistral-large-latest,316,0,0.000632
2026-01-26T08:51:44.286263,2026-01-26,mistral,mistral-large-latest,392,0,0.000784
2026-01-26T08:51:45.186783,2026-01-26,mistral,mistral-large-latest,381,0,0.000762
2026-01-26T08:51:46.328251,2026-01-26,mistral,mistral-large-latest,354,0,0.000708
2026-01-26T08:51:47.243075,2026-01-26,mistral,mistral-large-latest,479,0,0.000958
2026-01-26T08:51:51.039295,2026-01-26,mistral,mistral-large-latest,504,142,0.001860
2026-01-26T08:51:51.923470,2026-01-26,mistral,mistral-large-latest,572,0,0.001144
2026-01-26T08:51:53.111651,2026-01-26,mistral,mistral-large-latest,495,0,0.000990
2026-01-26T08:51:54.124982,2026-01-26,mistral,mistral-large-latest,537,0,0.001074
2026-01-26T08:51:55.132703,2026-01-26,mistral,mistral-large-latest,586,0,0.001172
2026-01-26T08:51:56.153041,2026-01-26,mistral,mistral-large-latest,602,0,0.001204
2026-01-26T08:51:57.239578,2026-01-26,mistral,mistral-large-latest,611,0,0.001222
2026-01-26T08:51:58.182003,2026-01-26,mistral,mistral-large-latest,586,0,0.001172
2026-01-26T08:51:59.109940,2026-01-26,mistral,mistral-large-latest,606,0,0.001212
2026-01-26T08:52:00.580470,2026-01-26,mistral,mistral-large-latest,598,0,0.001196
2026-01-26T08:52:01.517932,2026-01-26,mistral,mistral-large-latest,645,0,0.001290
2026-01-26T08:52:02.448293,2026-01-26,mistral,mistral-large-latest,616,0,0.001232
2026-01-26T08:52:03.418368,2026-01-26,mistral,mistral-large-latest,661,0,0.001322
2026-01-26T08:52:04.286724,2026-01-26,mistral,mistral-large-latest,663,0,0.001326
2026-01-26T08:52:05.228679,2026-01-26,mistral,mistral-large-latest,655,0,0.001310
2026-01-26T08:52:06.191494,2026-01-26,mistral,mistral-large-latest,658,0,0.001316
2026-01-26T08:52:07.178171,2026-01-26,mistral,mistral-large-latest,652,0,0.001304
2026-01-26T08:52:08.228805,2026-01-26,mistral,mistral-large-latest,644,0,0.001288
2026-01-26T08:52:09.114679,2026-01-26,mistral,mistral-large-latest,638,0,0.001276
2026-01-26T08:52:09.968396,2026-01-26,mistral,mistral-large-latest,602,0,0.001204
2026-01-26T08:52:10.894598,2026-01-26,mistral,mistral-large-latest,642,0,0.001284
2026-01-26T08:52:11.879837,2026-01-26,mistral,mistral-large-latest,668,0,0.001336
2026-01-26T08:52:12.938326,2026-01-26,mistral,mistral-large-latest,660,0,0.001320
2026-01-26T08:52:13.928669,2026-01-26,mistral,mistral-large-latest,663,0,0.001326
2026-01-26T08:52:21.325226,2026-01-26,mistral,mistral-large-latest,647,277,0.002956
2026-01-26T08:52:22.363463,2026-01-26,mistral,mistral-large-latest,564,0,0.001128
2026-01-26T08:52:23.290880,2026-01-26,mistral,mistral-large-latest,553,0,0.001106
2026-01-26T08:52:24.214415,2026-01-26,mistral,mistral-large-latest,528,0,0.001056
2026-01-26T08:52:28.693420,2026-01-26,mistral,mistral-large-latest,559,158,0.002066
2026-01-26T08:52:31.366920,2026-01-26,mistral,mistral-large-latest,564,0,0.001128
2026-01-26T08:52:32.280802,2026-01-26,mistral,mistral-large-latest,548,0,0.001096
2026-01-26T08:52:33.223556,2026-01-26,mistral,mistral-large-latest,526,0,0.001052
2026-01-26T08:52:34.164167,2026-01-26,mistral,mistral-large-latest,551,0,0.001102
2026-01-26T08:52:35.091696,2026-01-26,mistral,mistral-large-latest,565,0,0.001130
2026-01-26T08:52:36.165462,2026-01-26,mistral,mistral-large-latest,532,0,0.001064
2026-01-26T08:52:37.111035,2026-01-26,mistral,mistral-large-latest,613,0,0.001226
2026-01-26T08:52:38.107997,2026-01-26,mistral,mistral-large-latest,622,0,0.001244
2026-01-26T08:52:39.120991,2026-01-26,mistral,mistral-large-latest,584,0,0.001168
2026-01-26T08:52:40.074526,2026-01-26,mistral,mistral-large-latest,583,0,0.001166
2026-01-26T08:52:40.950772,2026-01-26,mistral,mistral-large-latest,577,0,0.001154
2026-01-26T08:52:41.901394,2026-01-26,mistral,mistral-large-latest,610,0,0.001220
2026-01-26T08:52:42.920018,2026-01-26,mistral,mistral-large-latest,648,0,0.001296
2026-01-26T08:52:43.863759,2026-01-26,mistral,mistral-large-latest,603,0,0.001206
2026-01-26T08:52:44.863294,2026-01-26,mistral,mistral-large-latest,666,0,0.001332
2026-01-26T08:52:45.785262,2026-01-26,mistral,mistral-large-latest,716,0,0.001432
2026-01-26T08:52:46.732541,2026-01-26,mistral,mistral-large-latest,640,0,0.001280
2026-01-26T08:52:47.640478,2026-01-26,mistral,mistral-large-latest,689,0,0.001378
2026-01-26T08:52:48.750717,2026-01-26,mistral,mistral-large-latest,681,0,0.001362
2026-01-26T08:52:49.816268,2026-01-26,mistral,mistral-large-latest,735,0,0.001470
2026-01-26T08:52:50.726823,2026-01-26,mistral,mistral-large-latest,731,0,0.001462
2026-01-26T08:52:51.704022,2026-01-26,mistral,mistral-large-latest,729,0,0.001458
2026-01-26T08:52:52.628429,2026-01-26,mistral,mistral-large-latest,584,0,0.001168
2026-01-26T08:52:53.659924,2026-01-26,mistral,mistral-large-latest,583,0,0.001166
2026-01-26T08:52:54.491408,2026-01-26,mistral,mistral-large-latest,596,0,0.001192
2026-01-26T08:52:55.407477,2026-01-26,mistral,mistral-large-latest,593,0,0.001186
2026-01-26T08:52:56.351110,2026-01-26,mistral,mistral-large-latest,624,0,0.001248
2026-01-26T08:52:57.266175,2026-01-26,mistral,mistral-large-latest,620,0,0.001240
2026-01-26T08:52:58.233605,2026-01-26,mistral,mistral-large-latest,635,0,0.001270
2026-01-26T08:52:59.174462,2026-01-26,mistral,mistral-large-latest,612,0,0.001224
2026-01-26T08:53:00.034035,2026-01-26,mistral,mistral-large-latest,702,0,0.001404
2026-01-26T08:53:00.983602,2026-01-26,mistral,mistral-large-latest,653,0,0.001306
2026-01-26T08:53:01.863424,2026-01-26,mistral,mistral-large-latest,692,0,0.001384
2026-01-26T08:53:03.101133,2026-01-26,mistral,mistral-large-latest,718,0,0.001436
2026-01-26T08:53:04.062286,2026-01-26,mistral,mistral-large-latest,776,0,0.001552
2026-01-26T08:53:04.968258,2026-01-26,mistral,mistral-large-latest,737,0,0.001474
2026-01-26T08:53:11.885315,2026-01-26,mistral,mistral-large-latest,723,288,0.003174
2026-01-26T08:53:17.492090,2026-01-26,mistral,mistral-large-latest,768,220,0.002856
2026-01-26T08:53:18.455421,2026-01-26,mistral,mistral-large-latest,861,0,0.001722
2026-01-26T08:53:27.542935,2026-01-26,mistral,mistral-large-latest,694,386,0.003704
2026-01-26T08:53:28.439515,2026-01-26,mistral,mistral-large-latest,203,0,0.000406
2026-01-26T08:53:29.327799,2026-01-26,mistral,mistral-large-latest,252,0,0.000504
2026-01-26T08:53:30.171637,2026-01-26,mistral,mistral-large-latest,289,0,0.000578
2026-01-26T08:53:31.119895,2026-01-26,mistral,mistral-large-latest,294,0,0.000588
2026-01-26T08:53:32.154107,2026-01-26,mistral,mistral-large-latest,301,0,0.000602
2026-01-26T08:53:33.037001,2026-01-26,mistral,mistral-large-latest,295,0,0.000590
2026-01-26T08:53:33.908181,2026-01-26,mistral,mistral-large-latest,323,0,0.000646
2026-01-26T08:53:34.817261,2026-01-26,mistral,mistral-large-latest,316,0,0.000632
2026-01-26T08:53:35.692084,2026-01-26,mistral,mistral-large-latest,392,0,0.000784
2026-01-26T08:53:36.582830,2026-01-26,mistral,mistral-large-latest,381,0,0.000762
2026-01-26T08:53:37.476891,2026-01-26,mistral,mistral-large-latest,354,0,0.000708
2026-01-26T10:55:31.037452,2026-01-26,mistral,mistral-large-latest,561,2022,0.013254
2026-01-26T10:56:32.569450,2026-01-26,mistral,mistral-large-latest,939,2872,0.019110
2026-01-26T10:57:27.438030,2026-01-26,mistral,mistral-large-latest,707,2561,0.016780
2026-01-26T10:58:16.894347,2026-01-26,mistral,mistral-large-latest,655,2665,0.017300
2026-01-26T10:58:48.015531,2026-01-26,mistral,mistral-large-latest,713,1676,0.011482
2026-01-26T10:59:26.426546,2026-01-26,mistral,mistral-large-latest,465,1933,0.012528
2026-01-26T11:00:35.032421,2026-01-26,mistral,mistral-large-latest,572,4061,0.025510
2026-01-26T11:01:35.550566,2026-01-26,mistral,mistral-large-latest,681,3661,0.023328
2026-01-26T11:02:38.531446,2026-01-26,mistral,mistral-large-latest,661,3374,0.021566
2026-01-26T11:03:20.035737,2026-01-26,mistral,mistral-large-latest,557,1955,0.012844
2026-01-26T11:03:55.441351,2026-01-26,mistral,mistral-large-latest,470,1401,0.009346
2026-01-26T11:04:41.306018,2026-01-26,mistral,mistral-large-latest,917,1814,0.012718
2026-01-26T11:05:03.323620,2026-01-26,mistral,mistral-large-latest,797,925,0.007144
2026-01-26T11:05:59.507187,2026-01-26,mistral,mistral-large-latest,936,2157,0.014814
2026-01-26T11:06:51.151924,2026-01-26,mistral,mistral-large-latest,1156,2183,0.015410
2026-01-26T11:06:58.127804,2026-01-26,mistral,mistral-large-latest,171,426,0.002898
2026-01-26T11:07:03.345913,2026-01-26,mistral,mistral-large-latest,100,227,0.001562
2026-01-26T11:07:05.928920,2026-01-26,mistral,mistral-large-latest,135,96,0.000846
2026-01-26T11:07:08.125463,2026-01-26,mistral,mistral-large-latest,132,71,0.000690
2026-01-26T11:07:41.941875,2026-01-26,mistral,mistral-large-latest,135,2250,0.013770
2026-01-26T11:07:52.899525,2026-01-26,mistral,mistral-large-latest,238,809,0.005330
2026-01-26T11:08:31.800323,2026-01-26,mistral,mistral-large-latest,410,1797,0.011602
2026-01-26T11:08:53.332206,2026-01-26,mistral,mistral-large-latest,190,1373,0.008618
2026-01-26T11:08:58.743714,2026-01-26,mistral,mistral-large-latest,266,325,0.002482
2026-01-26T11:16:55.643565,2026-01-26,mistral,mistral-large-latest,353,2119,0.013420
2026-01-26T11:18:15.233395,2026-01-26,mistral,mistral-large-latest,353,1745,0.011176
2026-01-26T11:18:41.451848,2026-01-26,mistral,mistral-large-latest,486,1688,0.011100
2026-01-26T11:19:18.732507,2026-01-26,mistral,mistral-large-latest,511,1984,0.012926
2026-01-26T11:19:44.915164,2026-01-26,mistral,mistral-large-latest,405,1686,0.010926
2026-01-26T11:20:20.921928,2026-01-26,mistral,mistral-large-latest,446,2117,0.013594
2026-01-26T11:20:46.646915,2026-01-26,mistral,mistral-large-latest,444,402,0.003300
2026-01-26T11:20:57.279856,2026-01-26,mistral,mistral-large-latest,469,445,0.003608
2026-01-26T11:21:09.992814,2026-01-26,mistral,mistral-large-latest,537,494,0.004038
2026-01-26T11:21:25.456321,2026-01-26,mistral,mistral-large-latest,460,648,0.004808
2026-01-26T11:22:49.391449,2026-01-26,ollama,ministral-3:8b,444,1,0.000000
2026-01-26T11:22:51.105687,2026-01-26,ollama,ministral-3:8b,469,18,0.000000
2026-01-26T11:22:58.551191,2026-01-26,ollama,ministral-3:8b,537,222,0.000000
2026-01-26T11:23:11.948664,2026-01-26,ollama,ministral-3:8b,460,464,0.000000
2026-01-26T11:23:17.679513,2026-01-26,ollama,ministral-3:8b,503,182,0.000000
2026-01-26T11:23:22.824604,2026-01-26,ollama,ministral-3:8b,552,179,0.000000
2026-01-26T11:23:26.466431,2026-01-26,ollama,ministral-3:8b,567,95,0.000000
2026-01-26T11:23:34.027706,2026-01-26,ollama,ministral-3:8b,577,234,0.000000
2026-01-26T11:23:35.700403,2026-01-26,ollama,ministral-3:8b,552,1,0.000000
2026-01-26T11:23:42.125871,2026-01-26,ollama,ministral-3:8b,571,183,0.000000
2026-01-26T11:23:43.857962,2026-01-26,ollama,ministral-3:8b,563,1,0.000000
2026-01-26T11:23:49.257670,2026-01-26,ollama,ministral-3:8b,610,170,0.000000
2026-01-26T11:23:50.924644,2026-01-26,ollama,ministral-3:8b,581,1,0.000000
2026-01-26T11:23:56.523422,2026-01-26,ollama,ministral-3:8b,627,180,0.000000
2026-01-26T11:23:58.338963,2026-01-26,ollama,ministral-3:8b,628,1,0.000000
2026-01-26T11:24:00.074661,2026-01-26,ollama,ministral-3:8b,620,1,0.000000
2026-01-26T11:24:01.958641,2026-01-26,ollama,ministral-3:8b,623,1,0.000000
2026-01-26T11:24:12.259506,2026-01-26,ollama,ministral-3:8b,618,343,0.000000
2026-01-26T11:24:20.012913,2026-01-26,ollama,ministral-3:8b,609,237,0.000000
2026-01-26T11:24:22.857988,2026-01-26,ollama,ministral-3:8b,603,44,0.000000
2026-01-26T11:24:24.517991,2026-01-26,ollama,ministral-3:8b,567,1,0.000000
2026-01-26T11:24:27.720883,2026-01-26,ollama,ministral-3:8b,607,73,0.000000
2026-01-26T11:24:33.211300,2026-01-26,ollama,ministral-3:8b,634,159,0.000000
2026-01-26T11:24:42.579791,2026-01-26,ollama,ministral-3:8b,625,298,0.000000
2026-01-26T11:24:47.402316,2026-01-26,ollama,ministral-3:8b,628,117,0.000000
2026-01-26T11:24:49.217250,2026-01-26,ollama,ministral-3:8b,612,1,0.000000
2026-01-26T11:24:50.744669,2026-01-26,ollama,ministral-3:8b,530,1,0.000000
2026-01-26T11:24:52.566894,2026-01-26,ollama,ministral-3:8b,518,23,0.000000
2026-01-26T11:24:54.088451,2026-01-26,ollama,ministral-3:8b,494,1,0.000000
2026-01-26T11:24:55.602726,2026-01-26,ollama,ministral-3:8b,525,1,0.000000
2026-01-26T11:24:57.114318,2026-01-26,ollama,ministral-3:8b,530,1,0.000000
2026-01-26T11:24:58.552568,2026-01-26,ollama,ministral-3:8b,513,1,0.000000
2026-01-26T11:25:08.102036,2026-01-26,ollama,ministral-3:8b,491,331,0.000000
2026-01-26T11:25:09.546436,2026-01-26,ollama,ministral-3:8b,516,1,0.000000
2026-01-26T11:25:11.128743,2026-01-26,ollama,ministral-3:8b,530,1,0.000000
2026-01-26T11:25:12.716041,2026-01-26,ollama,ministral-3:8b,497,1,0.000000
2026-01-26T11:25:18.714988,2026-01-26,ollama,ministral-3:8b,578,206,0.000000
2026-01-26T11:25:21.804369,2026-01-26,ollama,ministral-3:8b,587,62,0.000000
2026-01-26T11:25:23.461453,2026-01-26,ollama,ministral-3:8b,549,1,0.000000
2026-01-26T11:25:27.545493,2026-01-26,ollama,ministral-3:8b,548,117,0.000000
2026-01-26T11:25:29.210713,2026-01-26,ollama,ministral-3:8b,543,1,0.000000
2026-01-26T11:25:30.871208,2026-01-26,ollama,ministral-3:8b,575,1,0.000000
2026-01-26T11:25:35.488854,2026-01-26,ollama,ministral-3:8b,614,133,0.000000
2026-01-26T11:25:39.079479,2026-01-26,ollama,ministral-3:8b,568,71,0.000000
2026-01-26T11:25:40.901174,2026-01-26,ollama,ministral-3:8b,632,1,0.000000
2026-01-26T11:25:46.729741,2026-01-26,ollama,ministral-3:8b,682,166,0.000000
2026-01-26T11:25:48.544923,2026-01-26,ollama,ministral-3:8b,605,1,0.000000
2026-01-26T11:25:50.366726,2026-01-26,ollama,ministral-3:8b,654,1,0.000000
2026-01-26T11:25:52.095028,2026-01-26,ollama,ministral-3:8b,646,1,0.000000
2026-01-26T11:25:54.064083,2026-01-26,ollama,ministral-3:8b,701,1,0.000000
2026-01-26T11:25:56.109951,2026-01-26,ollama,ministral-3:8b,697,1,0.000000
2026-01-26T11:25:59.921506,2026-01-26,ollama,ministral-3:8b,694,90,0.000000
2026-01-26T11:26:01.582877,2026-01-26,ollama,ministral-3:8b,549,1,0.000000
2026-01-26T11:26:03.167255,2026-01-26,ollama,ministral-3:8b,548,1,0.000000
2026-01-26T11:26:06.563268,2026-01-26,ollama,ministral-3:8b,561,76,0.000000
2026-01-26T11:26:08.226354,2026-01-26,ollama,ministral-3:8b,558,1,0.000000
2026-01-26T11:26:12.147691,2026-01-26,ollama,ministral-3:8b,590,105,0.000000
2026-01-26T11:26:14.948488,2026-01-26,ollama,ministral-3:8b,585,43,0.000000
2026-01-26T11:26:16.685753,2026-01-26,ollama,ministral-3:8b,600,1,0.000000
2026-01-26T11:26:18.345791,2026-01-26,ollama,ministral-3:8b,577,1,0.000000
2026-01-26T11:26:21.027283,2026-01-26,ollama,ministral-3:8b,667,32,0.000000
2026-01-26T11:26:28.938224,2026-01-26,ollama,ministral-3:8b,619,227,0.000000
2026-01-26T11:26:37.488385,2026-01-26,ollama,ministral-3:8b,658,252,0.000000
2026-01-26T11:26:45.196335,2026-01-26,ollama,ministral-3:8b,683,244,0.000000
2026-01-26T11:26:47.694985,2026-01-26,ollama,ministral-3:8b,741,12,0.000000
2026-01-26T11:26:50.301416,2026-01-26,ollama,ministral-3:8b,703,17,0.000000
2026-01-26T11:26:58.731702,2026-01-26,ollama,ministral-3:8b,689,262,0.000000
2026-01-26T11:27:04.996025,2026-01-26,ollama,ministral-3:8b,733,183,0.000000
2026-01-26T11:27:07.813945,2026-01-26,ollama,ministral-3:8b,826,16,0.000000
2026-01-26T11:27:10.123331,2026-01-26,ollama,ministral-3:8b,660,7,0.000000
2026-01-26T11:27:10.671228,2026-01-26,ollama,ministral-3:8b,169,0,0.000000
2026-01-26T11:27:11.366132,2026-01-26,ollama,ministral-3:8b,218,0,0.000000
2026-01-26T11:27:12.061415,2026-01-26,ollama,ministral-3:8b,254,0,0.000000
2026-01-26T11:27:12.874104,2026-01-26,ollama,ministral-3:8b,260,1,0.000000
2026-01-26T11:27:13.647920,2026-01-26,ollama,ministral-3:8b,266,0,0.000000
2026-01-26T11:27:14.346200,2026-01-26,ollama,ministral-3:8b,260,0,0.000000
2026-01-26T11:27:15.115255,2026-01-26,ollama,ministral-3:8b,289,0,0.000000
2026-01-26T11:27:15.884009,2026-01-26,ollama,ministral-3:8b,282,0,0.000000
2026-01-26T11:27:16.850388,2026-01-26,ollama,ministral-3:8b,358,1,0.000000
2026-01-26T11:27:17.818929,2026-01-26,ollama,ministral-3:8b,346,1,0.000000
2026-01-26T11:27:18.740216,2026-01-26,ollama,ministral-3:8b,319,0,0.000000
2026-01-26T11:27:20.006202,2026-01-26,ollama,ministral-3:8b,444,1,0.000000
2026-01-26T11:27:21.708490,2026-01-26,ollama,ministral-3:8b,469,18,0.000000
2026-01-26T11:27:31.579154,2026-01-26,ollama,ministral-3:8b,537,289,0.000000
2026-01-26T11:27:40.256295,2026-01-26,ollama,ministral-3:8b,460,297,0.000000
2026-01-26T11:27:42.639521,2026-01-26,ollama,ministral-3:8b,503,47,0.000000
2026-01-26T11:27:45.636673,2026-01-26,ollama,ministral-3:8b,552,71,0.000000
2026-01-26T11:27:49.377496,2026-01-26,ollama,ministral-3:8b,567,107,0.000000
2026-01-26T11:27:54.821940,2026-01-26,ollama,ministral-3:8b,577,148,0.000000
2026-01-26T11:27:56.487999,2026-01-26,ollama,ministral-3:8b,552,1,0.000000
2026-01-26T11:28:03.031677,2026-01-26,ollama,ministral-3:8b,571,196,0.000000
2026-01-26T11:28:04.769506,2026-01-26,ollama,ministral-3:8b,563,1,0.000000
2026-01-26T11:29:41.008982,2026-01-26,ollama,ministral-3:8b,353,3824,0.000000
2026-01-26T11:30:07.031611,2026-01-26,ollama,ministral-3:8b,486,1161,0.000000
2026-01-26T11:30:52.144964,2026-01-26,ollama,ministral-3:8b,511,1785,0.000000
2026-01-26T11:31:59.874038,2026-01-26,ollama,ministral-3:8b,405,2736,0.000000
2026-01-26T11:32:49.835959,2026-01-26,ollama,ministral-3:8b,446,2374,0.000000
2026-01-26T11:33:13.774991,2026-01-26,ollama,ministral-3:8b,444,1,0.000000
2026-01-26T11:33:15.481363,2026-01-26,ollama,ministral-3:8b,469,18,0.000000
2026-01-26T11:33:22.955959,2026-01-26,ollama,ministral-3:8b,537,222,0.000000
2026-01-26T11:33:31.564393,2026-01-26,ollama,ministral-3:8b,460,297,0.000000
2026-01-26T11:33:36.346558,2026-01-26,ollama,ministral-3:8b,503,144,0.000000
2026-01-26T11:33:39.913034,2026-01-26,ollama,ministral-3:8b,552,103,0.000000
2026-01-26T11:33:43.520707,2026-01-26,ollama,ministral-3:8b,567,107,0.000000
2026-01-26T11:33:51.053232,2026-01-26,ollama,ministral-3:8b,577,234,0.000000
2026-01-26T11:33:52.715084,2026-01-26,ollama,ministral-3:8b,552,1,0.000000
2026-01-26T11:34:08.208500,2026-01-26,ollama,ministral-3:8b,571,545,0.000000
2026-01-26T11:34:18.954325,2026-01-26,ollama,ministral-3:8b,563,361,0.000000
2026-01-26T11:34:24.390774,2026-01-26,ollama,ministral-3:8b,610,159,0.000000
2026-01-26T11:34:30.036930,2026-01-26,ollama,ministral-3:8b,581,177,0.000000
2026-01-26T11:34:39.359639,2026-01-26,ollama,ministral-3:8b,627,319,0.000000
2026-01-26T11:34:41.171708,2026-01-26,ollama,ministral-3:8b,628,1,0.000000
2026-01-26T11:34:42.905831,2026-01-26,ollama,ministral-3:8b,620,1,0.000000
2026-01-26T11:34:44.793573,2026-01-26,ollama,ministral-3:8b,623,1,0.000000
2026-01-26T11:34:51.213708,2026-01-26,ollama,ministral-3:8b,618,196,0.000000
2026-01-26T11:35:02.447659,2026-01-26,ollama,ministral-3:8b,609,367,0.000000
2026-01-26T11:37:07.429091,2026-01-26,ollama,ministral-3:8b,444,1,0.000000
2026-01-26T11:37:09.141928,2026-01-26,ollama,ministral-3:8b,469,18,0.000000
2026-01-26T11:37:21.479872,2026-01-26,ollama,ministral-3:8b,537,404,0.000000
2026-01-26T11:37:31.571630,2026-01-26,ollama,ministral-3:8b,460,346,0.000000
2026-01-26T11:37:35.691883,2026-01-26,ollama,ministral-3:8b,503,133,0.000000
2026-01-26T11:37:40.226650,2026-01-26,ollama,ministral-3:8b,552,148,0.000000
2026-01-26T11:37:41.818559,2026-01-26,ollama,ministral-3:8b,567,1,0.000000
2026-01-26T11:37:47.174906,2026-01-26,ollama,ministral-3:8b,577,150,0.000000
2026-01-26T11:40:09.275467,2026-01-26,ollama,ministral-3:8b,444,1,0.000000
2026-01-26T11:40:10.979229,2026-01-26,ollama,ministral-3:8b,469,18,0.000000
2026-01-26T11:40:21.381005,2026-01-26,ollama,ministral-3:8b,537,300,0.000000
2026-01-26T11:40:31.461756,2026-01-26,ollama,ministral-3:8b,460,346,0.000000
2026-01-26T11:40:35.877660,2026-01-26,ollama,ministral-3:8b,503,149,0.000000
2026-01-26T11:40:43.151841,2026-01-26,ollama,ministral-3:8b,552,264,0.000000
2026-01-26T11:40:46.792067,2026-01-26,ollama,ministral-3:8b,567,95,0.000000
2026-01-26T11:40:58.424120,2026-01-26,ollama,ministral-3:8b,577,392,0.000000
2026-01-26T11:41:00.087659,2026-01-26,ollama,ministral-3:8b,552,1,0.000000
2026-01-26T11:41:10.819085,2026-01-26,ollama,ministral-3:8b,571,371,0.000000
2026-01-26T11:41:12.551316,2026-01-26,ollama,ministral-3:8b,563,1,0.000000
2026-01-26T11:41:17.784956,2026-01-26,ollama,ministral-3:8b,610,149,0.000000
2026-01-26T11:41:19.452447,2026-01-26,ollama,ministral-3:8b,581,1,0.000000
2026-01-26T11:41:31.262644,2026-01-26,ollama,ministral-3:8b,627,419,0.000000
2026-01-26T11:41:33.075720,2026-01-26,ollama,ministral-3:8b,628,1,0.000000
2026-01-26T11:41:34.812247,2026-01-26,ollama,ministral-3:8b,620,1,0.000000
2026-01-26T11:41:36.699501,2026-01-26,ollama,ministral-3:8b,623,1,0.000000
2026-01-26T11:41:44.029346,2026-01-26,ollama,ministral-3:8b,618,226,0.000000
2026-01-26T11:41:50.616473,2026-01-26,ollama,ministral-3:8b,609,191,0.000000
2026-01-26T11:41:52.515473,2026-01-26,ollama,ministral-3:8b,603,1,0.000000
2026-01-26T11:41:57.056716,2026-01-26,ollama,ministral-3:8b,567,121,0.000000
2026-01-26T11:42:03.193991,2026-01-26,ollama,ministral-3:8b,607,188,0.000000
2026-01-26T11:42:06.996312,2026-01-26,ollama,ministral-3:8b,634,84,0.000000
2026-01-26T11:42:16.265416,2026-01-26,ollama,ministral-3:8b,625,298,0.000000
2026-01-26T11:42:21.009550,2026-01-26,ollama,ministral-3:8b,628,117,0.000000
2026-01-26T11:42:22.822694,2026-01-26,ollama,ministral-3:8b,612,1,0.000000
2026-01-26T11:42:24.334036,2026-01-26,ollama,ministral-3:8b,530,1,0.000000
2026-01-26T11:42:26.891140,2026-01-26,ollama,ministral-3:8b,518,58,0.000000
2026-01-26T11:42:28.400950,2026-01-26,ollama,ministral-3:8b,494,1,0.000000
2026-01-26T11:42:32.605925,2026-01-26,ollama,ministral-3:8b,525,118,0.000000
2026-01-26T11:42:34.122276,2026-01-26,ollama,ministral-3:8b,530,1,0.000000
2026-01-26T11:42:35.564018,2026-01-26,ollama,ministral-3:8b,513,1,0.000000
2026-01-26T11:50:29.089132,2026-01-26,ollama,ministral-3:8b,444,1,0.000000
2026-01-26T11:50:30.795128,2026-01-26,ollama,ministral-3:8b,469,18,0.000000
2026-01-26T11:50:32.525574,2026-01-26,ollama,ministral-3:8b,537,1,0.000000
2026-01-26T11:50:41.181720,2026-01-26,ollama,ministral-3:8b,460,297,0.000000
2026-01-26T11:50:44.879207,2026-01-26,ollama,ministral-3:8b,503,108,0.000000
2026-01-26T11:50:49.567352,2026-01-26,ollama,ministral-3:8b,552,161,0.000000
2026-01-26T11:50:53.243497,2026-01-26,ollama,ministral-3:8b,567,99,0.000000
2026-01-26T11:50:58.774550,2026-01-26,ollama,ministral-3:8b,577,171,0.000000
2026-01-26T11:51:00.438662,2026-01-26,ollama,ministral-3:8b,552,1,0.000000
2026-01-26T11:51:07.887488,2026-01-26,ollama,ministral-3:8b,571,262,0.000000
2026-01-26T11:51:09.618028,2026-01-26,ollama,ministral-3:8b,563,1,0.000000
2026-01-26T11:51:12.335683,2026-01-26,ollama,ministral-3:8b,610,49,0.000000
2026-01-26T11:51:13.999247,2026-01-26,ollama,ministral-3:8b,581,1,0.000000
2026-01-26T11:51:25.818557,2026-01-26,ollama,ministral-3:8b,627,419,0.000000
2026-01-26T11:51:27.630238,2026-01-26,ollama,ministral-3:8b,628,1,0.000000
2026-01-26T11:51:29.364777,2026-01-26,ollama,ministral-3:8b,620,1,0.000000
2026-01-26T11:51:31.252445,2026-01-26,ollama,ministral-3:8b,623,1,0.000000
2026-01-26T11:51:38.570598,2026-01-26,ollama,ministral-3:8b,618,226,0.000000
2026-01-26T11:51:49.565904,2026-01-26,ollama,ministral-3:8b,609,352,0.000000
2026-01-26T11:51:54.263579,2026-01-26,ollama,ministral-3:8b,603,124,0.000000
2026-01-26T11:51:55.921399,2026-01-26,ollama,ministral-3:8b,567,1,0.000000
2026-01-26T11:51:57.580157,2026-01-26,ollama,ministral-3:8b,607,1,0.000000
2026-01-26T11:52:06.291781,2026-01-26,ollama,ministral-3:8b,634,297,0.000000
2026-01-26T11:52:08.573592,2026-01-26,ollama,ministral-3:8b,625,24,0.000000
2026-01-26T11:52:12.790250,2026-01-26,ollama,ministral-3:8b,628,95,0.000000
2026-01-26T11:52:14.605862,2026-01-26,ollama,ministral-3:8b,612,1,0.000000
2026-01-26T11:52:16.118708,2026-01-26,ollama,ministral-3:8b,530,1,0.000000
2026-01-26T11:52:17.482603,2026-01-26,ollama,ministral-3:8b,518,1,0.000000
2026-01-26T11:52:18.993864,2026-01-26,ollama,ministral-3:8b,494,1,0.000000
2026-01-26T11:52:20.505778,2026-01-26,ollama,ministral-3:8b,525,1,0.000000
2026-01-26T11:52:22.018652,2026-01-26,ollama,ministral-3:8b,530,1,0.000000
2026-01-26T11:52:23.458720,2026-01-26,ollama,ministral-3:8b,513,1,0.000000
2026-01-26T11:52:29.109123,2026-01-26,ollama,ministral-3:8b,491,175,0.000000
2026-01-26T11:52:30.553322,2026-01-26,ollama,ministral-3:8b,516,1,0.000000
2026-01-26T11:52:32.139244,2026-01-26,ollama,ministral-3:8b,530,1,0.000000
2026-01-26T11:52:33.726275,2026-01-26,ollama,ministral-3:8b,497,1,0.000000
2026-01-26T11:52:35.389269,2026-01-26,ollama,ministral-3:8b,578,1,0.000000
2026-01-26T11:52:39.673585,2026-01-26,ollama,ministral-3:8b,587,108,0.000000
2026-01-26T11:52:41.336111,2026-01-26,ollama,ministral-3:8b,549,1,0.000000
2026-01-26T11:52:47.384700,2026-01-26,ollama,ministral-3:8b,548,194,0.000000
2026-01-26T11:52:49.045415,2026-01-26,ollama,ministral-3:8b,543,1,0.000000
2026-01-26T11:52:56.208164,2026-01-26,ollama,ministral-3:8b,575,221,0.000000
2026-01-26T11:53:02.458356,2026-01-26,ollama,ministral-3:8b,614,181,0.000000
2026-01-26T11:53:07.280365,2026-01-26,ollama,ministral-3:8b,568,127,0.000000
2026-01-26T11:53:09.097194,2026-01-26,ollama,ministral-3:8b,632,1,0.000000
2026-01-26T11:53:13.702701,2026-01-26,ollama,ministral-3:8b,682,120,0.000000
2026-01-26T11:53:20.730879,2026-01-26,ollama,ministral-3:8b,605,224,0.000000
2026-01-26T11:53:22.553021,2026-01-26,ollama,ministral-3:8b,654,1,0.000000
2026-01-26T11:53:24.283804,2026-01-26,ollama,ministral-3:8b,646,1,0.000000
2026-01-26T11:53:26.259317,2026-01-26,ollama,ministral-3:8b,701,1,0.000000
2026-01-26T11:53:28.301797,2026-01-26,ollama,ministral-3:8b,697,1,0.000000
2026-01-26T11:53:31.679374,2026-01-26,ollama,ministral-3:8b,694,72,0.000000
2026-01-26T11:53:33.340161,2026-01-26,ollama,ministral-3:8b,549,1,0.000000
2026-01-26T11:53:34.932166,2026-01-26,ollama,ministral-3:8b,548,1,0.000000
2026-01-26T11:53:36.517678,2026-01-26,ollama,ministral-3:8b,561,1,0.000000
2026-01-26T11:53:44.478450,2026-01-26,ollama,ministral-3:8b,558,279,0.000000
2026-01-26T11:53:50.011825,2026-01-26,ollama,ministral-3:8b,590,179,0.000000
2026-01-26T11:53:51.821845,2026-01-26,ollama,ministral-3:8b,585,1,0.000000
2026-01-26T11:53:53.557934,2026-01-26,ollama,ministral-3:8b,600,1,0.000000
2026-01-26T11:53:55.223501,2026-01-26,ollama,ministral-3:8b,577,1,0.000000
2026-01-26T11:53:57.187290,2026-01-26,ollama,ministral-3:8b,667,1,0.000000
2026-01-26T11:53:59.153963,2026-01-26,ollama,ministral-3:8b,619,1,0.000000
2026-01-26T11:54:05.981700,2026-01-26,ollama,ministral-3:8b,658,201,0.000000
2026-01-26T11:54:15.483248,2026-01-26,ollama,ministral-3:8b,683,295,0.000000
2026-01-26T11:54:20.238126,2026-01-26,ollama,ministral-3:8b,741,106,0.000000
2026-01-26T11:54:26.962459,2026-01-26,ollama,ministral-3:8b,703,183,0.000000
2026-01-26T11:54:36.308400,2026-01-26,ollama,ministral-3:8b,689,289,0.000000
2026-01-26T11:54:43.917404,2026-01-26,ollama,ministral-3:8b,733,236,0.000000
2026-01-26T11:54:46.735223,2026-01-26,ollama,ministral-3:8b,826,16,0.000000
2026-01-26T11:54:53.236167,2026-01-26,ollama,ministral-3:8b,660,204,0.000000
2026-01-26T11:54:53.786922,2026-01-26,ollama,ministral-3:8b,169,0,0.000000
2026-01-26T11:54:54.528965,2026-01-26,ollama,ministral-3:8b,218,1,0.000000
2026-01-26T11:54:55.224921,2026-01-26,ollama,ministral-3:8b,254,0,0.000000
2026-01-26T11:54:55.993811,2026-01-26,ollama,ministral-3:8b,260,0,0.000000
2026-01-26T11:54:56.764357,2026-01-26,ollama,ministral-3:8b,266,0,0.000000
2026-01-26T11:54:57.461628,2026-01-26,ollama,ministral-3:8b,260,0,0.000000
2026-01-26T11:54:58.280587,2026-01-26,ollama,ministral-3:8b,289,1,0.000000
2026-01-26T11:54:59.051358,2026-01-26,ollama,ministral-3:8b,282,0,0.000000
2026-01-26T11:54:59.973622,2026-01-26,ollama,ministral-3:8b,358,0,0.000000
2026-01-26T11:55:00.814768,2026-01-26,ollama,ministral-3:8b,319,0,0.000000
2026-01-26T11:55:01.781440,2026-01-26,ollama,ministral-3:8b,346,1,0.000000
2026-01-26T11:55:11.226730,2026-01-26,ollama,ministral-3:8b,444,349,0.000000
2026-01-26T11:55:12.932521,2026-01-26,ollama,ministral-3:8b,469,18,0.000000
2026-01-26T11:55:18.834241,2026-01-26,ollama,ministral-3:8b,537,160,0.000000
2026-01-26T11:55:34.178531,2026-01-26,ollama,ministral-3:8b,460,528,0.000000
2026-01-26T11:55:38.373647,2026-01-26,ollama,ministral-3:8b,503,122,0.000000
2026-01-26T11:55:41.442884,2026-01-26,ollama,ministral-3:8b,552,71,0.000000
2026-01-26T11:55:43.034701,2026-01-26,ollama,ministral-3:8b,567,1,0.000000
2026-01-26T11:55:48.557632,2026-01-26,ollama,ministral-3:8b,577,171,0.000000
2026-01-26T11:55:50.221041,2026-01-26,ollama,ministral-3:8b,552,1,0.000000
2026-01-26T11:55:54.386709,2026-01-26,ollama,ministral-3:8b,571,123,0.000000
2026-01-26T11:55:56.117245,2026-01-26,ollama,ministral-3:8b,563,1,0.000000
2026-01-26T11:56:00.974812,2026-01-26,ollama,ministral-3:8b,610,148,0.000000
2026-01-26T11:56:02.641572,2026-01-26,ollama,ministral-3:8b,581,1,0.000000
2026-01-26T11:56:15.211532,2026-01-26,ollama,ministral-3:8b,627,462,0.000000
2026-01-26T11:56:17.024702,2026-01-26,ollama,ministral-3:8b,628,1,0.000000
2026-01-26T11:56:18.757096,2026-01-26,ollama,ministral-3:8b,620,1,0.000000
2026-01-26T11:56:20.649327,2026-01-26,ollama,ministral-3:8b,623,1,0.000000
2026-01-26T11:56:28.002522,2026-01-26,ollama,ministral-3:8b,618,241,0.000000
2026-01-26T11:56:34.392220,2026-01-26,ollama,ministral-3:8b,609,182,0.000000
2026-01-26T11:56:36.286677,2026-01-26,ollama,ministral-3:8b,603,1,0.000000
2026-01-26T11:56:37.945264,2026-01-26,ollama,ministral-3:8b,567,1,0.000000
2026-01-26T11:56:42.691072,2026-01-26,ollama,ministral-3:8b,607,144,0.000000
2026-01-26T11:56:50.937690,2026-01-26,ollama,ministral-3:8b,634,258,0.000000
2026-01-26T11:56:57.343913,2026-01-26,ollama,ministral-3:8b,625,185,0.000000
2026-01-26T11:57:02.159602,2026-01-26,ollama,ministral-3:8b,628,119,0.000000
2026-01-26T11:57:03.971875,2026-01-26,ollama,ministral-3:8b,612,1,0.000000
2026-01-26T11:57:05.492267,2026-01-26,ollama,ministral-3:8b,530,1,0.000000
2026-01-26T11:57:09.547414,2026-01-26,ollama,ministral-3:8b,518,118,0.000000
2026-01-26T11:57:11.059422,2026-01-26,ollama,ministral-3:8b,494,1,0.000000
2026-01-26T11:57:12.573154,2026-01-26,ollama,ministral-3:8b,525,1,0.000000
2026-01-26T11:57:14.087319,2026-01-26,ollama,ministral-3:8b,530,1,0.000000
2026-01-26T11:57:15.526572,2026-01-26,ollama,ministral-3:8b,513,1,0.000000
2026-01-26T11:57:23.852584,2026-01-26,ollama,ministral-3:8b,491,281,0.000000
2026-01-26T11:57:25.296039,2026-01-26,ollama,ministral-3:8b,516,1,0.000000
2026-01-26T11:57:26.882619,2026-01-26,ollama,ministral-3:8b,530,1,0.000000
2026-01-26T11:57:28.470218,2026-01-26,ollama,ministral-3:8b,497,1,0.000000
2026-01-26T11:57:35.365799,2026-01-26,ollama,ministral-3:8b,578,228,0.000000
2026-01-26T11:57:38.454904,2026-01-26,ollama,ministral-3:8b,587,62,0.000000
2026-01-26T11:57:40.152464,2026-01-26,ollama,ministral-3:8b,549,1,0.000000
2026-01-26T11:57:46.390134,2026-01-26,ollama,ministral-3:8b,548,175,0.000000
2026-01-26T11:57:48.052461,2026-01-26,ollama,ministral-3:8b,543,1,0.000000
2026-01-26T11:57:49.717193,2026-01-26,ollama,ministral-3:8b,575,1,0.000000
2026-01-26T11:57:54.600539,2026-01-26,ollama,ministral-3:8b,614,149,0.000000
2026-01-26T11:57:58.551479,2026-01-26,ollama,ministral-3:8b,568,90,0.000000
2026-01-26T11:58:00.368813,2026-01-26,ollama,ministral-3:8b,632,1,0.000000
2026-01-26T11:58:04.963654,2026-01-26,ollama,ministral-3:8b,682,120,0.000000
2026-01-26T11:58:06.779212,2026-01-26,ollama,ministral-3:8b,605,1,0.000000
2026-01-26T11:58:08.598223,2026-01-26,ollama,ministral-3:8b,654,1,0.000000
2026-01-26T11:58:10.329750,2026-01-26,ollama,ministral-3:8b,646,1,0.000000
2026-01-26T11:58:12.297059,2026-01-26,ollama,ministral-3:8b,701,1,0.000000
2026-01-26T11:58:14.347388,2026-01-26,ollama,ministral-3:8b,697,1,0.000000
2026-01-26T11:58:17.720732,2026-01-26,ollama,ministral-3:8b,694,72,0.000000
2026-01-26T11:58:19.382043,2026-01-26,ollama,ministral-3:8b,549,1,0.000000
2026-01-26T11:58:20.967111,2026-01-26,ollama,ministral-3:8b,548,1,0.000000
2026-01-26T11:58:24.336257,2026-01-26,ollama,ministral-3:8b,561,76,0.000000
2026-01-26T11:58:26.003527,2026-01-26,ollama,ministral-3:8b,558,1,0.000000
2026-01-26T11:58:40.476812,2026-01-26,ollama,ministral-3:8b,590,495,0.000000
2026-01-26T11:58:42.286450,2026-01-26,ollama,ministral-3:8b,585,1,0.000000
2026-01-26T11:58:44.023291,2026-01-26,ollama,ministral-3:8b,600,1,0.000000
2026-01-26T11:58:45.687583,2026-01-26,ollama,ministral-3:8b,577,1,0.000000
2026-01-26T11:58:48.371129,2026-01-26,ollama,ministral-3:8b,667,32,0.000000
2026-01-26T11:58:50.343495,2026-01-26,ollama,ministral-3:8b,619,1,0.000000
2026-01-26T11:58:55.353302,2026-01-26,ollama,ministral-3:8b,658,120,0.000000
2026-01-26T11:59:02.869147,2026-01-26,ollama,ministral-3:8b,683,234,0.000000
2026-01-26T11:59:07.631386,2026-01-26,ollama,ministral-3:8b,741,106,0.000000
2026-01-26T11:59:18.582935,2026-01-26,ollama,ministral-3:8b,703,364,0.000000
2026-01-26T11:59:26.423873,2026-01-26,ollama,ministral-3:8b,689,241,0.000000
2026-01-26T11:59:28.725817,2026-01-26,ollama,ministral-3:8b,733,12,0.000000
2026-01-26T11:59:31.542989,2026-01-26,ollama,ministral-3:8b,826,16,0.000000
2026-01-26T11:59:33.845441,2026-01-26,ollama,ministral-3:8b,660,7,0.000000
2026-01-26T11:59:34.396351,2026-01-26,ollama,ministral-3:8b,169,0,0.000000
2026-01-26T11:59:35.091715,2026-01-26,ollama,ministral-3:8b,218,0,0.000000
2026-01-26T11:59:35.833937,2026-01-26,ollama,ministral-3:8b,254,1,0.000000
2026-01-26T11:59:36.648657,2026-01-26,ollama,ministral-3:8b,260,1,0.000000
2026-01-26T11:59:37.419321,2026-01-26,ollama,ministral-3:8b,266,0,0.000000
2026-01-26T11:59:38.122309,2026-01-26,ollama,ministral-3:8b,260,0,0.000000
2026-01-26T11:59:38.954412,2026-01-26,ollama,ministral-3:8b,289,1,0.000000
2026-01-26T11:59:39.723092,2026-01-26,ollama,ministral-3:8b,282,0,0.000000
2026-01-26T11:59:40.644331,2026-01-26,ollama,ministral-3:8b,358,0,0.000000
2026-01-26T11:59:41.483170,2026-01-26,ollama,ministral-3:8b,319,0,0.000000
2026-01-26T11:59:42.406463,2026-01-26,ollama,ministral-3:8b,346,0,0.000000
2026-01-26T11:59:44.207181,2026-01-26,ollama,ministral-3:8b,444,22,0.000000
2026-01-26T11:59:45.917873,2026-01-26,ollama,ministral-3:8b,469,18,0.000000
2026-01-26T11:59:58.297559,2026-01-26,ollama,ministral-3:8b,537,404,0.000000
2026-01-26T12:00:07.552323,2026-01-26,ollama,ministral-3:8b,460,293,0.000000
2026-01-26T12:00:12.831242,2026-01-26,ollama,ministral-3:8b,503,159,0.000000
2026-01-26T12:00:16.565437,2026-01-26,ollama,ministral-3:8b,552,111,0.000000
2026-01-26T12:00:18.156385,2026-01-26,ollama,ministral-3:8b,567,1,0.000000
2026-01-26T12:00:23.601831,2026-01-26,ollama,ministral-3:8b,577,148,0.000000
2026-01-26T12:00:25.265290,2026-01-26,ollama,ministral-3:8b,552,1,0.000000
2026-01-26T12:00:36.915429,2026-01-26,ollama,ministral-3:8b,571,415,0.000000
2026-01-26T12:00:42.040948,2026-01-26,ollama,ministral-3:8b,563,129,0.000000
2026-01-26T12:00:45.937647,2026-01-26,ollama,ministral-3:8b,610,96,0.000000
2026-01-26T12:00:48.801876,2026-01-26,ollama,ministral-3:8b,581,53,0.000000
2026-01-26T12:01:00.624114,2026-01-26,ollama,ministral-3:8b,627,419,0.000000
2026-01-26T12:01:02.437594,2026-01-26,ollama,ministral-3:8b,628,1,0.000000
2026-01-26T12:01:04.173851,2026-01-26,ollama,ministral-3:8b,620,1,0.000000
2026-01-26T12:01:06.057773,2026-01-26,ollama,ministral-3:8b,623,1,0.000000
2026-01-26T12:01:16.988831,2026-01-26,ollama,ministral-3:8b,618,372,0.000000
2026-01-26T12:01:21.291271,2026-01-26,ollama,ministral-3:8b,609,105,0.000000
2026-01-26T12:01:24.138772,2026-01-26,ollama,ministral-3:8b,603,44,0.000000
2026-01-26T12:01:25.802978,2026-01-26,ollama,ministral-3:8b,567,1,0.000000
2026-01-26T12:01:27.463303,2026-01-26,ollama,ministral-3:8b,607,1,0.000000
2026-01-26T12:01:38.156187,2026-01-26,ollama,ministral-3:8b,634,325,0.000000
2026-01-26T12:01:44.256822,2026-01-26,ollama,ministral-3:8b,625,184,0.000000
2026-01-26T12:01:49.544649,2026-01-26,ollama,ministral-3:8b,628,143,0.000000
2026-01-26T12:01:51.360933,2026-01-26,ollama,ministral-3:8b,612,1,0.000000
2026-01-26T12:01:52.871222,2026-01-26,ollama,ministral-3:8b,530,1,0.000000
2026-01-26T12:01:56.096821,2026-01-26,ollama,ministral-3:8b,518,93,0.000000
2026-01-26T12:01:57.605686,2026-01-26,ollama,ministral-3:8b,494,1,0.000000
2026-01-26T12:01:59.123692,2026-01-26,ollama,ministral-3:8b,525,1,0.000000
2026-01-26T12:02:00.638948,2026-01-26,ollama,ministral-3:8b,530,1,0.000000
2026-01-26T12:02:02.078734,2026-01-26,ollama,ministral-3:8b,513,1,0.000000
2026-01-26T12:02:09.221740,2026-01-26,ollama,ministral-3:8b,491,240,0.000000
2026-01-26T12:02:10.665524,2026-01-26,ollama,ministral-3:8b,516,1,0.000000
2026-01-26T12:02:12.250743,2026-01-26,ollama,ministral-3:8b,530,1,0.000000
2026-01-26T12:02:13.841866,2026-01-26,ollama,ministral-3:8b,497,1,0.000000
2026-01-26T12:02:15.506518,2026-01-26,ollama,ministral-3:8b,578,1,0.000000
2026-01-26T12:02:21.447136,2026-01-26,ollama,ministral-3:8b,587,186,0.000000
2026-01-26T12:02:23.115564,2026-01-26,ollama,ministral-3:8b,549,1,0.000000
2026-01-26T12:02:28.262068,2026-01-26,ollama,ministral-3:8b,548,157,0.000000
2026-01-26T12:02:29.928446,2026-01-26,ollama,ministral-3:8b,543,1,0.000000
2026-01-26T12:02:31.593473,2026-01-26,ollama,ministral-3:8b,575,1,0.000000
2026-01-26T12:02:36.374262,2026-01-26,ollama,ministral-3:8b,614,132,0.000000
2026-01-26T12:02:52.402103,2026-01-26,ollama,ministral-3:8b,568,556,0.000000
2026-01-26T12:02:54.222720,2026-01-26,ollama,ministral-3:8b,632,1,0.000000
2026-01-26T12:02:56.190426,2026-01-26,ollama,ministral-3:8b,682,1,0.000000
2026-01-26T12:02:58.003405,2026-01-26,ollama,ministral-3:8b,605,1,0.000000
2026-01-26T12:02:59.827302,2026-01-26,ollama,ministral-3:8b,654,1,0.000000
2026-01-26T12:03:01.559185,2026-01-26,ollama,ministral-3:8b,646,1,0.000000
2026-01-26T12:03:03.529270,2026-01-26,ollama,ministral-3:8b,701,1,0.000000
2026-01-26T12:03:05.576513,2026-01-26,ollama,ministral-3:8b,697,1,0.000000
2026-01-26T12:03:12.905427,2026-01-26,ollama,ministral-3:8b,694,234,0.000000
2026-01-26T12:03:14.571383,2026-01-26,ollama,ministral-3:8b,549,1,0.000000
2026-01-26T12:03:16.159575,2026-01-26,ollama,ministral-3:8b,548,1,0.000000
2026-01-26T12:03:17.745051,2026-01-26,ollama,ministral-3:8b,561,1,0.000000
2026-01-26T12:03:19.412794,2026-01-26,ollama,ministral-3:8b,558,1,0.000000
2026-01-26T12:03:23.102094,2026-01-26,ollama,ministral-3:8b,590,96,0.000000
2026-01-26T12:03:25.699934,2026-01-26,ollama,ministral-3:8b,585,33,0.000000
2026-01-26T12:03:27.435294,2026-01-26,ollama,ministral-3:8b,600,1,0.000000
2026-01-26T12:03:29.100361,2026-01-26,ollama,ministral-3:8b,577,1,0.000000
2026-01-26T12:03:32.803087,2026-01-26,ollama,ministral-3:8b,667,74,0.000000
2026-01-26T12:03:38.873880,2026-01-26,ollama,ministral-3:8b,619,164,0.000000
2026-01-26T12:03:46.208532,2026-01-26,ollama,ministral-3:8b,658,210,0.000000
2026-01-26T12:03:58.207914,2026-01-26,ollama,ministral-3:8b,683,396,0.000000
2026-01-26T12:04:02.953730,2026-01-26,ollama,ministral-3:8b,741,106,0.000000
2026-01-26T12:04:13.903860,2026-01-26,ollama,ministral-3:8b,703,364,0.000000
2026-01-26T12:04:16.226155,2026-01-26,ollama,ministral-3:8b,689,8,0.000000
2026-01-26T12:04:21.030034,2026-01-26,ollama,ministral-3:8b,733,119,0.000000
2026-01-26T12:04:23.850486,2026-01-26,ollama,ministral-3:8b,826,16,0.000000
2026-01-26T12:04:26.152201,2026-01-26,ollama,ministral-3:8b,660,7,0.000000
2026-01-26T12:04:26.700571,2026-01-26,ollama,ministral-3:8b,169,0,0.000000
2026-01-26T12:04:27.398788,2026-01-26,ollama,ministral-3:8b,218,0,0.000000
2026-01-26T12:04:28.101175,2026-01-26,ollama,ministral-3:8b,254,0,0.000000
2026-01-26T12:04:28.869551,2026-01-26,ollama,ministral-3:8b,260,0,0.000000
2026-01-26T12:04:29.690920,2026-01-26,ollama,ministral-3:8b,266,1,0.000000
2026-01-26T12:04:30.387388,2026-01-26,ollama,ministral-3:8b,260,0,0.000000
2026-01-26T12:04:31.201640,2026-01-26,ollama,ministral-3:8b,289,1,0.000000
2026-01-26T12:04:31.969690,2026-01-26,ollama,ministral-3:8b,282,0,0.000000
2026-01-26T12:04:32.938954,2026-01-26,ollama,ministral-3:8b,358,1,0.000000
2026-01-26T12:04:33.861204,2026-01-26,ollama,ministral-3:8b,319,0,0.000000
2026-01-26T12:04:34.827535,2026-01-26,ollama,ministral-3:8b,346,1,0.000000
2026-01-26T12:12:20.933708,2026-01-26,ollama,ministral-3:8b,444,1,0.000000
2026-01-26T12:12:22.649263,2026-01-26,ollama,ministral-3:8b,469,18,0.000000
2026-01-26T12:12:24.383644,2026-01-26,ollama,ministral-3:8b,537,1,0.000000
2026-01-26T12:12:36.964248,2026-01-26,ollama,ministral-3:8b,460,442,0.000000
2026-01-26T12:12:41.132928,2026-01-26,ollama,ministral-3:8b,503,133,0.000000
2026-01-26T12:12:44.125111,2026-01-26,ollama,ministral-3:8b,552,71,0.000000
2026-01-26T12:12:47.864435,2026-01-26,ollama,ministral-3:8b,567,109,0.000000
2026-01-26T12:12:52.552318,2026-01-26,ollama,ministral-3:8b,577,138,0.000000
2026-01-26T12:12:54.215159,2026-01-26,ollama,ministral-3:8b,552,1,0.000000
2026-01-26T12:13:07.243938,2026-01-26,ollama,ministral-3:8b,571,450,0.000000
2026-01-26T12:13:18.530086,2026-01-26,ollama,ministral-3:8b,563,388,0.000000
2026-01-26T12:13:20.263615,2026-01-26,ollama,ministral-3:8b,610,1,0.000000
2026-01-26T12:13:21.924129,2026-01-26,ollama,ministral-3:8b,581,1,0.000000
2026-01-26T12:13:35.187358,2026-01-26,ollama,ministral-3:8b,627,473,0.000000
2026-01-26T12:13:37.000117,2026-01-26,ollama,ministral-3:8b,628,1,0.000000
2026-01-26T12:13:38.740847,2026-01-26,ollama,ministral-3:8b,620,1,0.000000
2026-01-26T12:13:40.634643,2026-01-26,ollama,ministral-3:8b,623,1,0.000000
2026-01-26T12:13:51.583884,2026-01-26,ollama,ministral-3:8b,618,372,0.000000
2026-01-26T12:13:56.733221,2026-01-26,ollama,ministral-3:8b,609,139,0.000000
2026-01-26T12:13:58.632069,2026-01-26,ollama,ministral-3:8b,603,1,0.000000
2026-01-26T12:14:00.290122,2026-01-26,ollama,ministral-3:8b,567,1,0.000000
2026-01-26T12:14:07.646977,2026-01-26,ollama,ministral-3:8b,607,255,0.000000
2026-01-26T12:14:12.700438,2026-01-26,ollama,ministral-3:8b,634,141,0.000000
2026-01-26T12:14:18.793021,2026-01-26,ollama,ministral-3:8b,625,184,0.000000
2026-01-26T12:14:23.427912,2026-01-26,ollama,ministral-3:8b,628,122,0.000000
2026-01-26T12:14:25.242278,2026-01-26,ollama,ministral-3:8b,612,1,0.000000
2026-01-26T12:14:26.752685,2026-01-26,ollama,ministral-3:8b,530,1,0.000000
2026-01-26T12:14:37.047261,2026-01-26,ollama,ministral-3:8b,518,364,0.000000
2026-01-26T12:14:38.561607,2026-01-26,ollama,ministral-3:8b,494,1,0.000000
2026-01-26T12:14:40.079812,2026-01-26,ollama,ministral-3:8b,525,1,0.000000
2026-01-26T12:14:41.594524,2026-01-26,ollama,ministral-3:8b,530,1,0.000000
2026-01-26T12:14:43.033153,2026-01-26,ollama,ministral-3:8b,513,1,0.000000
2026-01-26T12:14:50.952507,2026-01-26,ollama,ministral-3:8b,491,249,0.000000
2026-01-26T12:14:52.399101,2026-01-26,ollama,ministral-3:8b,516,1,0.000000
2026-01-26T12:14:53.990659,2026-01-26,ollama,ministral-3:8b,530,1,0.000000
2026-01-26T12:14:55.578998,2026-01-26,ollama,ministral-3:8b,497,1,0.000000
2026-01-26T12:14:57.237620,2026-01-26,ollama,ministral-3:8b,578,1,0.000000
2026-01-26T12:15:00.316301,2026-01-26,ollama,ministral-3:8b,587,62,0.000000
2026-01-26T12:15:01.982961,2026-01-26,ollama,ministral-3:8b,549,1,0.000000
2026-01-26T12:15:06.565868,2026-01-26,ollama,ministral-3:8b,548,124,0.000000
2026-01-26T12:15:08.230322,2026-01-26,ollama,ministral-3:8b,543,1,0.000000
2026-01-26T12:15:15.408283,2026-01-26,ollama,ministral-3:8b,575,221,0.000000
2026-01-26T12:15:20.098159,2026-01-26,ollama,ministral-3:8b,614,130,0.000000
2026-01-26T12:15:22.364304,2026-01-26,ollama,ministral-3:8b,568,21,0.000000
2026-01-26T12:15:24.182289,2026-01-26,ollama,ministral-3:8b,632,1,0.000000
2026-01-26T12:15:26.146194,2026-01-26,ollama,ministral-3:8b,682,1,0.000000
2026-01-26T12:15:27.959903,2026-01-26,ollama,ministral-3:8b,605,1,0.000000
2026-01-26T12:15:29.782603,2026-01-26,ollama,ministral-3:8b,654,1,0.000000
2026-01-26T12:15:31.512081,2026-01-26,ollama,ministral-3:8b,646,1,0.000000
2026-01-26T12:15:33.480303,2026-01-26,ollama,ministral-3:8b,701,1,0.000000
2026-01-26T12:15:35.524279,2026-01-26,ollama,ministral-3:8b,697,1,0.000000
2026-01-26T12:15:39.392616,2026-01-26,ollama,ministral-3:8b,694,90,0.000000
2026-01-26T12:15:41.056959,2026-01-26,ollama,ministral-3:8b,549,1,0.000000
2026-01-26T12:15:42.644531,2026-01-26,ollama,ministral-3:8b,548,1,0.000000
2026-01-26T12:15:44.232164,2026-01-26,ollama,ministral-3:8b,561,1,0.000000
2026-01-26T12:15:50.511777,2026-01-26,ollama,ministral-3:8b,558,201,0.000000
2026-01-26T12:15:56.052833,2026-01-26,ollama,ministral-3:8b,590,179,0.000000
2026-01-26T12:15:57.868081,2026-01-26,ollama,ministral-3:8b,585,1,0.000000
2026-01-26T12:15:59.605850,2026-01-26,ollama,ministral-3:8b,600,1,0.000000
2026-01-26T12:16:01.266271,2026-01-26,ollama,ministral-3:8b,577,1,0.000000
2026-01-26T12:16:03.229362,2026-01-26,ollama,ministral-3:8b,667,1,0.000000
2026-01-26T12:16:09.918132,2026-01-26,ollama,ministral-3:8b,619,191,0.000000
2026-01-26T12:16:19.612645,2026-01-26,ollama,ministral-3:8b,658,297,0.000000
2026-01-26T12:16:29.074171,2026-01-26,ollama,ministral-3:8b,683,293,0.000000
2026-01-26T12:16:31.712065,2026-01-26,ollama,ministral-3:8b,741,19,0.000000
2026-01-26T12:16:38.207739,2026-01-26,ollama,ministral-3:8b,703,197,0.000000
2026-01-26T12:16:46.050479,2026-01-26,ollama,ministral-3:8b,689,241,0.000000
2026-01-26T12:16:52.475326,2026-01-26,ollama,ministral-3:8b,733,183,0.000000
2026-01-26T12:16:55.291920,2026-01-26,ollama,ministral-3:8b,826,16,0.000000
2026-01-26T12:16:57.588102,2026-01-26,ollama,ministral-3:8b,660,7,0.000000
2026-01-26T12:16:58.138402,2026-01-26,ollama,ministral-3:8b,169,0,0.000000
2026-01-26T12:16:58.833931,2026-01-26,ollama,ministral-3:8b,218,0,0.000000
2026-01-26T12:16:59.577335,2026-01-26,ollama,ministral-3:8b,254,1,0.000000
2026-01-26T12:17:00.344211,2026-01-26,ollama,ministral-3:8b,260,0,0.000000
2026-01-26T12:17:01.117240,2026-01-26,ollama,ministral-3:8b,266,0,0.000000
2026-01-26T12:17:01.813150,2026-01-26,ollama,ministral-3:8b,260,0,0.000000
2026-01-26T12:17:02.580596,2026-01-26,ollama,ministral-3:8b,289,0,0.000000
2026-01-26T12:17:03.397967,2026-01-26,ollama,ministral-3:8b,282,1,0.000000
2026-01-26T12:17:04.317502,2026-01-26,ollama,ministral-3:8b,358,0,0.000000
2026-01-26T12:17:05.159454,2026-01-26,ollama,ministral-3:8b,319,0,0.000000
2026-01-26T12:17:06.082856,2026-01-26,ollama,ministral-3:8b,346,0,0.000000
2026-01-26T12:17:07.348652,2026-01-26,ollama,ministral-3:8b,444,1,0.000000
2026-01-26T12:17:09.054836,2026-01-26,ollama,ministral-3:8b,469,18,0.000000
2026-01-26T12:17:19.357817,2026-01-26,ollama,ministral-3:8b,537,315,0.000000
2026-01-26T12:17:29.225118,2026-01-26,ollama,ministral-3:8b,460,350,0.000000
2026-01-26T12:17:31.605761,2026-01-26,ollama,ministral-3:8b,503,47,0.000000
2026-01-26T12:17:35.130442,2026-01-26,ollama,ministral-3:8b,552,103,0.000000
2026-01-26T12:17:36.724047,2026-01-26,ollama,ministral-3:8b,567,1,0.000000
2026-01-26T12:17:42.382734,2026-01-26,ollama,ministral-3:8b,577,152,0.000000
2026-01-26T12:17:44.046479,2026-01-26,ollama,ministral-3:8b,552,1,0.000000
2026-01-26T12:17:50.392309,2026-01-26,ollama,ministral-3:8b,571,183,0.000000
2026-01-26T12:18:01.653485,2026-01-26,ollama,ministral-3:8b,563,388,0.000000
2026-01-26T12:18:06.559914,2026-01-26,ollama,ministral-3:8b,610,139,0.000000
2026-01-26T12:18:12.327530,2026-01-26,ollama,ministral-3:8b,581,178,0.000000
2026-01-26T12:18:17.518478,2026-01-26,ollama,ministral-3:8b,627,157,0.000000
2026-01-26T12:18:19.330447,2026-01-26,ollama,ministral-3:8b,628,1,0.000000
2026-01-26T12:18:21.063494,2026-01-26,ollama,ministral-3:8b,620,1,0.000000
2026-01-26T12:18:22.948032,2026-01-26,ollama,ministral-3:8b,623,1,0.000000
2026-01-26T12:18:33.182322,2026-01-26,ollama,ministral-3:8b,618,359,0.000000
2026-01-26T12:18:40.419673,2026-01-26,ollama,ministral-3:8b,609,221,0.000000
2026-01-26T12:18:45.112464,2026-01-26,ollama,ministral-3:8b,603,125,0.000000
2026-01-26T12:18:46.769661,2026-01-26,ollama,ministral-3:8b,567,1,0.000000
2026-01-26T12:18:48.427222,2026-01-26,ollama,ministral-3:8b,607,1,0.000000
2026-01-26T12:18:53.923482,2026-01-26,ollama,ministral-3:8b,634,161,0.000000
2026-01-26T12:19:01.500923,2026-01-26,ollama,ministral-3:8b,625,243,0.000000
2026-01-26T12:19:05.719299,2026-01-26,ollama,ministral-3:8b,628,95,0.000000
2026-01-26T12:19:11.522833,2026-01-26,ollama,ministral-3:8b,612,142,0.000000
2026-01-26T12:19:13.035011,2026-01-26,ollama,ministral-3:8b,530,1,0.000000
2026-01-26T12:19:15.593030,2026-01-26,ollama,ministral-3:8b,518,58,0.000000
2026-01-26T12:19:17.101597,2026-01-26,ollama,ministral-3:8b,494,1,0.000000
2026-01-26T12:19:18.614061,2026-01-26,ollama,ministral-3:8b,525,1,0.000000
2026-01-26T12:19:20.131600,2026-01-26,ollama,ministral-3:8b,530,1,0.000000
2026-01-26T12:19:21.571732,2026-01-26,ollama,ministral-3:8b,513,1,0.000000
2026-01-26T12:19:29.891369,2026-01-26,ollama,ministral-3:8b,491,281,0.000000
2026-01-26T12:19:31.333523,2026-01-26,ollama,ministral-3:8b,516,1,0.000000
2026-01-26T12:19:32.918594,2026-01-26,ollama,ministral-3:8b,530,1,0.000000
2026-01-26T12:19:34.510058,2026-01-26,ollama,ministral-3:8b,497,1,0.000000
2026-01-26T12:19:39.859641,2026-01-26,ollama,ministral-3:8b,578,172,0.000000
2026-01-26T12:19:42.941294,2026-01-26,ollama,ministral-3:8b,587,62,0.000000
2026-01-26T12:19:44.604838,2026-01-26,ollama,ministral-3:8b,549,1,0.000000
2026-01-26T12:19:49.169698,2026-01-26,ollama,ministral-3:8b,548,137,0.000000
2026-01-26T12:19:50.833924,2026-01-26,ollama,ministral-3:8b,543,1,0.000000
2026-01-26T12:19:52.492885,2026-01-26,ollama,ministral-3:8b,575,1,0.000000
2026-01-26T12:19:57.178297,2026-01-26,ollama,ministral-3:8b,614,130,0.000000
2026-01-26T12:20:00.498308,2026-01-26,ollama,ministral-3:8b,568,60,0.000000
2026-01-26T12:20:05.556013,2026-01-26,ollama,ministral-3:8b,632,165,0.000000
2026-01-26T12:20:07.524338,2026-01-26,ollama,ministral-3:8b,682,1,0.000000
2026-01-26T12:20:15.987235,2026-01-26,ollama,ministral-3:8b,605,283,0.000000
2026-01-26T12:20:17.808383,2026-01-26,ollama,ministral-3:8b,654,1,0.000000
2026-01-26T12:20:19.540577,2026-01-26,ollama,ministral-3:8b,646,1,0.000000
2026-01-26T12:20:21.508597,2026-01-26,ollama,ministral-3:8b,701,1,0.000000
2026-01-26T12:20:23.550773,2026-01-26,ollama,ministral-3:8b,697,1,0.000000
2026-01-26T12:20:28.915033,2026-01-26,ollama,ministral-3:8b,694,159,0.000000
2026-01-26T12:20:30.579270,2026-01-26,ollama,ministral-3:8b,549,1,0.000000
2026-01-26T12:20:32.167512,2026-01-26,ollama,ministral-3:8b,548,1,0.000000
2026-01-26T12:20:33.754003,2026-01-26,ollama,ministral-3:8b,561,1,0.000000
2026-01-26T12:20:37.700479,2026-01-26,ollama,ministral-3:8b,558,95,0.000000
2026-01-26T12:20:43.511321,2026-01-26,ollama,ministral-3:8b,590,195,0.000000
2026-01-26T12:20:45.328331,2026-01-26,ollama,ministral-3:8b,585,1,0.000000
2026-01-26T12:20:47.596501,2026-01-26,ollama,ministral-3:8b,600,23,0.000000
2026-01-26T12:20:49.278629,2026-01-26,ollama,ministral-3:8b,577,1,0.000000
2026-01-26T12:20:51.378691,2026-01-26,ollama,ministral-3:8b,667,1,0.000000
2026-01-26T12:21:01.573664,2026-01-26,ollama,ministral-3:8b,619,329,0.000000
2026-01-26T12:21:14.177521,2026-01-26,ollama,ministral-3:8b,658,201,0.000000
2026-01-26T12:21:24.037366,2026-01-26,ollama,ministral-3:8b,683,313,0.000000
2026-01-26T12:21:28.807836,2026-01-26,ollama,ministral-3:8b,741,106,0.000000
2026-01-26T12:21:37.589498,2026-01-26,ollama,ministral-3:8b,703,262,0.000000
2026-01-26T12:21:45.409058,2026-01-26,ollama,ministral-3:8b,689,262,0.000000
2026-01-26T12:21:47.715991,2026-01-26,ollama,ministral-3:8b,733,12,0.000000
2026-01-26T12:21:50.542601,2026-01-26,ollama,ministral-3:8b,826,16,0.000000
2026-01-26T12:22:01.085080,2026-01-26,ollama,ministral-3:8b,660,356,0.000000
2026-01-26T12:22:01.636548,2026-01-26,ollama,ministral-3:8b,169,0,0.000000
2026-01-26T12:22:02.378187,2026-01-26,ollama,ministral-3:8b,218,1,0.000000
2026-01-26T12:22:03.123823,2026-01-26,ollama,ministral-3:8b,254,1,0.000000
2026-01-26T12:22:03.890300,2026-01-26,ollama,ministral-3:8b,260,0,0.000000
2026-01-26T12:22:04.659734,2026-01-26,ollama,ministral-3:8b,266,0,0.000000
2026-01-26T12:22:05.355712,2026-01-26,ollama,ministral-3:8b,260,0,0.000000
2026-01-26T12:22:06.122220,2026-01-26,ollama,ministral-3:8b,289,0,0.000000
2026-01-26T12:22:06.889897,2026-01-26,ollama,ministral-3:8b,282,0,0.000000
2026-01-26T12:22:07.813754,2026-01-26,ollama,ministral-3:8b,358,0,0.000000
2026-01-26T12:22:08.660549,2026-01-26,ollama,ministral-3:8b,319,0,0.000000
2026-01-26T12:22:09.584637,2026-01-26,ollama,ministral-3:8b,346,0,0.000000
2026-01-26T12:22:10.850678,2026-01-26,ollama,ministral-3:8b,444,1,0.000000
2026-01-26T12:22:12.561614,2026-01-26,ollama,ministral-3:8b,469,18,0.000000
2026-01-26T12:22:14.299663,2026-01-26,ollama,ministral-3:8b,537,1,0.000000
2026-01-26T12:22:25.596589,2026-01-26,ollama,ministral-3:8b,460,384,0.000000
2026-01-26T12:24:04.062301,2026-01-26,ollama,ministral-3:8b,503,144,0.000000
2026-01-26T12:24:07.899029,2026-01-26,ollama,ministral-3:8b,552,107,0.000000
2026-01-26T12:24:17.136212,2026-01-26,ollama,ministral-3:8b,567,107,0.000000
2026-01-26T12:24:49.666271,2026-01-26,ollama,ministral-3:8b,577,234,0.000000
2026-01-26T12:25:42.268032,2026-01-26,ollama,ministral-3:8b,552,1,0.000000
2026-01-26T12:25:53.242764,2026-01-26,ollama,ministral-3:8b,571,175,0.000000
2026-01-26T12:25:56.629923,2026-01-26,ollama,ministral-3:8b,563,1,0.000000
2026-01-26T12:26:05.636453,2026-01-26,ollama,ministral-3:8b,610,150,0.000000
2026-01-26T12:26:10.285352,2026-01-26,ollama,ministral-3:8b,581,53,0.000000
2026-01-26T12:26:27.564825,2026-01-26,ollama,ministral-3:8b,627,328,0.000000
2026-01-26T12:26:31.144930,2026-01-26,ollama,ministral-3:8b,628,1,0.000000
2026-01-26T12:27:43.589187,2026-01-26,ollama,ministral-3:8b,620,1,0.000000
2026-01-26T12:27:46.502579,2026-01-26,ollama,ministral-3:8b,623,1,0.000000
2026-01-26T12:27:50.162234,2026-01-26,ollama,ministral-3:8b,618,33,0.000000
2026-01-26T12:27:59.943030,2026-01-26,ollama,ministral-3:8b,609,143,0.000000
2026-01-26T12:28:03.392355,2026-01-26,ollama,ministral-3:8b,603,1,0.000000
2026-01-26T12:28:09.346195,2026-01-26,ollama,ministral-3:8b,567,84,0.000000
2026-01-26T12:28:19.319659,2026-01-26,ollama,ministral-3:8b,607,185,0.000000
2026-01-26T12:28:23.060530,2026-01-26,ollama,ministral-3:8b,634,12,0.000000
2026-01-26T12:29:06.039466,2026-01-26,ollama,ministral-3:8b,625,298,0.000000
2026-01-26T12:29:15.787903,2026-01-26,ollama,ministral-3:8b,628,167,0.000000
2026-01-26T12:29:22.944727,2026-01-26,ollama,ministral-3:8b,612,110,0.000000
2026-01-26T12:29:25.895683,2026-01-26,ollama,ministral-3:8b,530,1,0.000000
2026-01-26T12:29:42.681879,2026-01-26,ollama,ministral-3:8b,518,346,0.000000
2026-01-26T12:29:45.648691,2026-01-26,ollama,ministral-3:8b,494,1,0.000000
2026-01-26T12:29:47.787772,2026-01-26,ollama,ministral-3:8b,525,1,0.000000
2026-01-26T12:29:50.161489,2026-01-26,ollama,ministral-3:8b,530,1,0.000000
2026-01-26T12:29:52.383453,2026-01-26,ollama,ministral-3:8b,513,1,0.000000
2026-01-26T12:34:11.473357,2026-01-26,ollama,ministral-3:8b,491,213,0.000000
2026-01-26T12:34:16.233094,2026-01-26,ollama,ministral-3:8b,516,72,0.000000
2026-01-26T12:34:19.606740,2026-01-26,ollama,ministral-3:8b,530,1,0.000000
2026-01-26T12:34:21.940095,2026-01-26,ollama,ministral-3:8b,497,1,0.000000
2026-01-26T12:34:24.553071,2026-01-26,ollama,ministral-3:8b,578,1,0.000000
2026-01-26T12:34:31.776306,2026-01-26,ollama,ministral-3:8b,587,131,0.000000
2026-01-26T12:34:34.889678,2026-01-26,ollama,ministral-3:8b,549,1,0.000000
2026-01-26T12:34:41.913967,2026-01-26,ollama,ministral-3:8b,548,124,0.000000
2026-01-26T12:34:46.020554,2026-01-26,ollama,ministral-3:8b,543,1,0.000000
2026-01-26T12:35:07.791679,2026-01-26,ollama,ministral-3:8b,575,198,0.000000
2026-01-26T12:35:15.791983,2026-01-26,ollama,ministral-3:8b,614,146,0.000000
2026-01-26T12:35:20.903794,2026-01-26,ollama,ministral-3:8b,568,60,0.000000
2026-01-26T12:35:24.574212,2026-01-26,ollama,ministral-3:8b,632,1,0.000000
2026-01-26T12:35:27.505854,2026-01-26,ollama,ministral-3:8b,682,1,0.000000
2026-01-26T12:35:39.148304,2026-01-26,ollama,ministral-3:8b,605,229,0.000000
2026-01-26T12:35:42.576883,2026-01-26,ollama,ministral-3:8b,654,1,0.000000
2026-01-26T12:35:45.095399,2026-01-26,ollama,ministral-3:8b,646,1,0.000000
2026-01-26T12:35:48.187306,2026-01-26,ollama,ministral-3:8b,701,1,0.000000
2026-01-26T12:35:51.322675,2026-01-26,ollama,ministral-3:8b,697,1,0.000000
2026-01-26T12:39:10.599694,2026-01-26,ollama,ministral-3:8b,694,295,0.000000
2026-01-26T12:39:15.156428,2026-01-26,ollama,ministral-3:8b,549,1,0.000000
2026-01-26T12:39:19.482251,2026-01-26,ollama,ministral-3:8b,548,1,0.000000
2026-01-26T12:39:23.196427,2026-01-26,ollama,ministral-3:8b,561,1,0.000000
2026-01-26T12:39:27.675378,2026-01-26,ollama,ministral-3:8b,558,1,0.000000
2026-01-26T12:39:53.624092,2026-01-26,ollama,ministral-3:8b,590,381,0.000000
2026-01-26T12:39:57.130453,2026-01-26,ollama,ministral-3:8b,585,1,0.000000
2026-01-26T12:40:00.284192,2026-01-26,ollama,ministral-3:8b,600,1,0.000000
2026-01-26T12:40:02.965919,2026-01-26,ollama,ministral-3:8b,577,1,0.000000
2026-01-26T12:40:06.146173,2026-01-26,ollama,ministral-3:8b,667,1,0.000000
2026-01-26T12:40:09.290368,2026-01-26,ollama,ministral-3:8b,619,1,0.000000
2026-01-26T12:40:21.080370,2026-01-26,ollama,ministral-3:8b,658,210,0.000000
2026-01-26T12:40:39.563098,2026-01-26,ollama,ministral-3:8b,683,354,0.000000
2026-01-26T12:44:05.920850,2026-01-26,ollama,ministral-3:8b,741,12,0.000000
2026-01-26T12:44:09.335980,2026-01-26,ollama,ministral-3:8b,703,9,0.000000
2026-01-26T12:44:23.090165,2026-01-26,ollama,ministral-3:8b,689,248,0.000000
2026-01-26T12:44:33.141106,2026-01-26,ollama,ministral-3:8b,733,171,0.000000
2026-01-26T12:44:37.456253,2026-01-26,ollama,ministral-3:8b,826,1,0.000000
2026-01-26T12:44:49.908596,2026-01-26,ollama,ministral-3:8b,660,219,0.000000
2026-01-26T12:44:51.073182,2026-01-26,ollama,ministral-3:8b,169,0,0.000000
2026-01-26T12:44:52.279379,2026-01-26,ollama,ministral-3:8b,218,0,0.000000
2026-01-26T12:44:53.322306,2026-01-26,ollama,ministral-3:8b,254,0,0.000000
2026-01-26T12:44:54.480745,2026-01-26,ollama,ministral-3:8b,260,0,0.000000
2026-01-26T12:44:55.729570,2026-01-26,ollama,ministral-3:8b,266,1,0.000000
2026-01-26T12:44:56.832746,2026-01-26,ollama,ministral-3:8b,260,0,0.000000
2026-01-26T12:44:58.020156,2026-01-26,ollama,ministral-3:8b,289,0,0.000000
2026-01-26T12:44:59.217438,2026-01-26,ollama,ministral-3:8b,282,0,0.000000
2026-01-26T12:45:00.658092,2026-01-26,ollama,ministral-3:8b,358,0,0.000000
2026-01-26T12:49:04.268610,2026-01-26,ollama,ministral-3:8b,319,0,0.000000
2026-01-26T12:49:05.605267,2026-01-26,ollama,ministral-3:8b,346,0,0.000000
2026-01-26T12:58:22.733435,2026-01-26,ollama,ministral-3:8b,444,22,0.000000
2026-01-26T12:58:24.451315,2026-01-26,ollama,ministral-3:8b,469,18,0.000000
2026-01-26T12:58:32.392632,2026-01-26,ollama,ministral-3:8b,537,261,0.000000
2026-01-26T12:58:39.350274,2026-01-26,ollama,ministral-3:8b,460,217,0.000000
2026-01-26T12:58:41.726962,2026-01-26,ollama,ministral-3:8b,503,47,0.000000
2026-01-26T12:58:45.517170,2026-01-26,ollama,ministral-3:8b,552,99,0.000000
2026-01-26T12:58:47.112204,2026-01-26,ollama,ministral-3:8b,567,1,0.000000
2026-01-26T12:58:56.488372,2026-01-26,ollama,ministral-3:8b,577,304,0.000000
2026-01-26T12:58:58.152194,2026-01-26,ollama,ministral-3:8b,552,1,0.000000
2026-01-26T12:59:03.821622,2026-01-26,ollama,ministral-3:8b,571,166,0.000000
2026-01-26T12:59:05.559566,2026-01-26,ollama,ministral-3:8b,563,1,0.000000
2026-01-26T12:59:07.292143,2026-01-26,ollama,ministral-3:8b,610,1,0.000000
2026-01-26T12:59:08.956180,2026-01-26,ollama,ministral-3:8b,581,1,0.000000
2026-01-26T12:59:13.614146,2026-01-26,ollama,ministral-3:8b,627,138,0.000000
2026-01-26T12:59:15.429592,2026-01-26,ollama,ministral-3:8b,628,1,0.000000
2026-01-26T12:59:17.163781,2026-01-26,ollama,ministral-3:8b,620,1,0.000000
2026-01-26T12:59:19.053485,2026-01-26,ollama,ministral-3:8b,623,1,0.000000
2026-01-26T12:59:29.362886,2026-01-26,ollama,ministral-3:8b,618,343,0.000000
2026-01-26T12:59:37.114157,2026-01-26,ollama,ministral-3:8b,609,223,0.000000
2026-01-26T12:59:39.012943,2026-01-26,ollama,ministral-3:8b,603,1,0.000000
2026-01-26T12:59:40.672774,2026-01-26,ollama,ministral-3:8b,567,1,0.000000
2026-01-26T12:59:44.060756,2026-01-26,ollama,ministral-3:8b,607,84,0.000000
2026-01-26T12:59:48.788655,2026-01-26,ollama,ministral-3:8b,634,130,0.000000
2026-01-26T12:59:54.534871,2026-01-26,ollama,ministral-3:8b,625,171,0.000000
2026-01-26T12:59:59.437795,2026-01-26,ollama,ministral-3:8b,628,118,0.000000
2026-01-26T13:00:01.264032,2026-01-26,ollama,ministral-3:8b,612,1,0.000000
2026-01-26T13:00:02.772246,2026-01-26,ollama,ministral-3:8b,530,1,0.000000
2026-01-26T13:00:09.050447,2026-01-26,ollama,ministral-3:8b,518,222,0.000000
2026-01-26T13:00:10.563512,2026-01-26,ollama,ministral-3:8b,494,1,0.000000
2026-01-26T13:00:12.077105,2026-01-26,ollama,ministral-3:8b,525,1,0.000000
2026-01-26T13:00:13.591974,2026-01-26,ollama,ministral-3:8b,530,1,0.000000
2026-01-26T13:00:15.035454,2026-01-26,ollama,ministral-3:8b,513,1,0.000000
2026-01-26T13:00:20.302496,2026-01-26,ollama,ministral-3:8b,491,159,0.000000
2026-01-26T13:00:21.745838,2026-01-26,ollama,ministral-3:8b,516,1,0.000000
2026-01-26T13:00:23.332779,2026-01-26,ollama,ministral-3:8b,530,1,0.000000
2026-01-26T13:00:24.926754,2026-01-26,ollama,ministral-3:8b,497,1,0.000000
2026-01-26T13:00:27.828777,2026-01-26,ollama,ministral-3:8b,578,55,0.000000
2026-01-26T13:00:30.904428,2026-01-26,ollama,ministral-3:8b,587,62,0.000000
2026-01-26T13:00:32.569688,2026-01-26,ollama,ministral-3:8b,549,1,0.000000
2026-01-26T13:00:41.501211,2026-01-26,ollama,ministral-3:8b,548,274,0.000000
2026-01-26T13:00:43.169587,2026-01-26,ollama,ministral-3:8b,543,1,0.000000
2026-01-26T13:00:44.831817,2026-01-26,ollama,ministral-3:8b,575,1,0.000000
2026-01-26T13:00:49.601811,2026-01-26,ollama,ministral-3:8b,614,132,0.000000
2026-01-26T13:00:51.867269,2026-01-26,ollama,ministral-3:8b,568,21,0.000000
2026-01-26T13:00:53.683661,2026-01-26,ollama,ministral-3:8b,632,1,0.000000
2026-01-26T13:00:55.655638,2026-01-26,ollama,ministral-3:8b,682,1,0.000000
2026-01-26T13:00:57.469062,2026-01-26,ollama,ministral-3:8b,605,1,0.000000
2026-01-26T13:00:59.290964,2026-01-26,ollama,ministral-3:8b,654,1,0.000000
2026-01-26T13:01:01.029942,2026-01-26,ollama,ministral-3:8b,646,1,0.000000
2026-01-26T13:01:03.276673,2026-01-26,ollama,ministral-3:8b,701,9,0.000000
2026-01-26T13:01:05.324733,2026-01-26,ollama,ministral-3:8b,697,1,0.000000
2026-01-26T13:01:08.691997,2026-01-26,ollama,ministral-3:8b,694,72,0.000000
2026-01-26T13:01:10.356375,2026-01-26,ollama,ministral-3:8b,549,1,0.000000
2026-01-26T13:01:13.851857,2026-01-26,ollama,ministral-3:8b,548,89,0.000000
2026-01-26T13:01:15.442613,2026-01-26,ollama,ministral-3:8b,561,1,0.000000
2026-01-26T13:01:17.106699,2026-01-26,ollama,ministral-3:8b,558,1,0.000000
2026-01-26T13:01:20.284278,2026-01-26,ollama,ministral-3:8b,590,77,0.000000
2026-01-26T13:01:22.102149,2026-01-26,ollama,ministral-3:8b,585,1,0.000000
2026-01-26T13:01:23.838930,2026-01-26,ollama,ministral-3:8b,600,1,0.000000
2026-01-26T13:01:25.504341,2026-01-26,ollama,ministral-3:8b,577,1,0.000000
2026-01-26T13:01:27.471071,2026-01-26,ollama,ministral-3:8b,667,1,0.000000
2026-01-26T13:01:37.235954,2026-01-26,ollama,ministral-3:8b,619,295,0.000000
2026-01-26T13:01:43.835119,2026-01-26,ollama,ministral-3:8b,658,184,0.000000
2026-01-26T13:01:54.705775,2026-01-26,ollama,ministral-3:8b,683,354,0.000000
2026-01-26T13:01:57.205553,2026-01-26,ollama,ministral-3:8b,741,12,0.000000
2026-01-26T13:01:59.845741,2026-01-26,ollama,ministral-3:8b,703,17,0.000000
2026-01-26T13:02:02.205467,2026-01-26,ollama,ministral-3:8b,689,8,0.000000
2026-01-26T13:02:08.608851,2026-01-26,ollama,ministral-3:8b,733,176,0.000000
2026-01-26T13:02:11.031221,2026-01-26,ollama,ministral-3:8b,826,1,0.000000
2026-01-26T13:02:17.006193,2026-01-26,ollama,ministral-3:8b,660,176,0.000000
2026-01-26T13:02:17.557132,2026-01-26,ollama,ministral-3:8b,169,0,0.000000
2026-01-26T13:02:18.300548,2026-01-26,ollama,ministral-3:8b,218,1,0.000000
2026-01-26T13:02:19.001720,2026-01-26,ollama,ministral-3:8b,254,0,0.000000
2026-01-26T13:02:19.816238,2026-01-26,ollama,ministral-3:8b,260,1,0.000000
2026-01-26T13:02:20.589424,2026-01-26,ollama,ministral-3:8b,266,0,0.000000
2026-01-26T13:02:21.286087,2026-01-26,ollama,ministral-3:8b,260,0,0.000000
2026-01-26T13:02:22.055929,2026-01-26,ollama,ministral-3:8b,289,0,0.000000
2026-01-26T13:02:22.823831,2026-01-26,ollama,ministral-3:8b,282,0,0.000000
2026-01-26T13:02:23.793091,2026-01-26,ollama,ministral-3:8b,358,1,0.000000
2026-01-26T13:02:24.715576,2026-01-26,ollama,ministral-3:8b,319,0,0.000000
2026-01-26T13:02:25.683559,2026-01-26,ollama,ministral-3:8b,346,1,0.000000
2026-01-26T13:02:26.959129,2026-01-26,ollama,ministral-3:8b,444,1,0.000000
2026-01-26T13:02:28.663979,2026-01-26,ollama,ministral-3:8b,469,18,0.000000
2026-01-26T13:02:36.145771,2026-01-26,ollama,ministral-3:8b,537,222,0.000000
2026-01-26T13:02:49.524831,2026-01-26,ollama,ministral-3:8b,460,464,0.000000
2026-01-26T13:02:51.906941,2026-01-26,ollama,ministral-3:8b,503,47,0.000000
2026-01-26T13:02:56.417683,2026-01-26,ollama,ministral-3:8b,552,150,0.000000
2026-01-26T13:02:58.016726,2026-01-26,ollama,ministral-3:8b,567,1,0.000000
2026-01-26T13:03:02.437006,2026-01-26,ollama,ministral-3:8b,577,120,0.000000
2026-01-26T13:03:04.097043,2026-01-26,ollama,ministral-3:8b,552,1,0.000000
2026-01-26T13:03:09.452300,2026-01-26,ollama,ministral-3:8b,571,163,0.000000
2026-01-26T13:03:11.184719,2026-01-26,ollama,ministral-3:8b,563,1,0.000000
2026-01-26T13:03:12.914900,2026-01-26,ollama,ministral-3:8b,610,1,0.000000
2026-01-26T13:03:14.580182,2026-01-26,ollama,ministral-3:8b,581,1,0.000000
2026-01-26T13:03:26.362354,2026-01-26,ollama,ministral-3:8b,627,438,0.000000
2026-01-26T13:03:28.178078,2026-01-26,ollama,ministral-3:8b,628,1,0.000000
2026-01-26T13:03:29.916626,2026-01-26,ollama,ministral-3:8b,620,1,0.000000
2026-01-26T13:03:31.803696,2026-01-26,ollama,ministral-3:8b,623,1,0.000000
2026-01-26T13:03:39.091525,2026-01-26,ollama,ministral-3:8b,618,226,0.000000
2026-01-26T13:03:48.315086,2026-01-26,ollama,ministral-3:8b,609,281,0.000000
2026-01-26T13:03:50.211075,2026-01-26,ollama,ministral-3:8b,603,1,0.000000
2026-01-26T13:03:51.869684,2026-01-26,ollama,ministral-3:8b,567,1,0.000000
2026-01-26T13:03:58.181582,2026-01-26,ollama,ministral-3:8b,607,182,0.000000
2026-01-26T13:04:04.300536,2026-01-26,ollama,ministral-3:8b,634,182,0.000000
2026-01-26T13:04:07.254731,2026-01-26,ollama,ministral-3:8b,625,48,0.000000
2026-01-26T13:04:12.507007,2026-01-26,ollama,ministral-3:8b,628,131,0.000000
2026-01-26T13:04:18.309301,2026-01-26,ollama,ministral-3:8b,612,142,0.000000
2026-01-26T13:04:19.821602,2026-01-26,ollama,ministral-3:8b,530,1,0.000000
2026-01-26T13:04:21.644395,2026-01-26,ollama,ministral-3:8b,518,23,0.000000
2026-01-26T13:04:23.152875,2026-01-26,ollama,ministral-3:8b,494,1,0.000000
2026-01-26T13:04:24.670328,2026-01-26,ollama,ministral-3:8b,525,1,0.000000
2026-01-26T13:04:26.186855,2026-01-26,ollama,ministral-3:8b,530,1,0.000000
2026-01-26T13:04:27.626063,2026-01-26,ollama,ministral-3:8b,513,1,0.000000
2026-01-26T13:04:33.282293,2026-01-26,ollama,ministral-3:8b,491,175,0.000000
2026-01-26T13:04:34.728974,2026-01-26,ollama,ministral-3:8b,516,1,0.000000
2026-01-26T13:04:36.316564,2026-01-26,ollama,ministral-3:8b,530,1,0.000000
2026-01-26T13:04:37.903845,2026-01-26,ollama,ministral-3:8b,497,1,0.000000
2026-01-26T13:04:40.071284,2026-01-26,ollama,ministral-3:8b,578,25,0.000000
2026-01-26T13:04:44.561180,2026-01-26,ollama,ministral-3:8b,587,121,0.000000
2026-01-26T13:04:46.224023,2026-01-26,ollama,ministral-3:8b,549,1,0.000000
2026-01-26T13:04:50.992579,2026-01-26,ollama,ministral-3:8b,548,132,0.000000
2026-01-26T13:04:52.657306,2026-01-26,ollama,ministral-3:8b,543,1,0.000000
2026-01-26T13:04:54.317039,2026-01-26,ollama,ministral-3:8b,575,1,0.000000
2026-01-26T13:04:58.929381,2026-01-26,ollama,ministral-3:8b,614,115,0.000000
2026-01-26T13:05:00.666676,2026-01-26,ollama,ministral-3:8b,568,1,0.000000
2026-01-26T13:05:05.710052,2026-01-26,ollama,ministral-3:8b,632,165,0.000000
2026-01-26T13:05:10.891304,2026-01-26,ollama,ministral-3:8b,682,142,0.000000
2026-01-26T13:05:12.708713,2026-01-26,ollama,ministral-3:8b,605,1,0.000000
2026-01-26T13:05:14.528834,2026-01-26,ollama,ministral-3:8b,654,1,0.000000
2026-01-26T13:05:23.109006,2026-01-26,ollama,ministral-3:8b,646,277,0.000000
2026-01-26T13:05:25.082984,2026-01-26,ollama,ministral-3:8b,701,1,0.000000
2026-01-26T13:05:27.126374,2026-01-26,ollama,ministral-3:8b,697,1,0.000000
2026-01-26T13:05:32.489140,2026-01-26,ollama,ministral-3:8b,694,154,0.000000
2026-01-26T13:05:34.156439,2026-01-26,ollama,ministral-3:8b,549,1,0.000000
2026-01-26T13:05:35.745122,2026-01-26,ollama,ministral-3:8b,548,1,0.000000
2026-01-26T13:05:37.334297,2026-01-26,ollama,ministral-3:8b,561,1,0.000000
2026-01-26T13:05:38.998217,2026-01-26,ollama,ministral-3:8b,558,1,0.000000
2026-01-26T13:05:44.349118,2026-01-26,ollama,ministral-3:8b,590,164,0.000000
2026-01-26T13:05:46.166440,2026-01-26,ollama,ministral-3:8b,585,1,0.000000
2026-01-26T13:05:47.904119,2026-01-26,ollama,ministral-3:8b,600,1,0.000000
2026-01-26T13:05:49.565577,2026-01-26,ollama,ministral-3:8b,577,1,0.000000
2026-01-26T13:05:51.535204,2026-01-26,ollama,ministral-3:8b,667,1,0.000000
2026-01-26T13:05:57.264404,2026-01-26,ollama,ministral-3:8b,619,171,0.000000
2026-01-26T13:06:07.002842,2026-01-26,ollama,ministral-3:8b,658,297,0.000000
2026-01-26T13:06:16.452353,2026-01-26,ollama,ministral-3:8b,683,305,0.000000
2026-01-26T13:06:21.198059,2026-01-26,ollama,ministral-3:8b,741,106,0.000000
2026-01-26T13:06:23.385388,2026-01-26,ollama,ministral-3:8b,703,9,0.000000
2026-01-26T13:06:31.267786,2026-01-26,ollama,ministral-3:8b,689,248,0.000000
2026-01-26T13:06:33.565757,2026-01-26,ollama,ministral-3:8b,733,12,0.000000
2026-01-26T13:06:36.382688,2026-01-26,ollama,ministral-3:8b,826,16,0.000000
2026-01-26T13:06:42.895803,2026-01-26,ollama,ministral-3:8b,660,204,0.000000
2026-01-26T13:06:43.448233,2026-01-26,ollama,ministral-3:8b,169,0,0.000000
2026-01-26T13:06:44.152502,2026-01-26,ollama,ministral-3:8b,218,0,0.000000
2026-01-26T13:06:44.895820,2026-01-26,ollama,ministral-3:8b,254,1,0.000000
2026-01-26T13:06:45.662982,2026-01-26,ollama,ministral-3:8b,260,0,0.000000
2026-01-26T13:06:46.479829,2026-01-26,ollama,ministral-3:8b,266,1,0.000000
2026-01-26T13:06:47.175736,2026-01-26,ollama,ministral-3:8b,260,0,0.000000
2026-01-26T13:06:47.944294,2026-01-26,ollama,ministral-3:8b,289,0,0.000000
2026-01-26T13:06:48.759978,2026-01-26,ollama,ministral-3:8b,282,1,0.000000
2026-01-26T13:06:49.731970,2026-01-26,ollama,ministral-3:8b,358,1,0.000000
2026-01-26T13:06:50.651893,2026-01-26,ollama,ministral-3:8b,319,0,0.000000
2026-01-26T13:06:51.573352,2026-01-26,ollama,ministral-3:8b,346,0,0.000000
2026-01-26T13:06:52.843610,2026-01-26,ollama,ministral-3:8b,444,1,0.000000
2026-01-26T13:06:54.548851,2026-01-26,ollama,ministral-3:8b,469,18,0.000000
2026-01-26T13:07:02.563572,2026-01-26,ollama,ministral-3:8b,537,261,0.000000
2026-01-26T13:07:20.805658,2026-01-26,ollama,ministral-3:8b,460,664,0.000000
2026-01-26T13:07:27.873993,2026-01-26,ollama,ministral-3:8b,503,264,0.000000
2026-01-26T13:07:31.604372,2026-01-26,ollama,ministral-3:8b,552,111,0.000000
2026-01-26T13:07:36.374398,2026-01-26,ollama,ministral-3:8b,567,145,0.000000
2026-01-26T13:07:41.421623,2026-01-26,ollama,ministral-3:8b,577,136,0.000000
2026-01-26T13:07:43.085515,2026-01-26,ollama,ministral-3:8b,552,1,0.000000
2026-01-26T13:07:49.104823,2026-01-26,ollama,ministral-3:8b,571,174,0.000000
2026-01-26T13:07:54.066569,2026-01-26,ollama,ministral-3:8b,563,122,0.000000
2026-01-26T13:07:55.799174,2026-01-26,ollama,ministral-3:8b,610,1,0.000000
2026-01-26T13:08:01.107312,2026-01-26,ollama,ministral-3:8b,581,159,0.000000
2026-01-26T13:08:17.329162,2026-01-26,ollama,ministral-3:8b,627,599,0.000000
2026-01-26T13:08:19.143234,2026-01-26,ollama,ministral-3:8b,628,1,0.000000
2026-01-26T13:08:20.882984,2026-01-26,ollama,ministral-3:8b,620,1,0.000000
2026-01-26T13:08:22.774970,2026-01-26,ollama,ministral-3:8b,623,1,0.000000
2026-01-26T13:08:29.435248,2026-01-26,ollama,ministral-3:8b,618,203,0.000000
2026-01-26T13:08:33.739313,2026-01-26,ollama,ministral-3:8b,609,105,0.000000
2026-01-26T13:08:35.636911,2026-01-26,ollama,ministral-3:8b,603,1,0.000000
2026-01-26T13:08:37.294332,2026-01-26,ollama,ministral-3:8b,567,1,0.000000
2026-01-26T13:08:42.524446,2026-01-26,ollama,ministral-3:8b,607,167,0.000000
2026-01-26T13:08:50.781552,2026-01-26,ollama,ministral-3:8b,634,258,0.000000
2026-01-26T13:08:53.069005,2026-01-26,ollama,ministral-3:8b,625,24,0.000000
2026-01-26T13:08:57.953607,2026-01-26,ollama,ministral-3:8b,628,118,0.000000
2026-01-26T13:08:59.780316,2026-01-26,ollama,ministral-3:8b,612,1,0.000000
2026-01-26T13:09:01.299514,2026-01-26,ollama,ministral-3:8b,530,1,0.000000
2026-01-26T13:09:15.562833,2026-01-26,ollama,ministral-3:8b,518,535,0.000000
2026-01-26T13:09:17.074205,2026-01-26,ollama,ministral-3:8b,494,1,0.000000
2026-01-26T13:09:18.588564,2026-01-26,ollama,ministral-3:8b,525,1,0.000000
2026-01-26T13:09:20.105898,2026-01-26,ollama,ministral-3:8b,530,1,0.000000
2026-01-26T13:09:21.544585,2026-01-26,ollama,ministral-3:8b,513,1,0.000000
2026-01-26T13:09:28.382336,2026-01-26,ollama,ministral-3:8b,491,213,0.000000
2026-01-26T13:09:29.825699,2026-01-26,ollama,ministral-3:8b,516,1,0.000000
2026-01-26T13:09:31.413693,2026-01-26,ollama,ministral-3:8b,530,1,0.000000
2026-01-26T13:09:32.999571,2026-01-26,ollama,ministral-3:8b,497,1,0.000000
2026-01-26T13:09:34.665571,2026-01-26,ollama,ministral-3:8b,578,1,0.000000
2026-01-26T13:09:37.742283,2026-01-26,ollama,ministral-3:8b,587,62,0.000000
2026-01-26T13:09:39.403494,2026-01-26,ollama,ministral-3:8b,549,1,0.000000
2026-01-26T13:09:43.184210,2026-01-26,ollama,ministral-3:8b,548,90,0.000000
2026-01-26T13:09:44.849021,2026-01-26,ollama,ministral-3:8b,543,1,0.000000
2026-01-26T13:09:46.509713,2026-01-26,ollama,ministral-3:8b,575,1,0.000000
2026-01-26T13:09:52.762200,2026-01-26,ollama,ministral-3:8b,614,181,0.000000
2026-01-26T13:09:57.679564,2026-01-26,ollama,ministral-3:8b,568,124,0.000000
2026-01-26T13:09:59.501029,2026-01-26,ollama,ministral-3:8b,632,1,0.000000
2026-01-26T13:10:01.474461,2026-01-26,ollama,ministral-3:8b,682,1,0.000000
2026-01-26T13:10:08.712013,2026-01-26,ollama,ministral-3:8b,605,229,0.000000
2026-01-26T13:10:10.534597,2026-01-26,ollama,ministral-3:8b,654,1,0.000000
2026-01-26T13:10:19.122137,2026-01-26,ollama,ministral-3:8b,646,277,0.000000
2026-01-26T13:10:21.093626,2026-01-26,ollama,ministral-3:8b,701,1,0.000000
2026-01-26T13:10:24.389727,2026-01-26,ollama,ministral-3:8b,697,48,0.000000
2026-01-26T13:10:30.083091,2026-01-26,ollama,ministral-3:8b,694,173,0.000000
2026-01-26T13:10:31.748414,2026-01-26,ollama,ministral-3:8b,549,1,0.000000
2026-01-26T13:10:33.336263,2026-01-26,ollama,ministral-3:8b,548,1,0.000000
2026-01-26T13:10:34.927944,2026-01-26,ollama,ministral-3:8b,561,1,0.000000
2026-01-26T13:10:38.180104,2026-01-26,ollama,ministral-3:8b,558,79,0.000000
2026-01-26T13:10:42.397418,2026-01-26,ollama,ministral-3:8b,590,116,0.000000
2026-01-26T13:10:45.198108,2026-01-26,ollama,ministral-3:8b,585,43,0.000000
2026-01-26T13:10:48.941257,2026-01-26,ollama,ministral-3:8b,600,86,0.000000
2026-01-26T13:10:50.604743,2026-01-26,ollama,ministral-3:8b,577,1,0.000000
2026-01-26T13:10:54.301886,2026-01-26,ollama,ministral-3:8b,667,74,0.000000
2026-01-26T13:10:59.399810,2026-01-26,ollama,ministral-3:8b,619,126,0.000000
2026-01-26T13:11:11.604532,2026-01-26,ollama,ministral-3:8b,658,381,0.000000
2026-01-26T13:11:17.157140,2026-01-26,ollama,ministral-3:8b,683,150,0.000000
2026-01-26T13:11:19.794887,2026-01-26,ollama,ministral-3:8b,741,19,0.000000
2026-01-26T13:11:27.519380,2026-01-26,ollama,ministral-3:8b,703,218,0.000000
2026-01-26T13:11:37.698880,2026-01-26,ollama,ministral-3:8b,689,337,0.000000
2026-01-26T13:11:44.799669,2026-01-26,ollama,ministral-3:8b,733,214,0.000000
2026-01-26T13:11:47.222172,2026-01-26,ollama,ministral-3:8b,826,1,0.000000
2026-01-26T13:11:49.522715,2026-01-26,ollama,ministral-3:8b,660,7,0.000000
2026-01-26T13:11:50.074464,2026-01-26,ollama,ministral-3:8b,169,0,0.000000
2026-01-26T13:11:50.772234,2026-01-26,ollama,ministral-3:8b,218,0,0.000000
2026-01-26T13:11:51.514301,2026-01-26,ollama,ministral-3:8b,254,1,0.000000
2026-01-26T13:11:52.282549,2026-01-26,ollama,ministral-3:8b,260,0,0.000000
2026-01-26T13:11:53.053170,2026-01-26,ollama,ministral-3:8b,266,0,0.000000
2026-01-26T13:11:53.777150,2026-01-26,ollama,ministral-3:8b,260,0,0.000000
2026-01-26T13:11:54.545733,2026-01-26,ollama,ministral-3:8b,289,0,0.000000
2026-01-26T13:11:55.312202,2026-01-26,ollama,ministral-3:8b,282,0,0.000000
2026-01-26T13:11:56.235356,2026-01-26,ollama,ministral-3:8b,358,0,0.000000
2026-01-26T13:11:57.154364,2026-01-26,ollama,ministral-3:8b,319,0,0.000000
2026-01-26T13:11:58.075169,2026-01-26,ollama,ministral-3:8b,346,0,0.000000
2026-01-26T13:26:11.502609,2026-01-26,ollama,ministral-3:8b,444,1,0.000000
2026-01-26T13:26:13.224921,2026-01-26,ollama,ministral-3:8b,469,18,0.000000
2026-01-26T13:26:14.964577,2026-01-26,ollama,ministral-3:8b,537,1,0.000000
2026-01-26T13:26:20.076487,2026-01-26,ollama,ministral-3:8b,460,165,0.000000
2026-01-26T13:26:22.453011,2026-01-26,ollama,ministral-3:8b,503,47,0.000000
2026-01-26T13:26:25.961977,2026-01-26,ollama,ministral-3:8b,552,103,0.000000
2026-01-26T13:26:30.817296,2026-01-26,ollama,ministral-3:8b,567,156,0.000000
2026-01-26T13:26:38.127005,2026-01-26,ollama,ministral-3:8b,577,228,0.000000
2026-01-26T13:26:39.789245,2026-01-26,ollama,ministral-3:8b,552,1,0.000000
2026-01-26T13:26:47.281010,2026-01-26,ollama,ministral-3:8b,571,262,0.000000
2026-01-26T13:26:49.013936,2026-01-26,ollama,ministral-3:8b,563,1,0.000000
2026-01-26T13:26:51.731374,2026-01-26,ollama,ministral-3:8b,610,49,0.000000
2026-01-26T13:26:53.396205,2026-01-26,ollama,ministral-3:8b,581,1,0.000000
2026-01-26T13:27:02.710229,2026-01-26,ollama,ministral-3:8b,627,319,0.000000
2026-01-26T13:27:04.524906,2026-01-26,ollama,ministral-3:8b,628,1,0.000000
2026-01-26T13:27:06.260529,2026-01-26,ollama,ministral-3:8b,620,1,0.000000
2026-01-26T13:27:08.148270,2026-01-26,ollama,ministral-3:8b,623,1,0.000000
2026-01-26T13:27:15.435800,2026-01-26,ollama,ministral-3:8b,618,226,0.000000
2026-01-26T13:27:29.097636,2026-01-26,ollama,ministral-3:8b,609,458,0.000000
2026-01-26T13:27:30.998921,2026-01-26,ollama,ministral-3:8b,603,1,0.000000
2026-01-26T13:27:32.666330,2026-01-26,ollama,ministral-3:8b,567,1,0.000000
2026-01-26T13:27:35.948006,2026-01-26,ollama,ministral-3:8b,607,91,0.000000
2026-01-26T13:27:41.592253,2026-01-26,ollama,ministral-3:8b,634,174,0.000000
2026-01-26T13:27:51.146876,2026-01-26,ollama,ministral-3:8b,625,318,0.000000
2026-01-26T13:27:55.784012,2026-01-26,ollama,ministral-3:8b,628,122,0.000000
2026-01-26T13:27:57.600485,2026-01-26,ollama,ministral-3:8b,612,1,0.000000
2026-01-26T13:27:59.110474,2026-01-26,ollama,ministral-3:8b,530,1,0.000000
2026-01-26T13:28:08.962690,2026-01-26,ollama,ministral-3:8b,518,346,0.000000
2026-01-26T13:28:10.473056,2026-01-26,ollama,ministral-3:8b,494,1,0.000000
2026-01-26T13:28:11.986824,2026-01-26,ollama,ministral-3:8b,525,1,0.000000
2026-01-26T13:28:13.500514,2026-01-26,ollama,ministral-3:8b,530,1,0.000000
2026-01-26T13:28:14.942210,2026-01-26,ollama,ministral-3:8b,513,1,0.000000
2026-01-26T13:28:22.837494,2026-01-26,ollama,ministral-3:8b,491,249,0.000000
2026-01-26T13:28:24.282469,2026-01-26,ollama,ministral-3:8b,516,1,0.000000
2026-01-26T13:28:25.869217,2026-01-26,ollama,ministral-3:8b,530,1,0.000000
2026-01-26T13:28:30.804334,2026-01-26,ollama,ministral-3:8b,497,148,0.000000
2026-01-26T13:28:37.696543,2026-01-26,ollama,ministral-3:8b,578,228,0.000000
2026-01-26T13:28:40.774694,2026-01-26,ollama,ministral-3:8b,587,62,0.000000
2026-01-26T13:28:42.439223,2026-01-26,ollama,ministral-3:8b,549,1,0.000000
2026-01-26T13:28:47.199472,2026-01-26,ollama,ministral-3:8b,548,132,0.000000
2026-01-26T13:28:48.866804,2026-01-26,ollama,ministral-3:8b,543,1,0.000000
2026-01-26T13:28:50.531618,2026-01-26,ollama,ministral-3:8b,575,1,0.000000
2026-01-26T13:28:55.154271,2026-01-26,ollama,ministral-3:8b,614,115,0.000000
2026-01-26T13:28:57.422335,2026-01-26,ollama,ministral-3:8b,568,21,0.000000
2026-01-26T13:28:59.239310,2026-01-26,ollama,ministral-3:8b,632,1,0.000000
2026-01-26T13:29:01.215082,2026-01-26,ollama,ministral-3:8b,682,1,0.000000
2026-01-26T13:29:03.030854,2026-01-26,ollama,ministral-3:8b,605,1,0.000000
2026-01-26T13:29:04.855655,2026-01-26,ollama,ministral-3:8b,654,1,0.000000
2026-01-26T13:30:25.653022,2026-01-26,mistral,mistral-medium-latest,444,295,0.003588
2026-01-26T13:30:38.286827,2026-01-26,mistral,mistral-medium-latest,469,513,0.005422
2026-01-26T13:30:51.857850,2026-01-26,mistral,mistral-medium-latest,537,555,0.005945
2026-01-26T13:30:59.151615,2026-01-26,mistral,mistral-medium-latest,460,313,0.003777
2026-01-26T13:31:05.527623,2026-01-26,mistral,mistral-medium-latest,503,270,0.003545
2026-01-26T13:31:12.852251,2026-01-26,mistral,mistral-medium-latest,552,287,0.003815
2026-01-26T13:31:18.049020,2026-01-26,mistral,mistral-medium-latest,567,246,0.003523
2026-01-26T13:31:25.101638,2026-01-26,mistral,mistral-medium-latest,577,296,0.003955
2026-01-26T13:31:35.964561,2026-01-26,mistral,mistral-medium-latest,552,414,0.004844
2026-01-26T13:31:43.075753,2026-01-26,mistral,mistral-medium-latest,571,304,0.004004
2026-01-26T13:31:59.537112,2026-01-26,mistral,mistral-medium-latest,563,558,0.006040
2026-01-26T13:32:08.353841,2026-01-26,mistral,mistral-medium-latest,610,386,0.004774
2026-01-26T13:32:12.289981,2026-01-26,mistral,mistral-medium-latest,581,170,0.002946
2026-01-26T13:32:20.447942,2026-01-26,mistral,mistral-medium-latest,627,324,0.004317
2026-01-26T13:32:27.288669,2026-01-26,mistral,mistral-medium-latest,628,288,0.004028
2026-01-26T13:32:34.295129,2026-01-26,mistral,mistral-medium-latest,620,313,0.004209
2026-01-26T13:32:41.831194,2026-01-26,mistral,mistral-medium-latest,623,319,0.004266
2026-01-26T13:32:48.457346,2026-01-26,mistral,mistral-medium-latest,618,277,0.003912
2026-01-26T13:33:03.052833,2026-01-26,mistral,mistral-medium-latest,609,610,0.006585
2026-01-26T13:33:10.218039,2026-01-26,mistral,mistral-medium-latest,603,281,0.003904
2026-01-26T13:33:21.407009,2026-01-26,mistral,mistral-medium-latest,567,427,0.004990
2026-01-26T13:33:28.691808,2026-01-26,mistral,mistral-medium-latest,607,313,0.004174
2026-01-26T13:33:31.683965,2026-01-26,mistral,mistral-medium-latest,634,127,0.002740
2026-01-26T13:33:38.582715,2026-01-26,ollama,ministral-3:8b,444,1,0.000000
2026-01-26T13:33:39.558961,2026-01-26,mistral,mistral-medium-latest,625,356,0.004571
2026-01-26T13:33:40.314656,2026-01-26,ollama,ministral-3:8b,469,18,0.000000
2026-01-26T13:33:46.789195,2026-01-26,ollama,ministral-3:8b,537,198,0.000000
2026-01-26T13:33:48.732045,2026-01-26,mistral,mistral-medium-latest,628,361,0.004620
2026-01-26T13:33:54.174869,2026-01-26,mistral,mistral-medium-latest,612,195,0.003232
2026-01-26T13:33:55.769260,2026-01-26,mistral,mistral-medium-latest,530,60,0.001917
2026-01-26T13:33:56.874498,2026-01-26,ollama,ministral-3:8b,460,346,0.000000
2026-01-26T13:33:59.252705,2026-01-26,ollama,ministral-3:8b,503,47,0.000000
2026-01-26T13:34:03.746185,2026-01-26,mistral,mistral-medium-latest,518,339,0.004144
2026-01-26T13:34:03.903048,2026-01-26,ollama,ministral-3:8b,552,154,0.000000
2026-01-26T13:34:05.501717,2026-01-26,ollama,ministral-3:8b,567,1,0.000000
2026-01-26T13:34:09.414002,2026-01-26,mistral,mistral-medium-latest,494,262,0.003456
2026-01-26T13:34:11.559224,2026-01-26,ollama,ministral-3:8b,577,169,0.000000
2026-01-26T13:34:13.222695,2026-01-26,ollama,ministral-3:8b,552,1,0.000000
2026-01-26T13:34:16.480850,2026-01-26,mistral,mistral-medium-latest,525,258,0.003507
2026-01-26T13:34:19.855559,2026-01-26,ollama,ministral-3:8b,571,221,0.000000
2026-01-26T13:34:21.594139,2026-01-26,ollama,ministral-3:8b,563,1,0.000000
2026-01-26T13:34:24.024952,2026-01-26,mistral,mistral-medium-latest,530,310,0.003942
2026-01-26T13:34:25.463108,2026-01-26,ollama,ministral-3:8b,610,100,0.000000
2026-01-26T13:34:28.341042,2026-01-26,ollama,ministral-3:8b,581,53,0.000000
2026-01-26T13:34:33.066317,2026-01-26,mistral,mistral-medium-latest,513,395,0.004585
2026-01-26T13:34:33.142285,2026-01-26,ollama,ministral-3:8b,627,128,0.000000
2026-01-26T13:34:34.998437,2026-01-26,ollama,ministral-3:8b,628,1,0.000000
2026-01-26T13:34:36.745265,2026-01-26,ollama,ministral-3:8b,620,1,0.000000
2026-01-26T13:34:38.638725,2026-01-26,ollama,ministral-3:8b,623,1,0.000000
2026-01-26T13:34:39.947187,2026-01-26,mistral,mistral-medium-latest,491,286,0.003642
2026-01-26T13:34:44.259785,2026-01-26,ollama,ministral-3:8b,618,176,0.000000
2026-01-26T13:34:46.814920,2026-01-26,mistral,mistral-medium-latest,516,300,0.003823
2026-01-26T13:34:51.816867,2026-01-26,mistral,mistral-medium-latest,530,225,0.003254
2026-01-26T13:35:00.198986,2026-01-26,mistral,mistral-medium-latest,497,351,0.004185
2026-01-26T13:35:06.983178,2026-01-26,mistral,mistral-medium-latest,578,282,0.003845
2026-01-26T13:36:21.578093,2026-01-26,ollama,qwen2.5-coder:7b-instruct,444,21,0.000000
2026-01-26T13:36:23.613524,2026-01-26,ollama,qwen2.5-coder:7b-instruct,469,41,0.000000
2026-01-26T13:36:26.791952,2026-01-26,ollama,qwen2.5-coder:7b-instruct,537,64,0.000000
2026-01-26T13:36:28.720603,2026-01-26,ollama,qwen2.5-coder:7b-instruct,460,20,0.000000
2026-01-26T13:36:31.185704,2026-01-26,ollama,qwen2.5-coder:7b-instruct,503,54,0.000000
2026-01-26T13:36:32.627920,2026-01-26,ollama,qwen2.5-coder:7b-instruct,552,0,0.000000
2026-01-26T13:36:35.259675,2026-01-26,ollama,qwen2.5-coder:7b-instruct,567,47,0.000000
2026-01-26T13:36:38.064461,2026-01-26,ollama,qwen2.5-coder:7b-instruct,577,52,0.000000
2026-01-26T13:36:39.591422,2026-01-26,ollama,qwen2.5-coder:7b-instruct,552,0,0.000000
2026-01-26T13:36:42.126531,2026-01-26,ollama,qwen2.5-coder:7b-instruct,571,46,0.000000
2026-01-26T13:36:44.743670,2026-01-26,ollama,qwen2.5-coder:7b-instruct,563,44,0.000000
2026-01-26T13:36:48.261145,2026-01-26,ollama,qwen2.5-coder:7b-instruct,610,79,0.000000
2026-01-26T13:36:51.025104,2026-01-26,ollama,qwen2.5-coder:7b-instruct,581,52,0.000000
2026-01-26T13:36:52.740766,2026-01-26,ollama,qwen2.5-coder:7b-instruct,627,3,0.000000
2026-01-26T13:36:54.447522,2026-01-26,ollama,qwen2.5-coder:7b-instruct,628,0,0.000000
2026-01-26T13:36:57.133788,2026-01-26,ollama,qwen2.5-coder:7b-instruct,620,48,0.000000
2026-01-26T13:36:58.904963,2026-01-26,ollama,qwen2.5-coder:7b-instruct,623,0,0.000000
2026-01-26T13:37:01.488383,2026-01-26,ollama,qwen2.5-coder:7b-instruct,618,46,0.000000
2026-01-26T13:37:04.652510,2026-01-26,ollama,qwen2.5-coder:7b-instruct,609,63,0.000000
2026-01-26T13:37:06.506970,2026-01-26,ollama,qwen2.5-coder:7b-instruct,603,0,0.000000
2026-01-26T13:37:08.096022,2026-01-26,ollama,qwen2.5-coder:7b-instruct,567,0,0.000000
2026-01-26T13:37:11.008761,2026-01-26,ollama,qwen2.5-coder:7b-instruct,607,53,0.000000
2026-01-26T13:37:14.668731,2026-01-26,ollama,qwen2.5-coder:7b-instruct,634,79,0.000000
2026-01-26T13:37:16.374095,2026-01-26,ollama,qwen2.5-coder:7b-instruct,625,0,0.000000
2026-01-26T13:37:18.135097,2026-01-26,ollama,qwen2.5-coder:7b-instruct,628,0,0.000000
2026-01-26T13:37:19.860199,2026-01-26,ollama,qwen2.5-coder:7b-instruct,612,0,0.000000
2026-01-26T13:37:22.568987,2026-01-26,ollama,qwen2.5-coder:7b-instruct,530,60,0.000000
2026-01-26T13:37:25.355328,2026-01-26,ollama,qwen2.5-coder:7b-instruct,518,64,0.000000
2026-01-26T13:37:27.945508,2026-01-26,ollama,qwen2.5-coder:7b-instruct,494,54,0.000000
2026-01-26T13:37:30.475844,2026-01-26,ollama,qwen2.5-coder:7b-instruct,525,49,0.000000
2026-01-26T13:37:31.947033,2026-01-26,ollama,qwen2.5-coder:7b-instruct,530,0,0.000000
2026-01-26T13:37:34.542450,2026-01-26,ollama,qwen2.5-coder:7b-instruct,513,51,0.000000
2026-01-26T13:37:37.179968,2026-01-26,ollama,qwen2.5-coder:7b-instruct,491,54,0.000000
2026-01-26T13:37:39.563085,2026-01-26,ollama,qwen2.5-coder:7b-instruct,516,51,0.000000
2026-01-26T13:37:41.033515,2026-01-26,ollama,qwen2.5-coder:7b-instruct,530,0,0.000000
2026-01-26T13:37:42.498953,2026-01-26,ollama,qwen2.5-coder:7b-instruct,497,0,0.000000
2026-01-26T13:37:45.580448,2026-01-26,ollama,qwen2.5-coder:7b-instruct,578,59,0.000000
2026-01-26T13:37:47.286817,2026-01-26,ollama,qwen2.5-coder:7b-instruct,587,0,0.000000
2026-01-26T13:37:48.812461,2026-01-26,ollama,qwen2.5-coder:7b-instruct,549,0,0.000000
2026-01-26T13:37:51.903982,2026-01-26,ollama,qwen2.5-coder:7b-instruct,548,58,0.000000
2026-01-26T13:37:55.207426,2026-01-26,ollama,qwen2.5-coder:7b-instruct,543,68,0.000000
2026-01-26T13:37:58.026300,2026-01-26,ollama,qwen2.5-coder:7b-instruct,575,57,0.000000
2026-01-26T13:38:01.745534,2026-01-26,ollama,qwen2.5-coder:7b-instruct,614,77,0.000000
2026-01-26T13:38:05.121366,2026-01-26,ollama,qwen2.5-coder:7b-instruct,568,70,0.000000
2026-01-26T13:38:06.831269,2026-01-26,ollama,qwen2.5-coder:7b-instruct,632,0,0.000000
2026-01-26T13:38:08.681381,2026-01-26,ollama,qwen2.5-coder:7b-instruct,682,0,0.000000
2026-01-26T13:38:11.650586,2026-01-26,ollama,qwen2.5-coder:7b-instruct,605,60,0.000000
2026-01-26T13:38:14.756997,2026-01-26,ollama,qwen2.5-coder:7b-instruct,654,59,0.000000
2026-01-26T13:38:16.397933,2026-01-26,ollama,qwen2.5-coder:7b-instruct,646,0,0.000000
2026-01-26T13:38:20.194082,2026-01-26,ollama,qwen2.5-coder:7b-instruct,701,74,0.000000
2026-01-26T13:38:22.200500,2026-01-26,ollama,qwen2.5-coder:7b-instruct,697,0,0.000000
2026-01-26T13:38:25.505101,2026-01-26,ollama,qwen2.5-coder:7b-instruct,694,71,0.000000
2026-01-26T13:38:28.732800,2026-01-26,ollama,qwen2.5-coder:7b-instruct,549,74,0.000000
2026-01-26T13:38:30.282877,2026-01-26,ollama,qwen2.5-coder:7b-instruct,548,0,0.000000
2026-01-26T13:38:31.742738,2026-01-26,ollama,qwen2.5-coder:7b-instruct,561,0,0.000000
2026-01-26T13:38:35.225310,2026-01-26,ollama,qwen2.5-coder:7b-instruct,558,77,0.000000
2026-01-26T13:38:36.823584,2026-01-26,ollama,qwen2.5-coder:7b-instruct,590,0,0.000000
2026-01-26T13:38:38.461531,2026-01-26,ollama,qwen2.5-coder:7b-instruct,585,0,0.000000
2026-01-26T13:38:42.443946,2026-01-26,ollama,qwen2.5-coder:7b-instruct,600,85,0.000000
2026-01-26T13:38:43.968111,2026-01-26,ollama,qwen2.5-coder:7b-instruct,577,0,0.000000
2026-01-26T13:38:45.838797,2026-01-26,ollama,qwen2.5-coder:7b-instruct,667,0,0.000000
2026-01-26T13:38:49.620573,2026-01-26,ollama,qwen2.5-coder:7b-instruct,619,83,0.000000
2026-01-26T13:38:51.638033,2026-01-26,ollama,qwen2.5-coder:7b-instruct,658,7,0.000000
2026-01-26T13:38:53.670609,2026-01-26,ollama,qwen2.5-coder:7b-instruct,683,8,0.000000
2026-01-26T13:38:55.732295,2026-01-26,ollama,qwen2.5-coder:7b-instruct,741,0,0.000000
2026-01-26T13:39:00.084771,2026-01-26,ollama,qwen2.5-coder:7b-instruct,703,97,0.000000
2026-01-26T13:39:02.197510,2026-01-26,ollama,qwen2.5-coder:7b-instruct,689,7,0.000000
2026-01-26T13:39:04.119082,2026-01-26,ollama,qwen2.5-coder:7b-instruct,733,0,0.000000
2026-01-26T13:39:06.790310,2026-01-26,ollama,qwen2.5-coder:7b-instruct,826,15,0.000000
2026-01-26T13:39:08.769451,2026-01-26,ollama,qwen2.5-coder:7b-instruct,660,0,0.000000
2026-01-26T13:39:09.256921,2026-01-26,ollama,qwen2.5-coder:7b-instruct,169,0,0.000000
2026-01-26T13:39:11.069554,2026-01-26,ollama,qwen2.5-coder:7b-instruct,218,42,0.000000
2026-01-26T13:39:11.747631,2026-01-26,ollama,qwen2.5-coder:7b-instruct,254,0,0.000000
2026-01-26T13:39:13.660033,2026-01-26,ollama,qwen2.5-coder:7b-instruct,260,53,0.000000
2026-01-26T13:39:16.186279,2026-01-26,ollama,qwen2.5-coder:7b-instruct,266,73,0.000000
2026-01-26T13:39:18.199320,2026-01-26,ollama,qwen2.5-coder:7b-instruct,260,62,0.000000
2026-01-26T13:39:20.396690,2026-01-26,ollama,qwen2.5-coder:7b-instruct,289,57,0.000000
2026-01-26T13:39:21.114297,2026-01-26,ollama,qwen2.5-coder:7b-instruct,282,0,0.000000
2026-01-26T13:39:22.054268,2026-01-26,ollama,qwen2.5-coder:7b-instruct,358,0,0.000000
2026-01-26T13:39:22.924174,2026-01-26,ollama,qwen2.5-coder:7b-instruct,319,0,0.000000
2026-01-26T13:39:23.792307,2026-01-26,ollama,qwen2.5-coder:7b-instruct,346,0,0.000000
2026-01-26T13:39:25.480418,2026-01-26,ollama,qwen2.5-coder:7b-instruct,444,21,0.000000
2026-01-26T13:39:27.026869,2026-01-26,ollama,qwen2.5-coder:7b-instruct,469,17,0.000000
2026-01-26T13:39:28.917766,2026-01-26,ollama,qwen2.5-coder:7b-instruct,537,10,0.000000
2026-01-26T13:39:30.244893,2026-01-26,ollama,qwen2.5-coder:7b-instruct,460,0,0.000000
2026-01-26T13:39:32.755951,2026-01-26,ollama,qwen2.5-coder:7b-instruct,503,54,0.000000
2026-01-26T13:39:35.669003,2026-01-26,ollama,qwen2.5-coder:7b-instruct,552,53,0.000000
2026-01-26T13:39:38.400990,2026-01-26,ollama,qwen2.5-coder:7b-instruct,567,47,0.000000
2026-01-26T13:39:39.979188,2026-01-26,ollama,qwen2.5-coder:7b-instruct,577,0,0.000000
2026-01-26T13:39:41.507870,2026-01-26,ollama,qwen2.5-coder:7b-instruct,552,0,0.000000
2026-01-26T13:39:44.037376,2026-01-26,ollama,qwen2.5-coder:7b-instruct,571,46,0.000000
2026-01-26T13:39:46.694391,2026-01-26,ollama,qwen2.5-coder:7b-instruct,563,44,0.000000
2026-01-26T13:39:49.244426,2026-01-26,ollama,qwen2.5-coder:7b-instruct,610,48,0.000000
2026-01-26T13:39:52.024828,2026-01-26,ollama,qwen2.5-coder:7b-instruct,581,52,0.000000
2026-01-26T13:39:53.659677,2026-01-26,ollama,qwen2.5-coder:7b-instruct,627,0,0.000000
2026-01-26T13:39:57.251337,2026-01-26,ollama,qwen2.5-coder:7b-instruct,628,79,0.000000
2026-01-26T13:39:58.828565,2026-01-26,ollama,qwen2.5-coder:7b-instruct,620,0,0.000000
2026-01-26T13:40:00.613647,2026-01-26,ollama,qwen2.5-coder:7b-instruct,623,0,0.000000
2026-01-26T13:40:02.390849,2026-01-26,ollama,qwen2.5-coder:7b-instruct,618,8,0.000000
2026-01-26T13:40:04.122487,2026-01-26,ollama,qwen2.5-coder:7b-instruct,609,0,0.000000
2026-01-26T13:40:05.964788,2026-01-26,ollama,qwen2.5-coder:7b-instruct,603,0,0.000000
2026-01-26T13:40:07.560055,2026-01-26,ollama,qwen2.5-coder:7b-instruct,567,0,0.000000
2026-01-26T13:40:10.896421,2026-01-26,ollama,qwen2.5-coder:7b-instruct,607,77,0.000000
2026-01-26T13:40:14.551826,2026-01-26,ollama,qwen2.5-coder:7b-instruct,634,79,0.000000
2026-01-26T13:40:16.262984,2026-01-26,ollama,qwen2.5-coder:7b-instruct,625,0,0.000000
2026-01-26T13:40:18.032003,2026-01-26,ollama,qwen2.5-coder:7b-instruct,628,0,0.000000
2026-01-26T13:40:21.921831,2026-01-26,ollama,qwen2.5-coder:7b-instruct,612,86,0.000000
2026-01-26T13:40:24.648340,2026-01-26,ollama,qwen2.5-coder:7b-instruct,530,60,0.000000
2026-01-26T13:40:26.033962,2026-01-26,ollama,qwen2.5-coder:7b-instruct,518,0,0.000000
2026-01-26T13:40:28.639184,2026-01-26,ollama,qwen2.5-coder:7b-instruct,494,54,0.000000
2026-01-26T13:40:31.178490,2026-01-26,ollama,qwen2.5-coder:7b-instruct,525,49,0.000000
2026-01-26T13:40:32.650612,2026-01-26,ollama,qwen2.5-coder:7b-instruct,530,0,0.000000
2026-01-26T13:40:35.249830,2026-01-26,ollama,qwen2.5-coder:7b-instruct,513,51,0.000000
2026-01-26T13:40:37.902297,2026-01-26,ollama,qwen2.5-coder:7b-instruct,491,54,0.000000
2026-01-26T13:40:40.294251,2026-01-26,ollama,qwen2.5-coder:7b-instruct,516,51,0.000000
2026-01-26T13:40:41.778003,2026-01-26,ollama,qwen2.5-coder:7b-instruct,530,0,0.000000
2026-01-26T13:40:43.247861,2026-01-26,ollama,qwen2.5-coder:7b-instruct,497,0,0.000000
2026-01-26T13:40:44.816984,2026-01-26,ollama,qwen2.5-coder:7b-instruct,578,0,0.000000
2026-01-26T13:40:46.519587,2026-01-26,ollama,qwen2.5-coder:7b-instruct,587,0,0.000000
2026-01-26T13:40:48.047880,2026-01-26,ollama,qwen2.5-coder:7b-instruct,549,0,0.000000
2026-01-26T13:40:49.766507,2026-01-26,ollama,qwen2.5-coder:7b-instruct,548,5,0.000000
2026-01-26T13:40:53.065563,2026-01-26,ollama,qwen2.5-coder:7b-instruct,543,68,0.000000
2026-01-26T13:40:54.582492,2026-01-26,ollama,qwen2.5-coder:7b-instruct,575,0,0.000000
2026-01-26T13:40:57.734434,2026-01-26,ollama,qwen2.5-coder:7b-instruct,614,59,0.000000
2026-01-26T13:40:59.347120,2026-01-26,ollama,qwen2.5-coder:7b-instruct,568,2,0.000000
2026-01-26T13:41:02.379485,2026-01-26,ollama,qwen2.5-coder:7b-instruct,632,59,0.000000
2026-01-26T13:41:05.878103,2026-01-26,ollama,qwen2.5-coder:7b-instruct,682,69,0.000000
2026-01-26T13:41:08.852930,2026-01-26,ollama,qwen2.5-coder:7b-instruct,605,60,0.000000
2026-01-26T13:41:11.969415,2026-01-26,ollama,qwen2.5-coder:7b-instruct,654,59,0.000000
2026-01-26T13:41:15.322748,2026-01-26,ollama,qwen2.5-coder:7b-instruct,646,71,0.000000
2026-01-26T13:41:19.025307,2026-01-26,ollama,qwen2.5-coder:7b-instruct,701,74,0.000000
2026-01-26T13:41:21.005379,2026-01-26,ollama,qwen2.5-coder:7b-instruct,697,0,0.000000
2026-01-26T13:41:24.274499,2026-01-26,ollama,qwen2.5-coder:7b-instruct,694,71,0.000000
2026-01-26T13:41:27.473337,2026-01-26,ollama,qwen2.5-coder:7b-instruct,549,74,0.000000
2026-01-26T13:41:28.985264,2026-01-26,ollama,qwen2.5-coder:7b-instruct,548,0,0.000000
2026-01-26T13:41:32.162216,2026-01-26,ollama,qwen2.5-coder:7b-instruct,561,75,0.000000
2026-01-26T13:41:33.787785,2026-01-26,ollama,qwen2.5-coder:7b-instruct,558,0,0.000000
2026-01-26T13:41:37.116321,2026-01-26,ollama,qwen2.5-coder:7b-instruct,590,71,0.000000
2026-01-26T13:41:38.771965,2026-01-26,ollama,qwen2.5-coder:7b-instruct,585,0,0.000000
2026-01-26T13:41:40.441571,2026-01-26,ollama,qwen2.5-coder:7b-instruct,600,0,0.000000
2026-01-26T13:41:41.965660,2026-01-26,ollama,qwen2.5-coder:7b-instruct,577,0,0.000000
2026-01-26T13:41:43.830621,2026-01-26,ollama,qwen2.5-coder:7b-instruct,667,0,0.000000
2026-01-26T13:41:45.615054,2026-01-26,ollama,qwen2.5-coder:7b-instruct,619,0,0.000000
2026-01-26T13:41:47.733091,2026-01-26,ollama,qwen2.5-coder:7b-instruct,658,10,0.000000
2026-01-26T13:41:49.782923,2026-01-26,ollama,qwen2.5-coder:7b-instruct,683,8,0.000000
2026-01-26T13:41:52.093484,2026-01-26,ollama,qwen2.5-coder:7b-instruct,741,11,0.000000
2026-01-26T13:41:56.433682,2026-01-26,ollama,qwen2.5-coder:7b-instruct,703,97,0.000000
2026-01-26T13:41:58.541412,2026-01-26,ollama,qwen2.5-coder:7b-instruct,689,7,0.000000
2026-01-26T13:42:00.468418,2026-01-26,ollama,qwen2.5-coder:7b-instruct,733,0,0.000000
2026-01-26T13:42:03.130940,2026-01-26,ollama,qwen2.5-coder:7b-instruct,826,15,0.000000
2026-01-26T13:42:05.311130,2026-01-26,ollama,qwen2.5-coder:7b-instruct,660,7,0.000000
2026-01-26T13:42:05.786349,2026-01-26,ollama,qwen2.5-coder:7b-instruct,169,0,0.000000
2026-01-26T13:42:06.454929,2026-01-26,ollama,qwen2.5-coder:7b-instruct,218,0,0.000000
2026-01-26T13:42:07.132709,2026-01-26,ollama,qwen2.5-coder:7b-instruct,254,0,0.000000
2026-01-26T13:42:07.845355,2026-01-26,ollama,qwen2.5-coder:7b-instruct,260,0,0.000000
2026-01-26T13:42:08.571487,2026-01-26,ollama,qwen2.5-coder:7b-instruct,266,0,0.000000
2026-01-26T13:42:09.255469,2026-01-26,ollama,qwen2.5-coder:7b-instruct,260,0,0.000000
2026-01-26T13:42:10.045640,2026-01-26,ollama,qwen2.5-coder:7b-instruct,289,0,0.000000
2026-01-26T13:42:10.762696,2026-01-26,ollama,qwen2.5-coder:7b-instruct,282,0,0.000000
2026-01-26T13:42:11.677449,2026-01-26,ollama,qwen2.5-coder:7b-instruct,358,0,0.000000
2026-01-26T13:42:12.544201,2026-01-26,ollama,qwen2.5-coder:7b-instruct,319,0,0.000000
2026-01-26T13:42:13.410080,2026-01-26,ollama,qwen2.5-coder:7b-instruct,346,0,0.000000
2026-01-26T13:42:15.103076,2026-01-26,ollama,qwen2.5-coder:7b-instruct,444,21,0.000000
2026-01-26T13:42:16.634211,2026-01-26,ollama,qwen2.5-coder:7b-instruct,469,17,0.000000
2026-01-26T13:42:19.355733,2026-01-26,ollama,qwen2.5-coder:7b-instruct,537,42,0.000000
2026-01-26T13:42:20.689657,2026-01-26,ollama,qwen2.5-coder:7b-instruct,460,0,0.000000
2026-01-26T13:42:23.036879,2026-01-26,ollama,qwen2.5-coder:7b-instruct,503,47,0.000000
2026-01-26T13:42:25.856933,2026-01-26,ollama,qwen2.5-coder:7b-instruct,552,53,0.000000
2026-01-26T13:42:28.492188,2026-01-26,ollama,qwen2.5-coder:7b-instruct,567,47,0.000000
2026-01-26T13:42:31.304115,2026-01-26,ollama,qwen2.5-coder:7b-instruct,577,52,0.000000
2026-01-26T13:42:32.807868,2026-01-26,ollama,qwen2.5-coder:7b-instruct,552,0,0.000000
2026-01-26T13:42:35.345669,2026-01-26,ollama,qwen2.5-coder:7b-instruct,571,46,0.000000
2026-01-26T13:42:37.981051,2026-01-26,ollama,qwen2.5-coder:7b-instruct,563,44,0.000000
2026-01-26T13:42:40.535288,2026-01-26,ollama,qwen2.5-coder:7b-instruct,610,48,0.000000
2026-01-26T13:42:43.303247,2026-01-26,ollama,qwen2.5-coder:7b-instruct,581,52,0.000000
2026-01-26T13:42:45.927730,2026-01-26,ollama,qwen2.5-coder:7b-instruct,627,48,0.000000
2026-01-26T13:42:48.627274,2026-01-26,ollama,qwen2.5-coder:7b-instruct,628,44,0.000000
2026-01-26T13:42:50.234175,2026-01-26,ollama,qwen2.5-coder:7b-instruct,620,0,0.000000
2026-01-26T13:42:52.016183,2026-01-26,ollama,qwen2.5-coder:7b-instruct,623,0,0.000000
2026-01-26T13:42:54.598240,2026-01-26,ollama,qwen2.5-coder:7b-instruct,618,46,0.000000
2026-01-26T13:42:56.332562,2026-01-26,ollama,qwen2.5-coder:7b-instruct,609,0,0.000000
2026-01-26T13:42:58.183843,2026-01-26,ollama,qwen2.5-coder:7b-instruct,603,0,0.000000
2026-01-26T13:42:59.771929,2026-01-26,ollama,qwen2.5-coder:7b-instruct,567,0,0.000000
2026-01-26T13:43:03.130650,2026-01-26,ollama,qwen2.5-coder:7b-instruct,607,77,0.000000
2026-01-26T13:43:06.818125,2026-01-26,ollama,qwen2.5-coder:7b-instruct,634,79,0.000000
2026-01-26T13:43:09.833218,2026-01-26,ollama,qwen2.5-coder:7b-instruct,625,56,0.000000
2026-01-26T13:43:11.694379,2026-01-26,ollama,qwen2.5-coder:7b-instruct,628,2,0.000000
2026-01-26T13:43:13.418810,2026-01-26,ollama,qwen2.5-coder:7b-instruct,612,0,0.000000
2026-01-26T13:43:16.161367,2026-01-26,ollama,qwen2.5-coder:7b-instruct,530,60,0.000000
2026-01-26T13:43:18.953937,2026-01-26,ollama,qwen2.5-coder:7b-instruct,518,64,0.000000
2026-01-26T13:43:20.540624,2026-01-26,ollama,qwen2.5-coder:7b-instruct,494,7,0.000000
2026-01-26T13:43:23.073514,2026-01-26,ollama,qwen2.5-coder:7b-instruct,525,49,0.000000
2026-01-26T13:43:24.560026,2026-01-26,ollama,qwen2.5-coder:7b-instruct,530,0,0.000000
2026-01-26T13:43:27.165384,2026-01-26,ollama,qwen2.5-coder:7b-instruct,513,51,0.000000
2026-01-26T13:43:29.807809,2026-01-26,ollama,qwen2.5-coder:7b-instruct,491,54,0.000000
2026-01-26T13:43:32.206767,2026-01-26,ollama,qwen2.5-coder:7b-instruct,516,51,0.000000
2026-01-26T13:43:34.884261,2026-01-26,ollama,qwen2.5-coder:7b-instruct,530,54,0.000000
2026-01-26T13:43:36.361090,2026-01-26,ollama,qwen2.5-coder:7b-instruct,497,0,0.000000
2026-01-26T13:43:37.937476,2026-01-26,ollama,qwen2.5-coder:7b-instruct,578,0,0.000000
2026-01-26T13:43:39.648529,2026-01-26,ollama,qwen2.5-coder:7b-instruct,587,0,0.000000
2026-01-26T13:43:41.187057,2026-01-26,ollama,qwen2.5-coder:7b-instruct,549,0,0.000000
2026-01-26T13:43:44.352056,2026-01-26,ollama,qwen2.5-coder:7b-instruct,548,58,0.000000
2026-01-26T13:43:47.708783,2026-01-26,ollama,qwen2.5-coder:7b-instruct,543,68,0.000000
2026-01-26T13:43:51.227694,2026-01-26,ollama,qwen2.5-coder:7b-instruct,575,78,0.000000
2026-01-26T13:43:52.876039,2026-01-26,ollama,qwen2.5-coder:7b-instruct,614,0,0.000000
2026-01-26T13:43:54.445590,2026-01-26,ollama,qwen2.5-coder:7b-instruct,568,0,0.000000
2026-01-26T13:43:57.652169,2026-01-26,ollama,qwen2.5-coder:7b-instruct,632,58,0.000000
2026-01-26T13:44:01.171562,2026-01-26,ollama,qwen2.5-coder:7b-instruct,682,69,0.000000
2026-01-26T13:44:02.816731,2026-01-26,ollama,qwen2.5-coder:7b-instruct,605,0,0.000000
2026-01-26T13:44:05.930400,2026-01-26,ollama,qwen2.5-coder:7b-instruct,654,59,0.000000
2026-01-26T13:44:09.276745,2026-01-26,ollama,qwen2.5-coder:7b-instruct,646,71,0.000000
2026-01-26T13:44:12.974213,2026-01-26,ollama,qwen2.5-coder:7b-instruct,701,74,0.000000
2026-01-26T13:44:14.996902,2026-01-26,ollama,qwen2.5-coder:7b-instruct,697,0,0.000000
2026-01-26T13:44:18.333507,2026-01-26,ollama,qwen2.5-coder:7b-instruct,694,71,0.000000
2026-01-26T13:44:21.550212,2026-01-26,ollama,qwen2.5-coder:7b-instruct,549,74,0.000000
2026-01-26T13:44:24.785662,2026-01-26,ollama,qwen2.5-coder:7b-instruct,548,71,0.000000
2026-01-26T13:44:26.260697,2026-01-26,ollama,qwen2.5-coder:7b-instruct,561,0,0.000000
2026-01-26T13:44:29.644769,2026-01-26,ollama,qwen2.5-coder:7b-instruct,558,77,0.000000
2026-01-26T13:44:32.980183,2026-01-26,ollama,qwen2.5-coder:7b-instruct,590,71,0.000000
2026-01-26T13:44:36.614619,2026-01-26,ollama,qwen2.5-coder:7b-instruct,585,86,0.000000
2026-01-26T13:44:40.523939,2026-01-26,ollama,qwen2.5-coder:7b-instruct,600,86,0.000000
2026-01-26T13:44:42.034813,2026-01-26,ollama,qwen2.5-coder:7b-instruct,577,0,0.000000
2026-01-26T13:44:43.889786,2026-01-26,ollama,qwen2.5-coder:7b-instruct,667,0,0.000000
2026-01-26T13:44:45.677752,2026-01-26,ollama,qwen2.5-coder:7b-instruct,619,0,0.000000
2026-01-26T13:44:47.795732,2026-01-26,ollama,qwen2.5-coder:7b-instruct,658,10,0.000000
2026-01-26T13:44:49.632489,2026-01-26,ollama,qwen2.5-coder:7b-instruct,683,0,0.000000
2026-01-26T13:44:51.706581,2026-01-26,ollama,qwen2.5-coder:7b-instruct,741,0,0.000000
2026-01-26T13:44:56.058759,2026-01-26,ollama,qwen2.5-coder:7b-instruct,703,97,0.000000
2026-01-26T13:44:57.981443,2026-01-26,ollama,qwen2.5-coder:7b-instruct,689,0,0.000000
2026-01-26T13:45:00.144787,2026-01-26,ollama,qwen2.5-coder:7b-instruct,733,11,0.000000
2026-01-26T13:45:02.808364,2026-01-26,ollama,qwen2.5-coder:7b-instruct,826,15,0.000000
2026-01-26T13:45:04.768660,2026-01-26,ollama,qwen2.5-coder:7b-instruct,660,0,0.000000
2026-01-26T13:45:05.238545,2026-01-26,ollama,qwen2.5-coder:7b-instruct,169,0,0.000000
2026-01-26T13:45:05.899441,2026-01-26,ollama,qwen2.5-coder:7b-instruct,218,0,0.000000
2026-01-26T13:45:06.579267,2026-01-26,ollama,qwen2.5-coder:7b-instruct,254,0,0.000000
2026-01-26T13:45:07.293723,2026-01-26,ollama,qwen2.5-coder:7b-instruct,260,0,0.000000
2026-01-26T13:45:08.010589,2026-01-26,ollama,qwen2.5-coder:7b-instruct,266,0,0.000000
2026-01-26T13:45:10.039332,2026-01-26,ollama,qwen2.5-coder:7b-instruct,260,62,0.000000
2026-01-26T13:45:10.829994,2026-01-26,ollama,qwen2.5-coder:7b-instruct,289,0,0.000000
2026-01-26T13:45:11.549531,2026-01-26,ollama,qwen2.5-coder:7b-instruct,282,0,0.000000
2026-01-26T13:45:12.461610,2026-01-26,ollama,qwen2.5-coder:7b-instruct,358,0,0.000000
2026-01-26T13:45:13.329490,2026-01-26,ollama,qwen2.5-coder:7b-instruct,319,0,0.000000
2026-01-26T13:45:14.183426,2026-01-26,ollama,qwen2.5-coder:7b-instruct,346,0,0.000000
2026-01-26T14:01:01.427557,2026-01-26,ollama,qwen2.5-coder:7b-instruct,444,21,0.000000
2026-01-26T14:01:02.959924,2026-01-26,ollama,qwen2.5-coder:7b-instruct,469,17,0.000000
2026-01-26T14:01:04.535048,2026-01-26,ollama,qwen2.5-coder:7b-instruct,537,0,0.000000
2026-01-26T14:01:05.869262,2026-01-26,ollama,qwen2.5-coder:7b-instruct,460,0,0.000000
2026-01-26T14:01:07.306843,2026-01-26,ollama,qwen2.5-coder:7b-instruct,503,7,0.000000
2026-01-26T14:01:08.758958,2026-01-26,ollama,qwen2.5-coder:7b-instruct,552,0,0.000000
2026-01-26T14:01:11.950339,2026-01-26,ollama,qwen2.5-coder:7b-instruct,567,64,0.000000
2026-01-26T14:01:13.527878,2026-01-26,ollama,qwen2.5-coder:7b-instruct,577,0,0.000000
2026-01-26T14:01:15.066584,2026-01-26,ollama,qwen2.5-coder:7b-instruct,552,0,0.000000
2026-01-26T14:01:17.612946,2026-01-26,ollama,qwen2.5-coder:7b-instruct,571,46,0.000000
2026-01-26T14:01:20.238037,2026-01-26,ollama,qwen2.5-coder:7b-instruct,563,44,0.000000
2026-01-26T14:01:23.768207,2026-01-26,ollama,qwen2.5-coder:7b-instruct,610,79,0.000000
2026-01-26T14:01:26.548334,2026-01-26,ollama,qwen2.5-coder:7b-instruct,581,52,0.000000
2026-01-26T14:01:28.186939,2026-01-26,ollama,qwen2.5-coder:7b-instruct,627,0,0.000000
2026-01-26T14:01:30.895374,2026-01-26,ollama,qwen2.5-coder:7b-instruct,628,44,0.000000
2026-01-26T14:01:32.468540,2026-01-26,ollama,qwen2.5-coder:7b-instruct,620,0,0.000000
2026-01-26T14:01:34.247478,2026-01-26,ollama,qwen2.5-coder:7b-instruct,623,0,0.000000
2026-01-26T14:01:36.888308,2026-01-26,ollama,qwen2.5-coder:7b-instruct,618,46,0.000000
2026-01-26T14:01:38.618053,2026-01-26,ollama,qwen2.5-coder:7b-instruct,609,0,0.000000
2026-01-26T14:01:42.282294,2026-01-26,ollama,qwen2.5-coder:7b-instruct,603,64,0.000000
2026-01-26T14:01:43.872204,2026-01-26,ollama,qwen2.5-coder:7b-instruct,567,0,0.000000
2026-01-26T14:01:46.792239,2026-01-26,ollama,qwen2.5-coder:7b-instruct,607,53,0.000000
2026-01-26T14:01:50.234027,2026-01-26,ollama,qwen2.5-coder:7b-instruct,634,69,0.000000
2026-01-26T14:01:51.939879,2026-01-26,ollama,qwen2.5-coder:7b-instruct,625,0,0.000000
2026-01-26T14:01:53.702796,2026-01-26,ollama,qwen2.5-coder:7b-instruct,628,0,0.000000
2026-01-26T14:01:57.577284,2026-01-26,ollama,qwen2.5-coder:7b-instruct,612,89,0.000000
2026-01-26T14:02:00.299326,2026-01-26,ollama,qwen2.5-coder:7b-instruct,530,60,0.000000
2026-01-26T14:02:01.682815,2026-01-26,ollama,qwen2.5-coder:7b-instruct,518,0,0.000000
2026-01-26T14:02:03.264163,2026-01-26,ollama,qwen2.5-coder:7b-instruct,494,7,0.000000
2026-01-26T14:02:05.807063,2026-01-26,ollama,qwen2.5-coder:7b-instruct,525,49,0.000000
2026-01-26T14:02:07.274507,2026-01-26,ollama,qwen2.5-coder:7b-instruct,530,0,0.000000
2026-01-26T14:02:09.876034,2026-01-26,ollama,qwen2.5-coder:7b-instruct,513,51,0.000000
2026-01-26T14:02:12.527222,2026-01-26,ollama,qwen2.5-coder:7b-instruct,491,54,0.000000
2026-01-26T14:02:14.921454,2026-01-26,ollama,qwen2.5-coder:7b-instruct,516,51,0.000000
2026-01-26T14:02:17.619299,2026-01-26,ollama,qwen2.5-coder:7b-instruct,530,54,0.000000
2026-01-26T14:02:19.068859,2026-01-26,ollama,qwen2.5-coder:7b-instruct,497,0,0.000000
2026-01-26T14:02:20.647402,2026-01-26,ollama,qwen2.5-coder:7b-instruct,578,0,0.000000
2026-01-26T14:02:23.672429,2026-01-26,ollama,qwen2.5-coder:7b-instruct,587,61,0.000000
2026-01-26T14:02:25.208135,2026-01-26,ollama,qwen2.5-coder:7b-instruct,549,0,0.000000
2026-01-26T14:02:28.303781,2026-01-26,ollama,qwen2.5-coder:7b-instruct,548,58,0.000000
2026-01-26T14:02:29.902960,2026-01-26,ollama,qwen2.5-coder:7b-instruct,543,0,0.000000
2026-01-26T14:02:31.411279,2026-01-26,ollama,qwen2.5-coder:7b-instruct,575,0,0.000000
2026-01-26T14:02:35.070181,2026-01-26,ollama,qwen2.5-coder:7b-instruct,614,77,0.000000
2026-01-26T14:02:36.687400,2026-01-26,ollama,qwen2.5-coder:7b-instruct,568,2,0.000000
2026-01-26T14:02:39.853599,2026-01-26,ollama,qwen2.5-coder:7b-instruct,632,58,0.000000
2026-01-26T14:02:43.355388,2026-01-26,ollama,qwen2.5-coder:7b-instruct,682,69,0.000000
2026-01-26T14:02:46.342682,2026-01-26,ollama,qwen2.5-coder:7b-instruct,605,60,0.000000
2026-01-26T14:02:49.463153,2026-01-26,ollama,qwen2.5-coder:7b-instruct,654,59,0.000000
2026-01-26T14:02:52.802533,2026-01-26,ollama,qwen2.5-coder:7b-instruct,646,71,0.000000
2026-01-26T14:02:54.881527,2026-01-26,ollama,qwen2.5-coder:7b-instruct,701,8,0.000000
2026-01-26T14:02:56.868058,2026-01-26,ollama,qwen2.5-coder:7b-instruct,697,0,0.000000
2026-01-26T14:03:00.148028,2026-01-26,ollama,qwen2.5-coder:7b-instruct,694,71,0.000000
2026-01-26T14:03:01.659769,2026-01-26,ollama,qwen2.5-coder:7b-instruct,549,0,0.000000
2026-01-26T14:03:03.162471,2026-01-26,ollama,qwen2.5-coder:7b-instruct,548,0,0.000000
2026-01-26T14:03:06.327397,2026-01-26,ollama,qwen2.5-coder:7b-instruct,561,75,0.000000
2026-01-26T14:03:07.919322,2026-01-26,ollama,qwen2.5-coder:7b-instruct,558,0,0.000000
2026-01-26T14:03:11.249942,2026-01-26,ollama,qwen2.5-coder:7b-instruct,590,71,0.000000
2026-01-26T14:03:12.911610,2026-01-26,ollama,qwen2.5-coder:7b-instruct,585,0,0.000000
2026-01-26T14:03:16.826325,2026-01-26,ollama,qwen2.5-coder:7b-instruct,600,86,0.000000
2026-01-26T14:03:18.356131,2026-01-26,ollama,qwen2.5-coder:7b-instruct,577,0,0.000000
2026-01-26T14:03:20.194620,2026-01-26,ollama,qwen2.5-coder:7b-instruct,667,0,0.000000
2026-01-26T14:03:21.960713,2026-01-26,ollama,qwen2.5-coder:7b-instruct,619,0,0.000000
2026-01-26T14:03:24.076959,2026-01-26,ollama,qwen2.5-coder:7b-instruct,658,10,0.000000
2026-01-26T14:03:25.920659,2026-01-26,ollama,qwen2.5-coder:7b-instruct,683,0,0.000000
2026-01-26T14:03:27.949251,2026-01-26,ollama,qwen2.5-coder:7b-instruct,741,0,0.000000
2026-01-26T14:03:30.029410,2026-01-26,ollama,qwen2.5-coder:7b-instruct,703,8,0.000000
2026-01-26T14:03:31.951754,2026-01-26,ollama,qwen2.5-coder:7b-instruct,689,0,0.000000
2026-01-26T14:03:34.049273,2026-01-26,ollama,qwen2.5-coder:7b-instruct,733,7,0.000000
2026-01-26T14:03:36.720470,2026-01-26,ollama,qwen2.5-coder:7b-instruct,826,15,0.000000
2026-01-26T14:03:38.680146,2026-01-26,ollama,qwen2.5-coder:7b-instruct,660,0,0.000000
2026-01-26T14:03:39.168250,2026-01-26,ollama,qwen2.5-coder:7b-instruct,169,0,0.000000
2026-01-26T14:03:39.830083,2026-01-26,ollama,qwen2.5-coder:7b-instruct,218,0,0.000000
2026-01-26T14:03:40.511308,2026-01-26,ollama,qwen2.5-coder:7b-instruct,254,0,0.000000
2026-01-26T14:03:42.436022,2026-01-26,ollama,qwen2.5-coder:7b-instruct,260,53,0.000000
2026-01-26T14:03:43.153193,2026-01-26,ollama,qwen2.5-coder:7b-instruct,266,0,0.000000
2026-01-26T14:03:43.818215,2026-01-26,ollama,qwen2.5-coder:7b-instruct,260,0,0.000000
2026-01-26T14:03:44.606359,2026-01-26,ollama,qwen2.5-coder:7b-instruct,289,0,0.000000
2026-01-26T14:03:45.345165,2026-01-26,ollama,qwen2.5-coder:7b-instruct,282,0,0.000000
2026-01-26T14:03:46.278808,2026-01-26,ollama,qwen2.5-coder:7b-instruct,358,0,0.000000
2026-01-26T14:03:47.146886,2026-01-26,ollama,qwen2.5-coder:7b-instruct,319,0,0.000000
2026-01-26T14:03:47.997716,2026-01-26,ollama,qwen2.5-coder:7b-instruct,346,0,0.000000
2026-01-26T14:03:49.695668,2026-01-26,ollama,qwen2.5-coder:7b-instruct,444,21,0.000000
2026-01-26T14:03:51.224011,2026-01-26,ollama,qwen2.5-coder:7b-instruct,469,17,0.000000
2026-01-26T14:03:54.394682,2026-01-26,ollama,qwen2.5-coder:7b-instruct,537,64,0.000000
2026-01-26T14:03:55.717483,2026-01-26,ollama,qwen2.5-coder:7b-instruct,460,0,0.000000
2026-01-26T14:03:57.149770,2026-01-26,ollama,qwen2.5-coder:7b-instruct,503,7,0.000000
2026-01-26T14:03:59.975071,2026-01-26,ollama,qwen2.5-coder:7b-instruct,552,53,0.000000
2026-01-26T14:04:02.623699,2026-01-26,ollama,qwen2.5-coder:7b-instruct,567,47,0.000000
2026-01-26T14:04:05.433932,2026-01-26,ollama,qwen2.5-coder:7b-instruct,577,52,0.000000
2026-01-26T14:04:06.946148,2026-01-26,ollama,qwen2.5-coder:7b-instruct,552,0,0.000000
2026-01-26T14:04:09.493250,2026-01-26,ollama,qwen2.5-coder:7b-instruct,571,46,0.000000
2026-01-26T14:04:12.125290,2026-01-26,ollama,qwen2.5-coder:7b-instruct,563,44,0.000000
2026-01-26T14:04:13.695909,2026-01-26,ollama,qwen2.5-coder:7b-instruct,610,0,0.000000
2026-01-26T14:04:16.467327,2026-01-26,ollama,qwen2.5-coder:7b-instruct,581,52,0.000000
2026-01-26T14:04:18.106086,2026-01-26,ollama,qwen2.5-coder:7b-instruct,627,0,0.000000
2026-01-26T14:04:21.694152,2026-01-26,ollama,qwen2.5-coder:7b-instruct,628,79,0.000000
2026-01-26T14:04:23.266199,2026-01-26,ollama,qwen2.5-coder:7b-instruct,620,0,0.000000
2026-01-26T14:04:25.052876,2026-01-26,ollama,qwen2.5-coder:7b-instruct,623,0,0.000000
2026-01-26T14:04:28.917745,2026-01-26,ollama,qwen2.5-coder:7b-instruct,618,92,0.000000
2026-01-26T14:04:32.755585,2026-01-26,ollama,qwen2.5-coder:7b-instruct,609,76,0.000000
2026-01-26T14:04:34.608957,2026-01-26,ollama,qwen2.5-coder:7b-instruct,603,0,0.000000
2026-01-26T14:04:36.217267,2026-01-26,ollama,qwen2.5-coder:7b-instruct,567,0,0.000000
2026-01-26T14:04:39.569812,2026-01-26,ollama,qwen2.5-coder:7b-instruct,607,77,0.000000
2026-01-26T14:04:41.354864,2026-01-26,ollama,qwen2.5-coder:7b-instruct,634,0,0.000000
2026-01-26T14:04:44.381495,2026-01-26,ollama,qwen2.5-coder:7b-instruct,625,56,0.000000
2026-01-26T14:04:46.146005,2026-01-26,ollama,qwen2.5-coder:7b-instruct,628,0,0.000000
2026-01-26T14:04:50.007326,2026-01-26,ollama,qwen2.5-coder:7b-instruct,612,89,0.000000
2026-01-26T14:04:52.727863,2026-01-26,ollama,qwen2.5-coder:7b-instruct,530,60,0.000000
2026-01-26T14:04:55.384299,2026-01-26,ollama,qwen2.5-coder:7b-instruct,518,57,0.000000
2026-01-26T14:04:56.969997,2026-01-26,ollama,qwen2.5-coder:7b-instruct,494,7,0.000000
2026-01-26T14:04:58.349797,2026-01-26,ollama,qwen2.5-coder:7b-instruct,525,0,0.000000
2026-01-26T14:04:59.822833,2026-01-26,ollama,qwen2.5-coder:7b-instruct,530,0,0.000000
2026-01-26T14:05:02.421033,2026-01-26,ollama,qwen2.5-coder:7b-instruct,513,51,0.000000
2026-01-26T14:05:05.058173,2026-01-26,ollama,qwen2.5-coder:7b-instruct,491,54,0.000000
2026-01-26T14:05:07.458607,2026-01-26,ollama,qwen2.5-coder:7b-instruct,516,51,0.000000
2026-01-26T14:05:10.146368,2026-01-26,ollama,qwen2.5-coder:7b-instruct,530,54,0.000000
2026-01-26T14:05:11.617677,2026-01-26,ollama,qwen2.5-coder:7b-instruct,497,0,0.000000
2026-01-26T14:05:14.717054,2026-01-26,ollama,qwen2.5-coder:7b-instruct,578,59,0.000000
2026-01-26T14:05:17.760282,2026-01-26,ollama,qwen2.5-coder:7b-instruct,587,61,0.000000
2026-01-26T14:05:19.284663,2026-01-26,ollama,qwen2.5-coder:7b-instruct,549,0,0.000000
2026-01-26T14:05:22.376675,2026-01-26,ollama,qwen2.5-coder:7b-instruct,548,58,0.000000
2026-01-26T14:05:23.947908,2026-01-26,ollama,qwen2.5-coder:7b-instruct,543,0,0.000000
2026-01-26T14:05:25.459653,2026-01-26,ollama,qwen2.5-coder:7b-instruct,575,0,0.000000
2026-01-26T14:05:27.105468,2026-01-26,ollama,qwen2.5-coder:7b-instruct,614,0,0.000000
2026-01-26T14:05:28.680679,2026-01-26,ollama,qwen2.5-coder:7b-instruct,568,0,0.000000
2026-01-26T14:05:31.853069,2026-01-26,ollama,qwen2.5-coder:7b-instruct,632,58,0.000000
2026-01-26T14:05:35.359378,2026-01-26,ollama,qwen2.5-coder:7b-instruct,682,69,0.000000
2026-01-26T14:05:38.359403,2026-01-26,ollama,qwen2.5-coder:7b-instruct,605,60,0.000000
2026-01-26T14:05:41.482075,2026-01-26,ollama,qwen2.5-coder:7b-instruct,654,59,0.000000
2026-01-26T14:05:44.817661,2026-01-26,ollama,qwen2.5-coder:7b-instruct,646,71,0.000000
2026-01-26T14:05:48.626428,2026-01-26,ollama,qwen2.5-coder:7b-instruct,701,74,0.000000
2026-01-26T14:05:50.617567,2026-01-26,ollama,qwen2.5-coder:7b-instruct,697,0,0.000000
2026-01-26T14:05:53.922855,2026-01-26,ollama,qwen2.5-coder:7b-instruct,694,71,0.000000
2026-01-26T14:05:55.452485,2026-01-26,ollama,qwen2.5-coder:7b-instruct,549,0,0.000000
2026-01-26T14:05:56.990657,2026-01-26,ollama,qwen2.5-coder:7b-instruct,548,0,0.000000
2026-01-26T14:05:58.448297,2026-01-26,ollama,qwen2.5-coder:7b-instruct,561,0,0.000000
2026-01-26T14:06:01.883164,2026-01-26,ollama,qwen2.5-coder:7b-instruct,558,77,0.000000
2026-01-26T14:06:03.463289,2026-01-26,ollama,qwen2.5-coder:7b-instruct,590,0,0.000000
2026-01-26T14:06:05.103687,2026-01-26,ollama,qwen2.5-coder:7b-instruct,585,0,0.000000
2026-01-26T14:06:06.745711,2026-01-26,ollama,qwen2.5-coder:7b-instruct,600,0,0.000000
2026-01-26T14:06:08.250505,2026-01-26,ollama,qwen2.5-coder:7b-instruct,577,0,0.000000
2026-01-26T14:06:10.112387,2026-01-26,ollama,qwen2.5-coder:7b-instruct,667,0,0.000000
2026-01-26T14:06:12.094192,2026-01-26,ollama,qwen2.5-coder:7b-instruct,619,8,0.000000
2026-01-26T14:06:14.229316,2026-01-26,ollama,qwen2.5-coder:7b-instruct,658,13,0.000000
2026-01-26T14:06:16.271684,2026-01-26,ollama,qwen2.5-coder:7b-instruct,683,8,0.000000
2026-01-26T14:06:18.323133,2026-01-26,ollama,qwen2.5-coder:7b-instruct,741,0,0.000000
2026-01-26T14:06:20.223227,2026-01-26,ollama,qwen2.5-coder:7b-instruct,703,0,0.000000
2026-01-26T14:06:22.323033,2026-01-26,ollama,qwen2.5-coder:7b-instruct,689,7,0.000000
2026-01-26T14:06:24.503473,2026-01-26,ollama,qwen2.5-coder:7b-instruct,733,11,0.000000
2026-01-26T14:06:27.177298,2026-01-26,ollama,qwen2.5-coder:7b-instruct,826,15,0.000000
2026-01-26T14:06:29.319181,2026-01-26,ollama,qwen2.5-coder:7b-instruct,660,6,0.000000
2026-01-26T14:06:29.809892,2026-01-26,ollama,qwen2.5-coder:7b-instruct,169,0,0.000000
2026-01-26T14:06:30.471910,2026-01-26,ollama,qwen2.5-coder:7b-instruct,218,0,0.000000
2026-01-26T14:06:31.153277,2026-01-26,ollama,qwen2.5-coder:7b-instruct,254,0,0.000000
2026-01-26T14:06:31.868344,2026-01-26,ollama,qwen2.5-coder:7b-instruct,260,0,0.000000
2026-01-26T14:06:32.586054,2026-01-26,ollama,qwen2.5-coder:7b-instruct,266,0,0.000000
2026-01-26T14:06:33.249382,2026-01-26,ollama,qwen2.5-coder:7b-instruct,260,0,0.000000
2026-01-26T14:06:34.043050,2026-01-26,ollama,qwen2.5-coder:7b-instruct,289,0,0.000000
2026-01-26T14:06:36.105449,2026-01-26,ollama,qwen2.5-coder:7b-instruct,282,56,0.000000
2026-01-26T14:06:37.019216,2026-01-26,ollama,qwen2.5-coder:7b-instruct,358,0,0.000000
2026-01-26T14:06:37.868653,2026-01-26,ollama,qwen2.5-coder:7b-instruct,319,0,0.000000
2026-01-26T14:06:38.736346,2026-01-26,ollama,qwen2.5-coder:7b-instruct,346,0,0.000000
2026-01-26T14:06:40.430327,2026-01-26,ollama,qwen2.5-coder:7b-instruct,444,21,0.000000
2026-01-26T14:06:41.959835,2026-01-26,ollama,qwen2.5-coder:7b-instruct,469,17,0.000000
2026-01-26T14:06:44.674878,2026-01-26,ollama,qwen2.5-coder:7b-instruct,537,42,0.000000
2026-01-26T14:06:46.031274,2026-01-26,ollama,qwen2.5-coder:7b-instruct,460,0,0.000000
2026-01-26T14:06:47.468051,2026-01-26,ollama,qwen2.5-coder:7b-instruct,503,7,0.000000
2026-01-26T14:06:50.352447,2026-01-26,ollama,qwen2.5-coder:7b-instruct,552,53,0.000000
2026-01-26T14:06:53.032824,2026-01-26,ollama,qwen2.5-coder:7b-instruct,567,51,0.000000
2026-01-26T14:06:55.888390,2026-01-26,ollama,qwen2.5-coder:7b-instruct,577,52,0.000000
2026-01-26T14:06:57.428014,2026-01-26,ollama,qwen2.5-coder:7b-instruct,552,0,0.000000
2026-01-26T14:06:59.984600,2026-01-26,ollama,qwen2.5-coder:7b-instruct,571,46,0.000000
2026-01-26T14:07:01.561807,2026-01-26,ollama,qwen2.5-coder:7b-instruct,563,0,0.000000
2026-01-26T14:07:03.138380,2026-01-26,ollama,qwen2.5-coder:7b-instruct,610,0,0.000000
2026-01-26T14:07:05.917005,2026-01-26,ollama,qwen2.5-coder:7b-instruct,581,52,0.000000
2026-01-26T14:07:07.560591,2026-01-26,ollama,qwen2.5-coder:7b-instruct,627,0,0.000000
2026-01-26T14:07:09.266868,2026-01-26,ollama,qwen2.5-coder:7b-instruct,628,0,0.000000
2026-01-26T14:07:10.865814,2026-01-26,ollama,qwen2.5-coder:7b-instruct,620,0,0.000000
2026-01-26T14:07:12.647451,2026-01-26,ollama,qwen2.5-coder:7b-instruct,623,0,0.000000
2026-01-26T14:07:14.424562,2026-01-26,ollama,qwen2.5-coder:7b-instruct,618,8,0.000000
2026-01-26T14:07:18.281192,2026-01-26,ollama,qwen2.5-coder:7b-instruct,609,76,0.000000
2026-01-26T14:07:20.161149,2026-01-26,ollama,qwen2.5-coder:7b-instruct,603,0,0.000000
2026-01-26T14:07:21.759793,2026-01-26,ollama,qwen2.5-coder:7b-instruct,567,0,0.000000
2026-01-26T14:07:25.184242,2026-01-26,ollama,qwen2.5-coder:7b-instruct,607,77,0.000000
2026-01-26T14:07:28.886048,2026-01-26,ollama,qwen2.5-coder:7b-instruct,634,79,0.000000
2026-01-26T14:07:30.606343,2026-01-26,ollama,qwen2.5-coder:7b-instruct,625,0,0.000000
2026-01-26T14:07:32.390783,2026-01-26,ollama,qwen2.5-coder:7b-instruct,628,0,0.000000
2026-01-26T14:07:34.129479,2026-01-26,ollama,qwen2.5-coder:7b-instruct,612,0,0.000000
2026-01-26T14:07:36.864257,2026-01-26,ollama,qwen2.5-coder:7b-instruct,530,60,0.000000
2026-01-26T14:07:39.521378,2026-01-26,ollama,qwen2.5-coder:7b-instruct,518,57,0.000000
2026-01-26T14:07:41.112495,2026-01-26,ollama,qwen2.5-coder:7b-instruct,494,7,0.000000
2026-01-26T14:07:43.681729,2026-01-26,ollama,qwen2.5-coder:7b-instruct,525,49,0.000000
2026-01-26T14:07:45.156369,2026-01-26,ollama,qwen2.5-coder:7b-instruct,530,0,0.000000
2026-01-26T14:07:47.758647,2026-01-26,ollama,qwen2.5-coder:7b-instruct,513,51,0.000000
2026-01-26T14:07:50.399792,2026-01-26,ollama,qwen2.5-coder:7b-instruct,491,54,0.000000
2026-01-26T14:07:52.801812,2026-01-26,ollama,qwen2.5-coder:7b-instruct,516,51,0.000000
2026-01-26T14:07:54.274246,2026-01-26,ollama,qwen2.5-coder:7b-instruct,530,0,0.000000
2026-01-26T14:07:55.726467,2026-01-26,ollama,qwen2.5-coder:7b-instruct,497,0,0.000000
2026-01-26T14:07:57.300531,2026-01-26,ollama,qwen2.5-coder:7b-instruct,578,0,0.000000
2026-01-26T14:07:59.005277,2026-01-26,ollama,qwen2.5-coder:7b-instruct,587,0,0.000000
2026-01-26T14:08:00.539114,2026-01-26,ollama,qwen2.5-coder:7b-instruct,549,0,0.000000
2026-01-26T14:08:02.112121,2026-01-26,ollama,qwen2.5-coder:7b-instruct,548,0,0.000000
2026-01-26T14:08:03.685169,2026-01-26,ollama,qwen2.5-coder:7b-instruct,543,0,0.000000
2026-01-26T14:08:05.217568,2026-01-26,ollama,qwen2.5-coder:7b-instruct,575,0,0.000000
2026-01-26T14:08:06.858698,2026-01-26,ollama,qwen2.5-coder:7b-instruct,614,0,0.000000
2026-01-26T14:08:10.267341,2026-01-26,ollama,qwen2.5-coder:7b-instruct,568,70,0.000000
2026-01-26T14:08:13.443746,2026-01-26,ollama,qwen2.5-coder:7b-instruct,632,58,0.000000
2026-01-26T14:08:15.287787,2026-01-26,ollama,qwen2.5-coder:7b-instruct,682,0,0.000000
2026-01-26T14:08:18.322183,2026-01-26,ollama,qwen2.5-coder:7b-instruct,605,60,0.000000
2026-01-26T14:08:21.446963,2026-01-26,ollama,qwen2.5-coder:7b-instruct,654,59,0.000000
2026-01-26T14:08:24.800231,2026-01-26,ollama,qwen2.5-coder:7b-instruct,646,71,0.000000
2026-01-26T14:08:26.981007,2026-01-26,ollama,qwen2.5-coder:7b-instruct,701,11,0.000000
2026-01-26T14:08:28.966804,2026-01-26,ollama,qwen2.5-coder:7b-instruct,697,0,0.000000
2026-01-26T14:08:30.739685,2026-01-26,ollama,qwen2.5-coder:7b-instruct,694,0,0.000000
2026-01-26T14:08:32.270292,2026-01-26,ollama,qwen2.5-coder:7b-instruct,549,0,0.000000
2026-01-26T14:08:33.794126,2026-01-26,ollama,qwen2.5-coder:7b-instruct,548,0,0.000000
2026-01-26T14:08:36.956780,2026-01-26,ollama,qwen2.5-coder:7b-instruct,561,75,0.000000
2026-01-26T14:08:38.548182,2026-01-26,ollama,qwen2.5-coder:7b-instruct,558,0,0.000000
2026-01-26T14:08:41.937086,2026-01-26,ollama,qwen2.5-coder:7b-instruct,590,71,0.000000
2026-01-26T14:08:45.601400,2026-01-26,ollama,qwen2.5-coder:7b-instruct,585,86,0.000000
2026-01-26T14:08:47.266580,2026-01-26,ollama,qwen2.5-coder:7b-instruct,600,0,0.000000
2026-01-26T14:08:48.796446,2026-01-26,ollama,qwen2.5-coder:7b-instruct,577,0,0.000000
2026-01-26T14:08:50.636421,2026-01-26,ollama,qwen2.5-coder:7b-instruct,667,0,0.000000
2026-01-26T14:08:54.421993,2026-01-26,ollama,qwen2.5-coder:7b-instruct,619,83,0.000000
2026-01-26T14:08:56.442891,2026-01-26,ollama,qwen2.5-coder:7b-instruct,658,7,0.000000
2026-01-26T14:08:58.481328,2026-01-26,ollama,qwen2.5-coder:7b-instruct,683,8,0.000000
2026-01-26T14:09:00.520808,2026-01-26,ollama,qwen2.5-coder:7b-instruct,741,0,0.000000
2026-01-26T14:09:02.597261,2026-01-26,ollama,qwen2.5-coder:7b-instruct,703,8,0.000000
2026-01-26T14:09:04.694998,2026-01-26,ollama,qwen2.5-coder:7b-instruct,689,7,0.000000
2026-01-26T14:09:06.856993,2026-01-26,ollama,qwen2.5-coder:7b-instruct,733,11,0.000000
2026-01-26T14:09:09.519532,2026-01-26,ollama,qwen2.5-coder:7b-instruct,826,15,0.000000
2026-01-26T14:09:11.507729,2026-01-26,ollama,qwen2.5-coder:7b-instruct,660,0,0.000000
2026-01-26T14:09:11.975590,2026-01-26,ollama,qwen2.5-coder:7b-instruct,169,0,0.000000
2026-01-26T14:09:12.656262,2026-01-26,ollama,qwen2.5-coder:7b-instruct,218,0,0.000000
2026-01-26T14:09:13.319528,2026-01-26,ollama,qwen2.5-coder:7b-instruct,254,0,0.000000
2026-01-26T14:09:15.286227,2026-01-26,ollama,qwen2.5-coder:7b-instruct,260,53,0.000000
2026-01-26T14:09:16.006274,2026-01-26,ollama,qwen2.5-coder:7b-instruct,266,0,0.000000
2026-01-26T14:09:16.688027,2026-01-26,ollama,qwen2.5-coder:7b-instruct,260,0,0.000000
2026-01-26T14:09:17.476045,2026-01-26,ollama,qwen2.5-coder:7b-instruct,289,0,0.000000
2026-01-26T14:09:18.216766,2026-01-26,ollama,qwen2.5-coder:7b-instruct,282,0,0.000000
2026-01-26T14:09:19.157114,2026-01-26,ollama,qwen2.5-coder:7b-instruct,358,0,0.000000
2026-01-26T14:09:20.030558,2026-01-26,ollama,qwen2.5-coder:7b-instruct,319,0,0.000000
2026-01-26T14:09:20.886740,2026-01-26,ollama,qwen2.5-coder:7b-instruct,346,0,0.000000
2026-01-26T14:22:08.471558,2026-01-26,ollama,ministral-3:8b,444,1,0.000000
2026-01-26T14:22:10.211003,2026-01-26,ollama,ministral-3:8b,469,18,0.000000
2026-01-26T14:22:17.692539,2026-01-26,ollama,ministral-3:8b,537,183,0.000000
2026-01-26T14:22:36.437938,2026-01-26,ollama,ministral-3:8b,460,664,0.000000
2026-01-26T14:22:47.553115,2026-01-26,ollama,ministral-3:8b,503,264,0.000000
2026-01-26T14:22:51.196371,2026-01-26,ollama,ministral-3:8b,552,113,0.000000
2026-01-26T14:22:54.868177,2026-01-26,ollama,ministral-3:8b,567,107,0.000000
2026-01-26T14:23:05.506709,2026-01-26,ollama,ministral-3:8b,577,344,0.000000
2026-01-26T14:23:07.177866,2026-01-26,ollama,ministral-3:8b,552,1,0.000000
2026-01-26T14:23:13.330768,2026-01-26,ollama,ministral-3:8b,571,170,0.000000
2026-01-26T14:23:15.074586,2026-01-26,ollama,ministral-3:8b,563,1,0.000000
2026-01-26T14:23:20.535962,2026-01-26,ollama,ministral-3:8b,610,170,0.000000
2026-01-26T14:23:23.428384,2026-01-26,ollama,ministral-3:8b,581,53,0.000000
2026-01-26T14:23:40.948894,2026-01-26,ollama,ministral-3:8b,627,607,0.000000
2026-01-26T14:23:42.772061,2026-01-26,ollama,ministral-3:8b,628,1,0.000000
2026-01-26T14:23:44.513941,2026-01-26,ollama,ministral-3:8b,620,1,0.000000
2026-01-26T14:23:46.411928,2026-01-26,ollama,ministral-3:8b,623,1,0.000000
2026-01-26T14:23:49.488537,2026-01-26,ollama,ministral-3:8b,618,59,0.000000
2026-01-26T14:23:58.850465,2026-01-26,ollama,ministral-3:8b,609,281,0.000000
2026-01-26T14:24:00.759269,2026-01-26,ollama,ministral-3:8b,603,1,0.000000
2026-01-26T14:24:05.469281,2026-01-26,ollama,ministral-3:8b,567,131,0.000000
2026-01-26T14:24:08.776695,2026-01-26,ollama,ministral-3:8b,607,91,0.000000
2026-01-26T14:24:14.341225,2026-01-26,ollama,ministral-3:8b,634,159,0.000000
2026-01-26T14:24:23.741736,2026-01-26,ollama,ministral-3:8b,625,298,0.000000
2026-01-26T14:24:30.245000,2026-01-26,ollama,ministral-3:8b,628,182,0.000000
2026-01-26T14:24:32.068949,2026-01-26,ollama,ministral-3:8b,612,1,0.000000
2026-01-26T14:24:33.586785,2026-01-26,ollama,ministral-3:8b,530,1,0.000000
2026-01-26T14:24:39.354392,2026-01-26,ollama,ministral-3:8b,518,198,0.000000
2026-01-26T14:24:40.874914,2026-01-26,ollama,ministral-3:8b,494,1,0.000000
2026-01-26T14:24:42.395195,2026-01-26,ollama,ministral-3:8b,525,1,0.000000
2026-01-26T14:24:43.916414,2026-01-26,ollama,ministral-3:8b,530,1,0.000000
2026-01-26T14:24:45.367148,2026-01-26,ollama,ministral-3:8b,513,1,0.000000
2026-01-26T14:24:57.817553,2026-01-26,ollama,ministral-3:8b,491,434,0.000000
2026-01-26T14:24:59.269044,2026-01-26,ollama,ministral-3:8b,516,1,0.000000
2026-01-26T14:25:00.866688,2026-01-26,ollama,ministral-3:8b,530,1,0.000000
2026-01-26T14:25:02.461323,2026-01-26,ollama,ministral-3:8b,497,1,0.000000
2026-01-26T14:25:04.130711,2026-01-26,ollama,ministral-3:8b,578,1,0.000000
2026-01-26T14:25:08.430814,2026-01-26,ollama,ministral-3:8b,587,114,0.000000
2026-01-26T14:25:10.104767,2026-01-26,ollama,ministral-3:8b,549,1,0.000000
2026-01-26T14:25:16.248786,2026-01-26,ollama,ministral-3:8b,548,194,0.000000
2026-01-26T14:25:17.922276,2026-01-26,ollama,ministral-3:8b,543,1,0.000000
2026-01-26T14:25:19.592958,2026-01-26,ollama,ministral-3:8b,575,1,0.000000
2026-01-26T14:25:24.987746,2026-01-26,ollama,ministral-3:8b,614,149,0.000000
2026-01-26T14:25:26.758199,2026-01-26,ollama,ministral-3:8b,568,1,0.000000
2026-01-26T14:25:33.093715,2026-01-26,ollama,ministral-3:8b,632,196,0.000000
2026-01-26T14:25:41.884252,2026-01-26,ollama,ministral-3:8b,682,295,0.000000
2026-01-26T14:25:43.709142,2026-01-26,ollama,ministral-3:8b,605,1,0.000000
2026-01-26T14:25:45.538499,2026-01-26,ollama,ministral-3:8b,654,1,0.000000
2026-01-26T14:25:47.280840,2026-01-26,ollama,ministral-3:8b,646,1,0.000000
2026-01-26T14:25:49.261475,2026-01-26,ollama,ministral-3:8b,701,1,0.000000
2026-01-26T14:25:51.319199,2026-01-26,ollama,ministral-3:8b,697,1,0.000000
2026-01-26T14:25:56.272989,2026-01-26,ollama,ministral-3:8b,694,132,0.000000
2026-01-26T14:25:57.947954,2026-01-26,ollama,ministral-3:8b,549,1,0.000000
2026-01-26T14:25:59.543249,2026-01-26,ollama,ministral-3:8b,548,1,0.000000
2026-01-26T14:26:02.959867,2026-01-26,ollama,ministral-3:8b,561,76,0.000000
2026-01-26T14:26:11.187701,2026-01-26,ollama,ministral-3:8b,558,282,0.000000
2026-01-26T14:26:12.865599,2026-01-26,ollama,ministral-3:8b,590,1,0.000000
2026-01-26T14:26:18.737950,2026-01-26,ollama,ministral-3:8b,585,156,0.000000
2026-01-26T14:26:20.488936,2026-01-26,ollama,ministral-3:8b,600,1,0.000000
2026-01-26T14:26:22.163427,2026-01-26,ollama,ministral-3:8b,577,1,0.000000
2026-01-26T14:26:24.150179,2026-01-26,ollama,ministral-3:8b,667,1,0.000000
2026-01-26T14:26:29.447712,2026-01-26,ollama,ministral-3:8b,619,162,0.000000
2026-01-26T14:26:36.176542,2026-01-26,ollama,ministral-3:8b,658,184,0.000000
2026-01-26T14:26:45.830281,2026-01-26,ollama,ministral-3:8b,683,293,0.000000
2026-01-26T14:26:48.364292,2026-01-26,ollama,ministral-3:8b,741,12,0.000000
2026-01-26T14:26:50.439676,2026-01-26,ollama,ministral-3:8b,703,1,0.000000
2026-01-26T14:26:52.771079,2026-01-26,ollama,ministral-3:8b,689,8,0.000000
2026-01-26T14:26:59.433797,2026-01-26,ollama,ministral-3:8b,733,195,0.000000
2026-01-26T14:27:01.872959,2026-01-26,ollama,ministral-3:8b,826,1,0.000000
2026-01-26T14:27:08.968330,2026-01-26,ollama,ministral-3:8b,660,207,0.000000
2026-01-26T14:27:09.538250,2026-01-26,ollama,ministral-3:8b,169,0,0.000000
2026-01-26T14:27:10.241324,2026-01-26,ollama,ministral-3:8b,218,0,0.000000
2026-01-26T14:27:10.990625,2026-01-26,ollama,ministral-3:8b,254,1,0.000000
2026-01-26T14:27:11.807799,2026-01-26,ollama,ministral-3:8b,260,1,0.000000
2026-01-26T14:27:12.586129,2026-01-26,ollama,ministral-3:8b,266,0,0.000000
2026-01-26T14:27:13.286825,2026-01-26,ollama,ministral-3:8b,260,0,0.000000
2026-01-26T14:27:14.066377,2026-01-26,ollama,ministral-3:8b,289,0,0.000000
2026-01-26T14:27:14.848582,2026-01-26,ollama,ministral-3:8b,282,0,0.000000
2026-01-26T14:27:15.828903,2026-01-26,ollama,ministral-3:8b,358,1,0.000000
2026-01-26T14:27:16.681895,2026-01-26,ollama,ministral-3:8b,319,0,0.000000
2026-01-26T14:27:17.673233,2026-01-26,ollama,ministral-3:8b,346,0,0.000000
2026-01-26T14:27:18.974719,2026-01-26,ollama,ministral-3:8b,444,1,0.000000
2026-01-26T14:27:20.721231,2026-01-26,ollama,ministral-3:8b,469,18,0.000000
2026-01-26T14:27:22.472791,2026-01-26,ollama,ministral-3:8b,537,1,0.000000
2026-01-26T14:27:29.727892,2026-01-26,ollama,ministral-3:8b,460,217,0.000000
2026-01-26T14:27:33.236232,2026-01-26,ollama,ministral-3:8b,503,104,0.000000
2026-01-26T14:27:37.819909,2026-01-26,ollama,ministral-3:8b,552,148,0.000000
2026-01-26T14:27:41.615680,2026-01-26,ollama,ministral-3:8b,567,107,0.000000
2026-01-26T14:27:52.380444,2026-01-26,ollama,ministral-3:8b,577,344,0.000000
2026-01-26T14:27:54.063666,2026-01-26,ollama,ministral-3:8b,552,1,0.000000
2026-01-26T14:28:00.602697,2026-01-26,ollama,ministral-3:8b,571,183,0.000000
2026-01-26T14:28:02.379596,2026-01-26,ollama,ministral-3:8b,563,1,0.000000
2026-01-26T14:28:04.145606,2026-01-26,ollama,ministral-3:8b,610,1,0.000000
2026-01-26T14:28:05.844051,2026-01-26,ollama,ministral-3:8b,581,1,0.000000
2026-01-26T14:28:11.636128,2026-01-26,ollama,ministral-3:8b,627,180,0.000000
2026-01-26T14:28:13.492699,2026-01-26,ollama,ministral-3:8b,628,1,0.000000
2026-01-26T14:28:15.271421,2026-01-26,ollama,ministral-3:8b,620,1,0.000000
2026-01-26T14:28:17.197625,2026-01-26,ollama,ministral-3:8b,623,1,0.000000
2026-01-26T14:28:24.100941,2026-01-26,ollama,ministral-3:8b,618,203,0.000000
2026-01-26T14:28:29.386591,2026-01-26,ollama,ministral-3:8b,609,139,0.000000
2026-01-26T14:28:33.454143,2026-01-26,ollama,ministral-3:8b,603,97,0.000000
2026-01-26T14:28:35.121535,2026-01-26,ollama,ministral-3:8b,567,1,0.000000
2026-01-26T14:28:36.792822,2026-01-26,ollama,ministral-3:8b,607,1,0.000000
2026-01-26T14:28:41.604780,2026-01-26,ollama,ministral-3:8b,634,130,0.000000
2026-01-26T14:28:51.171554,2026-01-26,ollama,ministral-3:8b,625,298,0.000000
2026-01-26T14:28:56.612228,2026-01-26,ollama,ministral-3:8b,628,131,0.000000
2026-01-26T14:29:01.689587,2026-01-26,ollama,ministral-3:8b,612,132,0.000000
2026-01-26T14:29:03.216771,2026-01-26,ollama,ministral-3:8b,530,1,0.000000
2026-01-26T14:29:13.234531,2026-01-26,ollama,ministral-3:8b,518,361,0.000000
2026-01-26T14:29:14.762910,2026-01-26,ollama,ministral-3:8b,494,1,0.000000
2026-01-26T14:29:16.290955,2026-01-26,ollama,ministral-3:8b,525,1,0.000000
2026-01-26T14:29:17.822998,2026-01-26,ollama,ministral-3:8b,530,1,0.000000
2026-01-26T14:29:19.279497,2026-01-26,ollama,ministral-3:8b,513,1,0.000000
2026-01-26T14:29:20.808911,2026-01-26,ollama,ministral-3:8b,491,1,0.000000
2026-01-26T14:29:22.263217,2026-01-26,ollama,ministral-3:8b,516,1,0.000000
2026-01-26T14:29:23.864292,2026-01-26,ollama,ministral-3:8b,530,1,0.000000
2026-01-26T14:29:25.480408,2026-01-26,ollama,ministral-3:8b,497,1,0.000000
2026-01-26T14:29:27.156556,2026-01-26,ollama,ministral-3:8b,578,1,0.000000
2026-01-26T14:29:33.276964,2026-01-26,ollama,ministral-3:8b,587,183,0.000000
2026-01-26T14:29:34.956339,2026-01-26,ollama,ministral-3:8b,549,1,0.000000
2026-01-26T14:29:38.174071,2026-01-26,ollama,ministral-3:8b,548,68,0.000000
2026-01-26T14:29:39.850401,2026-01-26,ollama,ministral-3:8b,543,1,0.000000
2026-01-26T14:29:41.524691,2026-01-26,ollama,ministral-3:8b,575,1,0.000000
2026-01-26T14:29:46.393310,2026-01-26,ollama,ministral-3:8b,614,132,0.000000
2026-01-26T14:29:48.688084,2026-01-26,ollama,ministral-3:8b,568,21,0.000000
2026-01-26T14:29:50.521105,2026-01-26,ollama,ministral-3:8b,632,1,0.000000
2026-01-26T14:29:52.505991,2026-01-26,ollama,ministral-3:8b,682,1,0.000000
2026-01-26T14:29:54.336350,2026-01-26,ollama,ministral-3:8b,605,1,0.000000
2026-01-26T14:29:56.174998,2026-01-26,ollama,ministral-3:8b,654,1,0.000000
2026-01-26T14:29:57.922650,2026-01-26,ollama,ministral-3:8b,646,1,0.000000
2026-01-26T14:29:59.904847,2026-01-26,ollama,ministral-3:8b,701,1,0.000000
2026-01-26T14:30:01.969243,2026-01-26,ollama,ministral-3:8b,697,1,0.000000
2026-01-26T14:30:05.397337,2026-01-26,ollama,ministral-3:8b,694,72,0.000000
2026-01-26T14:30:07.077459,2026-01-26,ollama,ministral-3:8b,549,1,0.000000
2026-01-26T14:30:08.681054,2026-01-26,ollama,ministral-3:8b,548,1,0.000000
2026-01-26T14:30:10.285720,2026-01-26,ollama,ministral-3:8b,561,1,0.000000
2026-01-26T14:30:11.965528,2026-01-26,ollama,ministral-3:8b,558,1,0.000000
2026-01-26T14:30:13.638965,2026-01-26,ollama,ministral-3:8b,590,1,0.000000
2026-01-26T14:30:15.472178,2026-01-26,ollama,ministral-3:8b,585,1,0.000000
2026-01-26T14:30:17.223977,2026-01-26,ollama,ministral-3:8b,600,1,0.000000
2026-01-26T14:30:18.903003,2026-01-26,ollama,ministral-3:8b,577,1,0.000000
2026-01-26T14:30:23.360936,2026-01-26,ollama,ministral-3:8b,667,113,0.000000
2026-01-26T14:30:31.522302,2026-01-26,ollama,ministral-3:8b,619,227,0.000000
2026-01-26T14:30:38.455666,2026-01-26,ollama,ministral-3:8b,658,184,0.000000
2026-01-26T14:30:51.769804,2026-01-26,ollama,ministral-3:8b,683,433,0.000000
2026-01-26T14:30:56.607528,2026-01-26,ollama,ministral-3:8b,741,106,0.000000
2026-01-26T14:30:58.673100,2026-01-26,ollama,ministral-3:8b,703,1,0.000000
2026-01-26T14:31:06.318023,2026-01-26,ollama,ministral-3:8b,689,228,0.000000
2026-01-26T14:31:12.210165,2026-01-26,ollama,ministral-3:8b,733,154,0.000000
2026-01-26T14:31:15.061766,2026-01-26,ollama,ministral-3:8b,826,16,0.000000
2026-01-26T14:31:23.501103,2026-01-26,ollama,ministral-3:8b,660,257,0.000000
2026-01-26T14:31:24.055140,2026-01-26,ollama,ministral-3:8b,169,0,0.000000
2026-01-26T14:31:24.806032,2026-01-26,ollama,ministral-3:8b,218,1,0.000000
2026-01-26T14:31:25.569953,2026-01-26,ollama,ministral-3:8b,254,1,0.000000
2026-01-26T14:31:26.348342,2026-01-26,ollama,ministral-3:8b,260,0,0.000000
2026-01-26T14:31:27.124986,2026-01-26,ollama,ministral-3:8b,266,0,0.000000
2026-01-26T14:31:27.830965,2026-01-26,ollama,ministral-3:8b,260,0,0.000000
2026-01-26T14:31:28.604224,2026-01-26,ollama,ministral-3:8b,289,0,0.000000
2026-01-26T14:31:29.380389,2026-01-26,ollama,ministral-3:8b,282,0,0.000000
2026-01-26T14:31:30.307976,2026-01-26,ollama,ministral-3:8b,358,0,0.000000
2026-01-26T14:31:31.235077,2026-01-26,ollama,ministral-3:8b,319,0,0.000000
2026-01-26T14:31:32.215011,2026-01-26,ollama,ministral-3:8b,346,1,0.000000
2026-01-26T14:31:33.499036,2026-01-26,ollama,ministral-3:8b,444,1,0.000000
2026-01-26T14:31:35.227533,2026-01-26,ollama,ministral-3:8b,469,18,0.000000
2026-01-26T14:31:43.320003,2026-01-26,ollama,ministral-3:8b,537,261,0.000000
2026-01-26T14:31:49.754549,2026-01-26,ollama,ministral-3:8b,460,215,0.000000
2026-01-26T14:31:52.163886,2026-01-26,ollama,ministral-3:8b,503,47,0.000000
2026-01-26T14:31:55.943479,2026-01-26,ollama,ministral-3:8b,552,111,0.000000
2026-01-26T14:32:00.879133,2026-01-26,ollama,ministral-3:8b,567,156,0.000000
2026-01-26T14:32:11.527778,2026-01-26,ollama,ministral-3:8b,577,344,0.000000
2026-01-26T14:32:13.204878,2026-01-26,ollama,ministral-3:8b,552,1,0.000000
2026-01-26T14:32:20.183821,2026-01-26,ollama,ministral-3:8b,571,209,0.000000
2026-01-26T14:32:21.932910,2026-01-26,ollama,ministral-3:8b,563,1,0.000000
2026-01-26T14:32:27.087824,2026-01-26,ollama,ministral-3:8b,610,150,0.000000
2026-01-26T14:32:28.769989,2026-01-26,ollama,ministral-3:8b,581,1,0.000000
2026-01-26T14:32:34.454395,2026-01-26,ollama,ministral-3:8b,627,180,0.000000
2026-01-26T14:32:36.286582,2026-01-26,ollama,ministral-3:8b,628,1,0.000000
2026-01-26T14:32:38.037112,2026-01-26,ollama,ministral-3:8b,620,1,0.000000
2026-01-26T14:32:39.942855,2026-01-26,ollama,ministral-3:8b,623,1,0.000000
2026-01-26T14:32:46.702901,2026-01-26,ollama,ministral-3:8b,618,203,0.000000
2026-01-26T14:32:54.567426,2026-01-26,ollama,ministral-3:8b,609,223,0.000000
2026-01-26T14:32:58.641859,2026-01-26,ollama,ministral-3:8b,603,97,0.000000
2026-01-26T14:33:03.356040,2026-01-26,ollama,ministral-3:8b,567,131,0.000000
2026-01-26T14:33:05.038749,2026-01-26,ollama,ministral-3:8b,607,1,0.000000
2026-01-26T14:33:10.602405,2026-01-26,ollama,ministral-3:8b,634,161,0.000000
2026-01-26T14:33:15.769535,2026-01-26,ollama,ministral-3:8b,625,149,0.000000
2026-01-26T14:33:21.091243,2026-01-26,ollama,ministral-3:8b,628,131,0.000000
2026-01-26T14:33:22.921973,2026-01-26,ollama,ministral-3:8b,612,1,0.000000
2026-01-26T14:33:24.447113,2026-01-26,ollama,ministral-3:8b,530,1,0.000000
2026-01-26T14:33:26.294306,2026-01-26,ollama,ministral-3:8b,518,23,0.000000
2026-01-26T14:33:27.818259,2026-01-26,ollama,ministral-3:8b,494,1,0.000000
2026-01-26T14:33:29.342491,2026-01-26,ollama,ministral-3:8b,525,1,0.000000
2026-01-26T14:33:30.872621,2026-01-26,ollama,ministral-3:8b,530,1,0.000000
2026-01-26T14:33:32.321988,2026-01-26,ollama,ministral-3:8b,513,1,0.000000
2026-01-26T14:33:37.663615,2026-01-26,ollama,ministral-3:8b,491,159,0.000000
2026-01-26T14:33:39.115053,2026-01-26,ollama,ministral-3:8b,516,1,0.000000
2026-01-26T14:33:40.714865,2026-01-26,ollama,ministral-3:8b,530,1,0.000000
2026-01-26T14:33:43.151762,2026-01-26,ollama,ministral-3:8b,497,34,0.000000
2026-01-26T14:33:44.901332,2026-01-26,ollama,ministral-3:8b,578,1,0.000000
2026-01-26T14:33:56.660534,2026-01-26,ollama,ministral-3:8b,587,397,0.000000
2026-01-26T14:33:58.349425,2026-01-26,ollama,ministral-3:8b,549,1,0.000000
2026-01-26T14:34:04.546785,2026-01-26,ollama,ministral-3:8b,548,194,0.000000
2026-01-26T14:34:06.237967,2026-01-26,ollama,ministral-3:8b,543,1,0.000000
2026-01-26T14:34:07.929852,2026-01-26,ollama,ministral-3:8b,575,1,0.000000
2026-01-26T14:34:12.619196,2026-01-26,ollama,ministral-3:8b,614,115,0.000000
2026-01-26T14:34:20.487852,2026-01-26,ollama,ministral-3:8b,568,253,0.000000
2026-01-26T14:34:22.338964,2026-01-26,ollama,ministral-3:8b,632,1,0.000000
2026-01-26T14:34:24.332042,2026-01-26,ollama,ministral-3:8b,682,1,0.000000
2026-01-26T14:34:26.176252,2026-01-26,ollama,ministral-3:8b,605,1,0.000000
2026-01-26T14:34:28.024074,2026-01-26,ollama,ministral-3:8b,654,1,0.000000
2026-01-26T14:34:29.783287,2026-01-26,ollama,ministral-3:8b,646,1,0.000000
2026-01-26T14:34:31.780180,2026-01-26,ollama,ministral-3:8b,701,1,0.000000
2026-01-26T14:34:33.853890,2026-01-26,ollama,ministral-3:8b,697,1,0.000000
2026-01-26T14:34:39.691012,2026-01-26,ollama,ministral-3:8b,694,171,0.000000
2026-01-26T14:34:41.389388,2026-01-26,ollama,ministral-3:8b,549,1,0.000000
2026-01-26T14:34:43.001007,2026-01-26,ollama,ministral-3:8b,548,1,0.000000
2026-01-26T14:34:44.619974,2026-01-26,ollama,ministral-3:8b,561,1,0.000000
2026-01-26T14:34:46.319655,2026-01-26,ollama,ministral-3:8b,558,1,0.000000
2026-01-26T14:34:51.146504,2026-01-26,ollama,ministral-3:8b,590,134,0.000000
2026-01-26T14:34:56.938623,2026-01-26,ollama,ministral-3:8b,585,167,0.000000
2026-01-26T14:35:00.734118,2026-01-26,ollama,ministral-3:8b,600,86,0.000000
2026-01-26T14:35:02.428593,2026-01-26,ollama,ministral-3:8b,577,1,0.000000
2026-01-26T14:35:05.158180,2026-01-26,ollama,ministral-3:8b,667,31,0.000000
2026-01-26T14:35:10.431372,2026-01-26,ollama,ministral-3:8b,619,162,0.000000
2026-01-26T14:35:17.035260,2026-01-26,ollama,ministral-3:8b,658,173,0.000000
2026-01-26T14:35:27.200988,2026-01-26,ollama,ministral-3:8b,683,313,0.000000
2026-01-26T14:35:29.874362,2026-01-26,ollama,ministral-3:8b,741,19,0.000000
2026-01-26T14:35:37.822307,2026-01-26,ollama,ministral-3:8b,703,218,0.000000
2026-01-26T14:35:44.134454,2026-01-26,ollama,ministral-3:8b,689,176,0.000000
2026-01-26T14:35:49.013607,2026-01-26,ollama,ministral-3:8b,733,119,0.000000
2026-01-26T14:35:51.866612,2026-01-26,ollama,ministral-3:8b,826,16,0.000000
2026-01-26T14:35:58.652065,2026-01-26,ollama,ministral-3:8b,660,195,0.000000
2026-01-26T14:35:59.209455,2026-01-26,ollama,ministral-3:8b,169,0,0.000000
2026-01-26T14:35:59.910533,2026-01-26,ollama,ministral-3:8b,218,0,0.000000
2026-01-26T14:36:00.662011,2026-01-26,ollama,ministral-3:8b,254,1,0.000000
2026-01-26T14:36:01.436497,2026-01-26,ollama,ministral-3:8b,260,0,0.000000
2026-01-26T14:36:02.262153,2026-01-26,ollama,ministral-3:8b,266,1,0.000000
2026-01-26T14:36:02.964137,2026-01-26,ollama,ministral-3:8b,260,0,0.000000
2026-01-26T14:36:03.740850,2026-01-26,ollama,ministral-3:8b,289,0,0.000000
2026-01-26T14:36:04.516073,2026-01-26,ollama,ministral-3:8b,282,0,0.000000
2026-01-26T14:36:05.451033,2026-01-26,ollama,ministral-3:8b,358,0,0.000000
2026-01-26T14:36:06.378880,2026-01-26,ollama,ministral-3:8b,319,0,0.000000
2026-01-26T14:36:07.309666,2026-01-26,ollama,ministral-3:8b,346,0,0.000000
2026-01-26T14:56:36.241708,2026-01-26,mistral,mistral-large-latest,0,9,0.000054
2026-01-26T14:56:36.703977,2026-01-26,mistral,mistral-medium-latest,0,9,0.000073
2026-01-26T14:57:08.704508,2026-01-26,mistral,mistral-large-latest,0,9,0.000054
2026-01-26T14:57:09.132476,2026-01-26,mistral,mistral-medium-latest,0,9,0.000073
2026-01-26T15:04:07.059407,2026-01-26,mistral,mistral-large-latest,0,9,0.000054
2026-01-26T15:04:07.615711,2026-01-26,mistral,mistral-medium-latest,0,9,0.000073
2026-01-26T15:05:52.172000,2026-01-26,mistral,mistral-large-latest,0,9,0.000054
2026-01-26T15:05:52.579900,2026-01-26,mistral,mistral-medium-latest,0,9,0.000073
