asset_id,asset_name,details,error_detection,execution_time,expertise,formatting,golden_similarity,max_score,model,percentage,reference_model,reference_percentage,reference_score,response_length,score_difference,solution_quality,status,tier,timestamp,total_score,consistency,Cultural Fit,Language Proficiency
code_quality_001,WCAG 2.2 Audit (Tiered Difficulty),"{'asset_id': 'code_quality_001', 'tier': 'Tier 1 (Undefined)'}",60.0/60,216.6,0/0,0.0/10,1.8,100.0,deepseek-r1:8b,80.0,mistral-large-latest,74.0,74.0,26568,6.0,20.0/30,success,Tier 1 (Undefined),2026-01-17 18:46:30,80.0,,,
code_quality_002,Security Audit (Tiered Difficulty),"{'asset_id': 'code_quality_002', 'tier': 'Tier 1 (Undefined)'}",48.0/60,106.3,0/0,0.0/10,6.0,100.0,deepseek-r1:8b,68.0,mistral-large-latest,96.0,96.0,3450,-28.0,20.0/30,success,Tier 1 (Undefined),2026-01-17 18:48:16,68.0,,,
code_quality_003,Web Performance Audit (Tiered Difficulty),"{'asset_id': 'code_quality_003', 'tier': 'Tier 1 (Undefined)'}",30.0/60,88.4,0/0,0.0/10,6.2,100.0,deepseek-r1:8b,50.0,mistral-large-latest,70.0,70.0,4653,-20.0,20.0/30,success,Tier 1 (Undefined),2026-01-17 18:49:45,50.0,,,
code_quality_004,REST API Design Audit (Tiered Difficulty),"{'asset_id': 'code_quality_004', 'tier': 'Tier 1 (Undefined)'}",30.0/60,103.5,0/0,0.0/10,3.4,100.0,deepseek-r1:8b,50.0,mistral-large-latest,75.0,75.0,4882,-25.0,20.0/30,success,Tier 1 (Undefined),2026-01-17 18:51:28,50.0,,,
code_quality_005,Code Smells Audit (Tiered Difficulty),"{'asset_id': 'code_quality_005', 'tier': 'Tier 1 (Undefined)'}",35.0/60,77.7,0/0,0.0/10,3.9,100.0,deepseek-r1:8b,65.0,mistral-large-latest,85.0,85.0,5534,-20.0,30.0/30,success,Tier 1 (Undefined),2026-01-17 18:52:46,65.0,,,
ux_writing_001,Error Messages - User-Friendly Rewriting,"{'asset_id': 'ux_writing_001', 'tier': 'Tier 1 (Undefined)'}",30.0/60,36.0,0/0,10.0/10,32.0,100.0,deepseek-r1:8b,50.0,mistral-large-latest,83.0,83.0,3881,-33.0,10.0/30,success,Tier 1 (Undefined),2026-01-17 18:53:22,50.0,,,
ux_writing_002,Button Labels - Context-Aware CTAs,"{'asset_id': 'ux_writing_002', 'tier': 'Tier 1 (Undefined)'}",28.0/60,13.0,0/0,10.0/10,10.8,100.0,deepseek-r1:8b,58.0,mistral-large-latest,75.0,75.0,1432,-17.0,20.0/30,success,Tier 1 (Undefined),2026-01-17 18:53:35,58.0,,,
ux_writing_003,Onboarding Flow - 3-Step Tutorial,"{'asset_id': 'ux_writing_003', 'tier': 'Tier 1 (Undefined)'}",53.0/60,52.9,0/0,10.0/10,32.2,100.0,deepseek-r1:8b,83.0,mistral-large-latest,90.0,90.0,2715,-7.0,20.0/30,success,Tier 1 (Undefined),2026-01-17 18:54:28,83.0,,,
ux_writing_004,Accessibility Labels - ARIA for Screen Readers,"{'asset_id': 'ux_writing_004', 'tier': 'Tier 1 (Undefined)'}",60.0/60,76.4,0/0,10.0/10,5.3,100.0,deepseek-r1:8b,90.0,mistral-large-latest,75.0,75.0,4686,15.0,20.0/30,success,Tier 1 (Undefined),2026-01-17 18:55:44,90.0,,,
ux_writing_005,Microcopy Audit - Health App Context,"{'asset_id': 'ux_writing_005', 'tier': 'Tier 1 (Undefined)'}",50.0/60,48.7,0/0,10.0/10,2.4,100.0,deepseek-r1:8b,80.0,mistral-large-latest,90.0,90.0,5163,-10.0,20.0/30,success,Tier 1 (Undefined),2026-01-17 18:56:33,80.0,,,
documentation_quality_001,README Quality Assessment (Tiered),"{'asset_id': 'documentation_quality_001', 'tier': 'Tier 1 (Undefined)'}",18.25/100,26.8,,,1.2,130.0,deepseek-r1:8b,21.7,mistral-large-latest,54.8,71.25,7773,-43.0,10/30,success,Tier 1 (Undefined),2026-01-17 18:57:00,28.25,,,
documentation_quality_002,REST API Endpoint Documentation,"{'asset_id': 'documentation_quality_002', 'tier': 'Tier 1 (Undefined)'}",50.5/100,107.9,,,7.3,130.0,deepseek-r1:8b,58.1,mistral-large-latest,75.8,98.5,3201,-23.0,25/30,success,Tier 1 (Undefined),2026-01-17 18:58:48,75.5,,,
documentation_quality_003,Component Library Props Documentation,"{'asset_id': 'documentation_quality_003', 'tier': 'Tier 1 (Undefined)'}",37.0/100,73.4,,,1.9,130.0,deepseek-r1:8b,43.8,mistral-large-latest,58.1,75.5,5134,-18.5,20/30,success,Tier 1 (Undefined),2026-01-17 19:00:01,57.0,,,
documentation_quality_004,Setup Guide - Local Dev Environment (Docker + Vite),"{'asset_id': 'documentation_quality_004', 'tier': 'Tier 1 (Undefined)'}",33.25/100,117.8,,,6.5,130.0,deepseek-r1:8b,33.3,mistral-large-latest,76.7,99.75,5220,-56.5,10/30,success,Tier 1 (Undefined),2026-01-17 19:01:59,43.25,,,
documentation_quality_005,Changelog - Git Commits to User-Facing Release Notes,"{'asset_id': 'documentation_quality_005', 'tier': 'Tier 1 (Undefined)'}",25.0/100,29.3,,,5.2,130.0,deepseek-r1:8b,34.6,mistral-large-latest,59.2,77.0,2631,-32.0,20/30,success,Tier 1 (Undefined),2026-01-17 19:02:28,45.0,,,
content_transformation_001,Landing Page Copy Transformation,"{'asset_id': 'content_transformation_001', 'tier': 'Tier 1 (Undefined)'}",20.2/40,62.4,,,5.3,100.0,deepseek-r1:8b,80.2,mistral-large-latest,80.2,80.2,5467,0.0,60.0/60,success,Tier 1 (Undefined),2026-01-17 19:03:31,80.2,,,
content_transformation_002,Twitter Thread Transformation,"{'asset_id': 'content_transformation_002', 'tier': 'Tier 1 (Undefined)'}",27.2/40,49.7,,,10.7,100.0,deepseek-r1:8b,87.2,mistral-large-latest,82.8,82.8,3590,4.4,60.0/60,success,Tier 1 (Undefined),2026-01-17 19:04:21,87.2,,,
content_transformation_003,Glossar-Eintrag Simplification,"{'asset_id': 'content_transformation_003', 'tier': 'Tier 1 (Undefined)'}",14.8/40,24.4,,,9.8,100.0,deepseek-r1:8b,74.8,mistral-large-latest,79.2,79.2,1646,-4.4,60.0/60,success,Tier 1 (Undefined),2026-01-17 19:04:45,74.8,,,
content_transformation_004,Video-Script Transformation,"{'asset_id': 'content_transformation_004', 'tier': 'Tier 1 (Undefined)'}",34.0/40,119.2,,,3.4,100.0,deepseek-r1:8b,94.0,mistral-large-latest,92.0,92.0,11666,2.0,60.0/60,success,Tier 1 (Undefined),2026-01-17 19:06:44,94.0,,,
content_transformation_005,Email-Newsletter Adaptation,"{'asset_id': 'content_transformation_005', 'tier': 'Tier 1 (Undefined)'}",8.4/40,29.5,,,5.6,100.0,deepseek-r1:8b,48.4,mistral-large-latest,82.2,82.2,1497,-33.8,40.0/60,success,Tier 1 (Undefined),2026-01-17 19:07:14,48.4,,,
content_transformation_006,Sarcasm Shield (Incident Report),"{'asset_id': 'content_transformation_006', 'tier': 'Tier 1 (Undefined)'}",45.0/70,16.1,,,3.7,100.0,deepseek-r1:8b,75.0,mistral-large-latest,82.5,82.5,1766,-7.5,30.0/30,success,Tier 1 (Undefined),2026-01-17 19:07:30,75.0,,,
reasoning_001_river,Reasoning 001: River Crossing Puzzle,"{'asset_id': 'reasoning_001_river', 'tier': 'Tier 1 (Operational Logic)'}",60.0/100.0,106.5,,,3.9,100.0,deepseek-r1:8b,78.0,mistral-large-latest,78.0,78.0,3585,0.0,18.0/100.0,success,Tier 1 (Operational Logic),2026-01-17 19:09:17,78.0,0.0/100.0,,
reasoning_5a_001,Reasoning 5A: Code Logic Debugging (Infinite Loop),"{'asset_id': 'reasoning_5a_001', 'tier': 'Tier 1 (Operational Logic)'}",40.0/100.0,66.6,,,17.4,100.0,deepseek-r1:8b,80.0,mistral-large-latest,41.7,41.666666666666664,2743,38.3,30.0/100.0,success,Tier 2 (Deep Reasoning),2026-01-17 19:10:23,80.0,10.0/100.0,,
reasoning_5b_001,Complex Reasoning Chains: Cross-Domain Root Cause,"{'asset_id': 'reasoning_5b_001', 'tier': 'Tier 1 (Operational Logic)'}",26.666666666666664/100.0,62.5,,,4.3,100.0,deepseek-r1:8b,66.7,mistral-large-latest,61.7,61.666666666666664,7328,5.0,30.0/100.0,success,Tier 2 (Deep Reasoning),2026-01-17 19:11:26,66.66666666666666,10.0/100.0,,
reasoning_5c_001,Reasoning 5C: The Scheduling Paradox (Impossible Constraint),"{'asset_id': 'reasoning_5c_001', 'tier': 'Tier 1 (Operational Logic)'}",15.0/100.0,212.1,,,0.2,100.0,deepseek-r1:8b,15.0,mistral-large-latest,15.0,15.0,34623,0.0,0.0/100.0,success,Tier 2 (Deep Reasoning),2026-01-17 19:14:58,15.0,0.0/100.0,,
reasoning_5d_001,Reasoning 5D: The Hidden Deadlock (Tier 2),"{'asset_id': 'reasoning_5d_001', 'tier': 'Tier 2 (Deep Reasoning)'}",40.0/100.0,61.6,,,6.1,100.0,deepseek-r1:8b,100.0,mistral-large-latest,100.0,100.0,406,0.0,50.0/100.0,success,Tier 2 (Deep Reasoning),2026-01-17 19:15:59,100.0,10.0/100.0,,
code_quality_001,WCAG 2.2 Audit (Tiered Difficulty),"{'asset_id': 'code_quality_001', 'tier': 'Tier 1 (Undefined)'}",19.0/60,19.7,0/0,0.0/10,4.2,100,deepseek-coder-v2:16b,29.0,mistral-large-latest,74.0,74.0,3147,-45.0,10.0/30,success,Tier 1 (Undefined),2026-01-17 20:35:20,29.0,,,
code_quality_002,Security Audit (Tiered Difficulty),"{'asset_id': 'code_quality_002', 'tier': 'Tier 1 (Undefined)'}",13.0/60,18.8,0/0,0.0/10,10.1,100,deepseek-coder-v2:16b,23.0,mistral-large-latest,96.0,96.0,4276,-73.0,10.0/30,success,Tier 1 (Undefined),2026-01-17 20:35:39,23.0,,,
code_quality_003,Web Performance Audit (Tiered Difficulty),"{'asset_id': 'code_quality_003', 'tier': 'Tier 1 (Undefined)'}",25.0/60,14.5,0/0,0.0/10,3.5,100,deepseek-coder-v2:16b,35.0,mistral-large-latest,70.0,70.0,3533,-35.0,10.0/30,success,Tier 1 (Undefined),2026-01-17 20:35:54,35.0,,,
code_quality_004,REST API Design Audit (Tiered Difficulty),"{'asset_id': 'code_quality_004', 'tier': 'Tier 1 (Undefined)'}",30.0/60,15.8,0/0,0.0/10,6.1,100,deepseek-coder-v2:16b,50.0,mistral-large-latest,75.0,75.0,3820,-25.0,20.0/30,success,Tier 1 (Undefined),2026-01-17 20:36:09,50.0,,,
code_quality_005,Code Smells Audit (Tiered Difficulty),"{'asset_id': 'code_quality_005', 'tier': 'Tier 1 (Undefined)'}",15.0/60,19.2,0/0,0.0/10,7.0,100,deepseek-coder-v2:16b,45.0,mistral-large-latest,85.0,85.0,4599,-40.0,30.0/30,success,Tier 1 (Undefined),2026-01-17 20:36:29,45.0,,,
code_quality_001,WCAG 2.2 Audit (Tiered Difficulty),"{'asset_id': 'code_quality_001', 'tier': 'Tier 1 (Undefined)'}",19.0/60,18.9,0/0,0.0/10,4.2,100,deepseek-coder-v2:16b,29.0,mistral-large-latest,74.0,74.0,3147,-45.0,10.0/30,success,Tier 1 (Undefined),2026-01-18 00:32:52,29.0,,,
code_quality_002,Security Audit (Tiered Difficulty),"{'asset_id': 'code_quality_002', 'tier': 'Tier 1 (Undefined)'}",13.0/60,18.7,0/0,0.0/10,10.1,100,deepseek-coder-v2:16b,23.0,mistral-large-latest,96.0,96.0,4276,-73.0,10.0/30,success,Tier 1 (Undefined),2026-01-18 00:33:10,23.0,,,
code_quality_003,Web Performance Audit (Tiered Difficulty),"{'asset_id': 'code_quality_003', 'tier': 'Tier 1 (Undefined)'}",25.0/60,14.4,0/0,0.0/10,3.5,100,deepseek-coder-v2:16b,35.0,mistral-large-latest,70.0,70.0,3533,-35.0,10.0/30,success,Tier 1 (Undefined),2026-01-18 00:33:25,35.0,,,
code_quality_004,REST API Design Audit (Tiered Difficulty),"{'asset_id': 'code_quality_004', 'tier': 'Tier 1 (Undefined)'}",30.0/60,15.7,0/0,0.0/10,6.1,100,deepseek-coder-v2:16b,50.0,mistral-large-latest,75.0,75.0,3820,-25.0,20.0/30,success,Tier 1 (Undefined),2026-01-18 00:33:41,50.0,,,
code_quality_005,Code Smells Audit (Tiered Difficulty),"{'asset_id': 'code_quality_005', 'tier': 'Tier 1 (Undefined)'}",15.0/60,19.1,0/0,0.0/10,7.0,100,deepseek-coder-v2:16b,45.0,mistral-large-latest,85.0,85.0,4599,-40.0,30.0/30,success,Tier 1 (Undefined),2026-01-18 00:34:00,45.0,,,
ux_writing_001,Error Messages - User-Friendly Rewriting,"{'asset_id': 'ux_writing_001', 'tier': 'Tier 1 (Undefined)'}",30.0/60,18.3,0/0,10.0/10,27.7,100,deepseek-coder-v2:16b,60.0,mistral-large-latest,83.0,83.0,4636,-23.0,20.0/30,success,Tier 1 (Undefined),2026-01-18 00:34:19,60.0,,,
ux_writing_002,Button Labels - Context-Aware CTAs,"{'asset_id': 'ux_writing_002', 'tier': 'Tier 1 (Undefined)'}",38.0/60,14.4,0/0,10.0/10,27.3,100,deepseek-coder-v2:16b,68.0,mistral-large-latest,75.0,75.0,2890,-7.0,20.0/30,success,Tier 1 (Undefined),2026-01-18 00:34:33,68.0,,,
ux_writing_003,Onboarding Flow - 3-Step Tutorial,"{'asset_id': 'ux_writing_003', 'tier': 'Tier 1 (Undefined)'}",53.0/60,14.1,0/0,10.0/10,26.5,100,deepseek-coder-v2:16b,83.0,mistral-large-latest,90.0,90.0,3176,-7.0,20.0/30,success,Tier 1 (Undefined),2026-01-18 00:34:47,83.0,,,
ux_writing_004,Accessibility Labels - ARIA for Screen Readers,"{'asset_id': 'ux_writing_004', 'tier': 'Tier 1 (Undefined)'}",45.0/60,9.5,0/0,10.0/10,14.0,100,deepseek-coder-v2:16b,75.0,mistral-large-latest,75.0,75.0,1852,0.0,20.0/30,success,Tier 1 (Undefined),2026-01-18 00:34:57,75.0,,,
ux_writing_005,Microcopy Audit - Health App Context,"{'asset_id': 'ux_writing_005', 'tier': 'Tier 1 (Undefined)'}",43.0/60,14.4,0/0,10.0/10,33.8,100,deepseek-coder-v2:16b,73.0,mistral-large-latest,90.0,90.0,5357,-17.0,20.0/30,success,Tier 1 (Undefined),2026-01-18 00:35:11,73.0,,,
documentation_quality_001,README Quality Assessment (Tiered),"{'asset_id': 'documentation_quality_001', 'tier': 'Tier 1 (Undefined)'}",36.5/100,22.6,,,2.8,130,deepseek-coder-v2:16b,51.2,mistral-large-latest,54.8,71.25,4411,-4.8,30/30,success,Tier 1 (Undefined),2026-01-18 00:35:34,66.5,,,
documentation_quality_002,REST API Endpoint Documentation,"{'asset_id': 'documentation_quality_002', 'tier': 'Tier 1 (Undefined)'}",43.0/100,29.1,,,5.1,130,deepseek-coder-v2:16b,56.2,mistral-large-latest,75.8,98.5,5364,-25.5,30/30,success,Tier 1 (Undefined),2026-01-18 00:36:03,73.0,,,
documentation_quality_003,Component Library Props Documentation,"{'asset_id': 'documentation_quality_003', 'tier': 'Tier 1 (Undefined)'}",25.5/100,25.1,,,2.7,130,deepseek-coder-v2:16b,35.0,mistral-large-latest,58.1,75.5,5405,-30.0,20/30,success,Tier 1 (Undefined),2026-01-18 00:36:28,45.5,,,
documentation_quality_004,Setup Guide - Local Dev Environment (Docker + Vite),"{'asset_id': 'documentation_quality_004', 'tier': 'Tier 1 (Undefined)'}",28.5/100,31.8,,,6.9,130,deepseek-coder-v2:16b,37.3,mistral-large-latest,76.7,99.75,5862,-51.2,20/30,success,Tier 1 (Undefined),2026-01-18 00:37:00,48.5,,,
documentation_quality_005,Changelog - Git Commits to User-Facing Release Notes,"{'asset_id': 'documentation_quality_005', 'tier': 'Tier 1 (Undefined)'}",24.5/100,23.8,,,4.0,130,deepseek-coder-v2:16b,41.9,mistral-large-latest,59.2,77.0,4722,-22.5,30/30,success,Tier 1 (Undefined),2026-01-18 00:37:24,54.5,,,
content_transformation_001,Landing Page Copy Transformation,"{'asset_id': 'content_transformation_001', 'tier': 'Tier 1 (Undefined)'}",13.8/40,10.6,,,4.8,100,deepseek-coder-v2:16b,73.8,mistral-large-latest,80.2,80.2,2019,-6.4,60.0/60,success,Tier 1 (Undefined),2026-01-18 00:37:35,73.8,,,
content_transformation_002,Twitter Thread Transformation,"{'asset_id': 'content_transformation_002', 'tier': 'Tier 1 (Undefined)'}",18.8/40,13.4,,,9.7,100,deepseek-coder-v2:16b,78.8,mistral-large-latest,82.8,82.8,2124,-4.0,60.0/60,success,Tier 1 (Undefined),2026-01-18 00:37:48,78.8,,,
content_transformation_003,Glossar-Eintrag Simplification,"{'asset_id': 'content_transformation_003', 'tier': 'Tier 1 (Undefined)'}",7.4/40,7.4,,,4.7,100,deepseek-coder-v2:16b,47.4,mistral-large-latest,79.2,79.2,1260,-31.8,40.0/60,success,Tier 1 (Undefined),2026-01-18 00:37:55,47.4,,,
content_transformation_004,Video-Script Transformation,"{'asset_id': 'content_transformation_004', 'tier': 'Tier 1 (Undefined)'}",17.8/40,20.8,,,3.6,100,deepseek-coder-v2:16b,77.8,mistral-large-latest,92.0,92.0,3255,-14.2,60.0/60,success,Tier 1 (Undefined),2026-01-18 00:38:16,77.8,,,
content_transformation_005,Email-Newsletter Adaptation,"{'asset_id': 'content_transformation_005', 'tier': 'Tier 1 (Undefined)'}",17.8/40,17.3,,,6.6,100,deepseek-coder-v2:16b,57.8,mistral-large-latest,82.2,82.2,2817,-24.4,40.0/60,success,Tier 1 (Undefined),2026-01-18 00:38:34,57.8,,,
content_transformation_006,Sarcasm Shield (Incident Report),"{'asset_id': 'content_transformation_006', 'tier': 'Tier 1 (Undefined)'}",45.0/70,9.6,,,2.9,100,deepseek-coder-v2:16b,75.0,mistral-large-latest,82.5,82.5,3492,-7.5,30.0/30,success,Tier 1 (Undefined),2026-01-18 00:38:43,75.0,,,
reasoning_001_river,Reasoning 001: River Crossing Puzzle,"{'asset_id': 'reasoning_001_river', 'tier': 'Tier 1 (Operational Logic)'}",60.0/100.0,9.2,,,1.4,100.0,deepseek-coder-v2:16b,83.0,mistral-large-latest,78.0,78.0,2781,5.0,18.0/100.0,success,Tier 1 (Operational Logic),2026-01-18 00:38:52,83.0,5.0/100.0,,
reasoning_5a_001,Reasoning 5A: Code Logic Debugging (Infinite Loop),"{'asset_id': 'reasoning_5a_001', 'tier': 'Tier 2 (Deep Reasoning)'}",33.333333333333336/100.0,8.9,,,7.5,100.0,deepseek-coder-v2:16b,38.3,mistral-large-latest,41.7,41.666666666666664,2639,-3.3,0.0/100.0,success,Tier 2 (Deep Reasoning),2026-01-18 00:39:01,38.333333333333336,5.0/100.0,,
reasoning_5b_001,Complex Reasoning Chains: Cross-Domain Root Cause,"{'asset_id': 'reasoning_5b_001', 'tier': 'Tier 2 (Deep Reasoning)'}",26.666666666666664/100.0,16.0,,,5.0,100.0,deepseek-coder-v2:16b,61.7,mistral-large-latest,61.7,61.666666666666664,3073,0.0,30.0/100.0,success,Tier 2 (Deep Reasoning),2026-01-18 00:39:17,61.666666666666664,5.0/100.0,,
reasoning_5c_001,Reasoning 5C: The Scheduling Paradox (Impossible Constraint),"{'asset_id': 'reasoning_5c_001', 'tier': 'Tier 2 (Deep Reasoning)'}",24.0/100.0,4.6,,,4.9,100.0,deepseek-coder-v2:16b,49.0,mistral-large-latest,15.0,15.0,1287,34.0,25.0/100.0,success,Tier 2 (Deep Reasoning),2026-01-18 00:39:22,49.0,0.0/100.0,,
reasoning_5d_001,Reasoning 5D: The Hidden Deadlock (Tier 2),"{'asset_id': 'reasoning_5d_001', 'tier': 'Tier 2 (Deep Reasoning)'}",0.0/100.0,8.7,,,2.9,100.0,deepseek-coder-v2:16b,0.0,mistral-large-latest,100.0,100.0,2780,-100.0,0.0/100.0,success,Tier 2 (Deep Reasoning),2026-01-18 00:39:31,0.0,0.0/100.0,,
code_quality_001,WCAG 2.2 Audit (Tiered Difficulty),"{'asset_id': 'code_quality_001', 'tier': 'Tier 1 (Undefined)'}",37.0/60,107.8,0/0,0.0/10,6.0,100,deepseek-r1:14b,57.0,mistral-large-latest,74.0,74.0,5480,-17.0,20.0/30,success,Tier 1 (Undefined),2026-01-18 00:43:04,57.0,,,
code_quality_002,Security Audit (Tiered Difficulty),"{'asset_id': 'code_quality_002', 'tier': 'Tier 1 (Undefined)'}",34.0/60,71.0,0/0,0.0/10,6.5,100,deepseek-r1:14b,54.0,mistral-large-latest,96.0,96.0,3583,-42.0,20.0/30,success,Tier 1 (Undefined),2026-01-18 00:44:15,54.0,,,
code_quality_003,Web Performance Audit (Tiered Difficulty),"{'asset_id': 'code_quality_003', 'tier': 'Tier 1 (Undefined)'}",35.0/60,71.1,0/0,0.0/10,9.4,100,deepseek-r1:14b,45.0,mistral-large-latest,70.0,70.0,3910,-25.0,10.0/30,success,Tier 1 (Undefined),2026-01-18 00:45:26,45.0,,,
code_quality_004,REST API Design Audit (Tiered Difficulty),"{'asset_id': 'code_quality_004', 'tier': 'Tier 1 (Undefined)'}",55.0/60,342.9,0/0,0.0/10,1.5,100,deepseek-r1:14b,75.0,mistral-large-latest,75.0,75.0,28743,0.0,20.0/30,success,Tier 1 (Undefined),2026-01-18 00:51:09,75.0,,,
code_quality_005,Code Smells Audit (Tiered Difficulty),"{'asset_id': 'code_quality_005', 'tier': 'Tier 1 (Undefined)'}",30.0/60,65.2,0/0,0.0/10,6.6,100,deepseek-r1:14b,50.0,mistral-large-latest,85.0,85.0,3162,-35.0,20.0/30,success,Tier 1 (Undefined),2026-01-18 00:52:14,50.0,,,
ux_writing_001,Error Messages - User-Friendly Rewriting,"{'asset_id': 'ux_writing_001', 'tier': 'Tier 1 (Undefined)'}",38.0/60,45.2,0/0,10.0/10,26.7,100,deepseek-r1:14b,68.0,mistral-large-latest,83.0,83.0,2483,-15.0,20.0/30,success,Tier 1 (Undefined),2026-01-18 00:53:00,68.0,,,
ux_writing_002,Button Labels - Context-Aware CTAs,"{'asset_id': 'ux_writing_002', 'tier': 'Tier 1 (Undefined)'}",28.0/60,32.8,0/0,0.0/10,2.9,100,deepseek-r1:14b,48.0,mistral-large-latest,75.0,75.0,971,-27.0,20.0/30,success,Tier 1 (Undefined),2026-01-18 00:53:32,48.0,,,
ux_writing_003,Onboarding Flow - 3-Step Tutorial,"{'asset_id': 'ux_writing_003', 'tier': 'Tier 1 (Undefined)'}",50.0/60,51.4,0/0,10.0/10,33.3,100,deepseek-r1:14b,80.0,mistral-large-latest,90.0,90.0,2635,-10.0,20.0/30,success,Tier 1 (Undefined),2026-01-18 00:54:24,80.0,,,
ux_writing_004,Accessibility Labels - ARIA for Screen Readers,"{'asset_id': 'ux_writing_004', 'tier': 'Tier 1 (Undefined)'}",60.0/60,43.0,0/0,10.0/10,1.9,100,deepseek-r1:14b,90.0,mistral-large-latest,75.0,75.0,1711,15.0,20.0/30,success,Tier 1 (Undefined),2026-01-18 00:55:07,90.0,,,
ux_writing_005,Microcopy Audit - Health App Context,"{'asset_id': 'ux_writing_005', 'tier': 'Tier 1 (Undefined)'}",30.0/60,50.2,0/0,0.0/10,35.6,100,deepseek-r1:14b,50.0,mistral-large-latest,90.0,90.0,4513,-40.0,20.0/30,success,Tier 1 (Undefined),2026-01-18 00:55:57,50.0,,,
documentation_quality_001,README Quality Assessment (Tiered),"{'asset_id': 'documentation_quality_001', 'tier': 'Tier 1 (Undefined)'}",12.25/100,75.2,,,1.9,130,deepseek-r1:14b,24.8,mistral-large-latest,54.8,71.25,4072,-39.0,20/30,success,Tier 1 (Undefined),2026-01-18 00:57:12,32.25,,,
documentation_quality_002,REST API Endpoint Documentation,"{'asset_id': 'documentation_quality_002', 'tier': 'Tier 1 (Undefined)'}",43.0/100,88.9,,,4.8,130,deepseek-r1:14b,56.2,mistral-large-latest,75.8,98.5,4733,-25.5,30/30,success,Tier 1 (Undefined),2026-01-18 00:58:41,73.0,,,
documentation_quality_003,Component Library Props Documentation,"{'asset_id': 'documentation_quality_003', 'tier': 'Tier 1 (Undefined)'}",31.0/100,88.1,,,11.1,130,deepseek-r1:14b,39.2,mistral-large-latest,58.1,75.5,5442,-24.5,20/30,success,Tier 1 (Undefined),2026-01-18 01:00:10,51.0,,,
documentation_quality_004,Setup Guide - Local Dev Environment (Docker + Vite),"{'asset_id': 'documentation_quality_004', 'tier': 'Tier 1 (Undefined)'}",44.25/100,89.7,,,4.6,130,deepseek-r1:14b,49.4,mistral-large-latest,76.7,99.75,4970,-35.5,20/30,success,Tier 1 (Undefined),2026-01-18 01:01:39,64.25,,,
documentation_quality_005,Changelog - Git Commits to User-Facing Release Notes,"{'asset_id': 'documentation_quality_005', 'tier': 'Tier 1 (Undefined)'}",12.0/100,65.1,,,3.5,130,deepseek-r1:14b,32.3,mistral-large-latest,59.2,77.0,2022,-35.0,30/30,success,Tier 1 (Undefined),2026-01-18 01:02:44,42.0,,,
content_transformation_001,Landing Page Copy Transformation,"{'asset_id': 'content_transformation_001', 'tier': 'Tier 1 (Undefined)'}",6.8/40,31.6,,,5.2,100,deepseek-r1:14b,66.8,mistral-large-latest,80.2,80.2,1226,-13.4,60.0/60,success,Tier 1 (Undefined),2026-01-18 01:03:16,66.8,,,
content_transformation_002,Twitter Thread Transformation,"{'asset_id': 'content_transformation_002', 'tier': 'Tier 1 (Undefined)'}",18.4/40,56.0,,,11.9,100,deepseek-r1:14b,78.4,mistral-large-latest,82.8,82.8,2345,-4.4,60.0/60,success,Tier 1 (Undefined),2026-01-18 01:04:12,78.4,,,
content_transformation_003,Glossar-Eintrag Simplification,"{'asset_id': 'content_transformation_003', 'tier': 'Tier 1 (Undefined)'}",4.8/40,30.2,,,5.6,100,deepseek-r1:14b,44.8,mistral-large-latest,79.2,79.2,1260,-34.4,40.0/60,success,Tier 1 (Undefined),2026-01-18 01:04:42,44.8,,,
content_transformation_004,Video-Script Transformation,"{'asset_id': 'content_transformation_004', 'tier': 'Tier 1 (Undefined)'}",21.2/40,81.6,,,1.8,100,deepseek-r1:14b,81.2,mistral-large-latest,92.0,92.0,4714,-10.8,60.0/60,success,Tier 1 (Undefined),2026-01-18 01:06:04,81.2,,,
content_transformation_005,Email-Newsletter Adaptation,"{'asset_id': 'content_transformation_005', 'tier': 'Tier 1 (Undefined)'}",4.0/40,46.2,,,4.1,100,deepseek-r1:14b,64.0,mistral-large-latest,82.2,82.2,1940,-18.2,60.0/60,success,Tier 1 (Undefined),2026-01-18 01:06:50,64.0,,,
content_transformation_006,Sarcasm Shield (Incident Report),"{'asset_id': 'content_transformation_006', 'tier': 'Tier 1 (Undefined)'}",45.0/70,26.7,,,10.6,100,deepseek-r1:14b,75.0,mistral-large-latest,82.5,82.5,1405,-7.5,30.0/30,success,Tier 1 (Undefined),2026-01-18 01:07:17,75.0,,,
reasoning_001_river,Reasoning 001: River Crossing Puzzle,"{'asset_id': 'reasoning_001_river', 'tier': 'Tier 1 (Operational Logic)'}",60.0/100.0,306.5,,,2.2,100.0,deepseek-r1:14b,78.0,mistral-large-latest,78.0,78.0,1572,0.0,18.0/100.0,success,Tier 1 (Operational Logic),2026-01-18 01:12:24,78.0,0.0/100.0,,
reasoning_5a_001,Reasoning 5A: Code Logic Debugging (Infinite Loop),"{'asset_id': 'reasoning_5a_001', 'tier': 'Tier 2 (Deep Reasoning)'}",26.666666666666664/100.0,35.9,,,22.0,100.0,deepseek-r1:14b,41.7,mistral-large-latest,41.7,41.666666666666664,1554,0.0,10.0/100.0,success,Tier 2 (Deep Reasoning),2026-01-18 01:12:59,41.666666666666664,5.0/100.0,,
reasoning_5b_001,Complex Reasoning Chains: Cross-Domain Root Cause,"{'asset_id': 'reasoning_5b_001', 'tier': 'Tier 2 (Deep Reasoning)'}",13.333333333333332/100.0,40.3,,,2.9,100.0,deepseek-r1:14b,38.3,mistral-large-latest,61.7,61.666666666666664,1449,-23.3,20.0/100.0,success,Tier 2 (Deep Reasoning),2026-01-18 01:13:40,38.33333333333333,5.0/100.0,,
reasoning_5c_001,Reasoning 5C: The Scheduling Paradox (Impossible Constraint),"{'asset_id': 'reasoning_5c_001', 'tier': 'Tier 2 (Deep Reasoning)'}",40.0/100.0,135.6,,,6.0,100.0,deepseek-r1:14b,100.0,mistral-large-latest,15.0,15.0,840,85.0,50.0/100.0,success,Tier 2 (Deep Reasoning),2026-01-18 01:15:55,100.0,10.0/100.0,,
reasoning_5d_001,Reasoning 5D: The Hidden Deadlock (Tier 2),"{'asset_id': 'reasoning_5d_001', 'tier': 'Tier 2 (Deep Reasoning)'}",40.0/100.0,24.0,,,10.4,100.0,deepseek-r1:14b,100.0,mistral-large-latest,100.0,100.0,130,0.0,50.0/100.0,success,Tier 2 (Deep Reasoning),2026-01-18 01:16:19,100.0,10.0/100.0,,
code_quality_001,WCAG 2.2 Audit (Tiered Difficulty),"{'asset_id': 'code_quality_001', 'tier': 'Tier 1 (Undefined)'}",43.0/60,59.4,0/0,0.0/10,16.5,100,phi4:latest,63.0,mistral-large-latest,74.0,74.0,3641,-11.0,20.0/30,success,Tier 1 (Undefined),2026-01-18 01:21:19,63.0,,,
code_quality_002,Security Audit (Tiered Difficulty),"{'asset_id': 'code_quality_002', 'tier': 'Tier 1 (Undefined)'}",30.0/60,62.0,0/0,0.0/10,15.8,100,phi4:latest,50.0,mistral-large-latest,96.0,96.0,4910,-46.0,20.0/30,success,Tier 1 (Undefined),2026-01-18 01:22:21,50.0,,,
code_quality_003,Web Performance Audit (Tiered Difficulty),"{'asset_id': 'code_quality_003', 'tier': 'Tier 1 (Undefined)'}",30.0/60,44.8,0/0,0.0/10,12.1,100,phi4:latest,40.0,mistral-large-latest,70.0,70.0,3587,-30.0,10.0/30,success,Tier 1 (Undefined),2026-01-18 01:23:06,40.0,,,
code_quality_004,REST API Design Audit (Tiered Difficulty),"{'asset_id': 'code_quality_004', 'tier': 'Tier 1 (Undefined)'}",30.0/60,58.4,0/0,0.0/10,7.2,100,phi4:latest,50.0,mistral-large-latest,75.0,75.0,5031,-25.0,20.0/30,success,Tier 1 (Undefined),2026-01-18 01:24:04,50.0,,,
code_quality_005,Code Smells Audit (Tiered Difficulty),"{'asset_id': 'code_quality_005', 'tier': 'Tier 1 (Undefined)'}",30.0/60,46.0,0/0,0.0/10,9.0,100,phi4:latest,60.0,mistral-large-latest,85.0,85.0,3613,-25.0,30.0/30,success,Tier 1 (Undefined),2026-01-18 01:24:50,60.0,,,
ux_writing_001,Error Messages - User-Friendly Rewriting,"{'asset_id': 'ux_writing_001', 'tier': 'Tier 1 (Undefined)'}",45.0/60,34.8,0/0,10.0/10,17.6,100,phi4:latest,75.0,mistral-large-latest,83.0,83.0,2771,-8.0,20.0/30,success,Tier 1 (Undefined),2026-01-18 01:25:25,75.0,,,
ux_writing_002,Button Labels - Context-Aware CTAs,"{'asset_id': 'ux_writing_002', 'tier': 'Tier 1 (Undefined)'}",38.0/60,27.0,0/0,10.0/10,26.2,100,phi4:latest,68.0,mistral-large-latest,75.0,75.0,1838,-7.0,20.0/30,success,Tier 1 (Undefined),2026-01-18 01:25:52,68.0,,,
ux_writing_003,Onboarding Flow - 3-Step Tutorial,"{'asset_id': 'ux_writing_003', 'tier': 'Tier 1 (Undefined)'}",60.0/60,35.9,0/0,10.0/10,32.1,100,phi4:latest,90.0,mistral-large-latest,90.0,90.0,2750,0.0,20.0/30,success,Tier 1 (Undefined),2026-01-18 01:26:28,90.0,,,
ux_writing_004,Accessibility Labels - ARIA for Screen Readers,"{'asset_id': 'ux_writing_004', 'tier': 'Tier 1 (Undefined)'}",60.0/60,36.2,0/0,10.0/10,20.0,100,phi4:latest,90.0,mistral-large-latest,75.0,75.0,4045,15.0,20.0/30,success,Tier 1 (Undefined),2026-01-18 01:27:05,90.0,,,
ux_writing_005,Microcopy Audit - Health App Context,"{'asset_id': 'ux_writing_005', 'tier': 'Tier 1 (Undefined)'}",48.0/60,43.2,0/0,10.0/10,42.3,100,phi4:latest,78.0,mistral-large-latest,90.0,90.0,4283,-12.0,20.0/30,success,Tier 1 (Undefined),2026-01-18 01:27:48,78.0,,,
documentation_quality_001,README Quality Assessment (Tiered),"{'asset_id': 'documentation_quality_001', 'tier': 'Tier 1 (Undefined)'}",37.25/100,58.2,,,4.7,130,phi4:latest,44.0,mistral-large-latest,54.8,71.25,4587,-14.0,20/30,success,Tier 1 (Undefined),2026-01-18 01:28:46,57.25,,,
documentation_quality_002,REST API Endpoint Documentation,"{'asset_id': 'documentation_quality_002', 'tier': 'Tier 1 (Undefined)'}",55.5/100,68.8,,,6.0,130,phi4:latest,65.8,mistral-large-latest,75.8,98.5,5623,-13.0,30/30,success,Tier 1 (Undefined),2026-01-18 01:29:55,85.5,,,
documentation_quality_003,Component Library Props Documentation,"{'asset_id': 'documentation_quality_003', 'tier': 'Tier 1 (Undefined)'}",50.0/100,60.1,,,13.3,130,phi4:latest,53.8,mistral-large-latest,58.1,75.5,5176,-5.5,20/30,success,Tier 1 (Undefined),2026-01-18 01:30:55,70.0,,,
documentation_quality_004,Setup Guide - Local Dev Environment (Docker + Vite),"{'asset_id': 'documentation_quality_004', 'tier': 'Tier 1 (Undefined)'}",56.0/100,69.5,,,8.3,130,phi4:latest,66.2,mistral-large-latest,76.7,99.75,5654,-13.8,30/30,success,Tier 1 (Undefined),2026-01-18 01:32:05,86.0,,,
documentation_quality_005,Changelog - Git Commits to User-Facing Release Notes,"{'asset_id': 'documentation_quality_005', 'tier': 'Tier 1 (Undefined)'}",36.5/100,56.6,,,4.4,130,phi4:latest,51.2,mistral-large-latest,59.2,77.0,4927,-10.5,30/30,success,Tier 1 (Undefined),2026-01-18 01:33:01,66.5,,,
content_transformation_001,Landing Page Copy Transformation,"{'asset_id': 'content_transformation_001', 'tier': 'Tier 1 (Undefined)'}",11.8/40,44.3,,,4.0,100,phi4:latest,51.8,mistral-large-latest,80.2,80.2,3371,-28.4,40.0/60,success,Tier 1 (Undefined),2026-01-18 01:33:46,51.8,,,
content_transformation_002,Twitter Thread Transformation,"{'asset_id': 'content_transformation_002', 'tier': 'Tier 1 (Undefined)'}",23.2/40,34.6,,,7.9,100,phi4:latest,83.2,mistral-large-latest,82.8,82.8,2338,0.4,60.0/60,success,Tier 1 (Undefined),2026-01-18 01:34:20,83.2,,,
content_transformation_003,Glossar-Eintrag Simplification,"{'asset_id': 'content_transformation_003', 'tier': 'Tier 1 (Undefined)'}",19.2/40,28.3,,,6.6,100,phi4:latest,79.2,mistral-large-latest,79.2,79.2,2063,0.0,60.0/60,success,Tier 1 (Undefined),2026-01-18 01:34:49,79.2,,,
content_transformation_004,Video-Script Transformation,"{'asset_id': 'content_transformation_004', 'tier': 'Tier 1 (Undefined)'}",22.8/40,52.9,,,3.9,100,phi4:latest,82.8,mistral-large-latest,92.0,92.0,3510,-9.2,60.0/60,success,Tier 1 (Undefined),2026-01-18 01:35:42,82.8,,,
content_transformation_005,Email-Newsletter Adaptation,"{'asset_id': 'content_transformation_005', 'tier': 'Tier 1 (Undefined)'}",16.8/40,43.3,,,5.5,100,phi4:latest,76.8,mistral-large-latest,82.2,82.2,3072,-5.4,60.0/60,success,Tier 1 (Undefined),2026-01-18 01:36:25,76.8,,,
content_transformation_006,Sarcasm Shield (Incident Report),"{'asset_id': 'content_transformation_006', 'tier': 'Tier 1 (Undefined)'}",62.5/70,20.2,,,5.4,100,phi4:latest,92.5,mistral-large-latest,82.5,82.5,2501,10.0,30.0/30,success,Tier 1 (Undefined),2026-01-18 01:36:45,92.5,,,
reasoning_001_river,Reasoning 001: River Crossing Puzzle,"{'asset_id': 'reasoning_001_river', 'tier': 'Tier 1 (Operational Logic)'}",60.0/100.0,30.2,,,3.1,100.0,phi4:latest,83.0,mistral-large-latest,78.0,78.0,2767,5.0,18.0/100.0,success,Tier 1 (Operational Logic),2026-01-18 01:37:15,83.0,5.0/100.0,,
reasoning_5a_001,Reasoning 5A: Code Logic Debugging (Infinite Loop),"{'asset_id': 'reasoning_5a_001', 'tier': 'Tier 2 (Deep Reasoning)'}",40.0/100.0,26.3,,,7.3,100.0,phi4:latest,55.0,mistral-large-latest,41.7,41.666666666666664,2886,13.3,10.0/100.0,success,Tier 2 (Deep Reasoning),2026-01-18 01:37:42,55.0,5.0/100.0,,
reasoning_5b_001,Complex Reasoning Chains: Cross-Domain Root Cause,"{'asset_id': 'reasoning_5b_001', 'tier': 'Tier 2 (Deep Reasoning)'}",26.666666666666664/100.0,41.2,,,6.7,100.0,phi4:latest,61.7,mistral-large-latest,61.7,61.666666666666664,3185,0.0,30.0/100.0,success,Tier 2 (Deep Reasoning),2026-01-18 01:38:23,61.666666666666664,5.0/100.0,,
reasoning_5c_001,Reasoning 5C: The Scheduling Paradox (Impossible Constraint),"{'asset_id': 'reasoning_5c_001', 'tier': 'Tier 2 (Deep Reasoning)'}",40.0/100.0,14.5,,,6.1,100.0,phi4:latest,100.0,mistral-large-latest,15.0,15.0,1474,85.0,50.0/100.0,success,Tier 2 (Deep Reasoning),2026-01-18 01:38:37,100.0,10.0/100.0,,
reasoning_5d_001,Reasoning 5D: The Hidden Deadlock (Tier 2),"{'asset_id': 'reasoning_5d_001', 'tier': 'Tier 2 (Deep Reasoning)'}",40.0/100.0,16.6,,,8.5,100.0,phi4:latest,100.0,mistral-large-latest,100.0,100.0,1816,0.0,50.0/100.0,success,Tier 2 (Deep Reasoning),2026-01-18 01:38:54,100.0,10.0/100.0,,
code_quality_001,WCAG 2.2 Audit (Tiered Difficulty),"{'asset_id': 'code_quality_001', 'tier': 'Tier 1 (Undefined)'}",48.0/60,25.3,0/0,0.0/10,4.4,100,gemma2:9b,68.0,mistral-large-latest,74.0,74.0,2554,-6.0,20.0/30,success,Tier 1 (Undefined),2026-01-18 01:57:22,68.0,,,
code_quality_002,Security Audit (Tiered Difficulty),"{'asset_id': 'code_quality_002', 'tier': 'Tier 1 (Undefined)'}",31.0/60,27.6,0/0,0.0/10,7.9,100,gemma2:9b,41.0,mistral-large-latest,96.0,96.0,3523,-55.0,10.0/30,success,Tier 1 (Undefined),2026-01-18 01:57:50,41.0,,,
code_quality_003,Web Performance Audit (Tiered Difficulty),"{'asset_id': 'code_quality_003', 'tier': 'Tier 1 (Undefined)'}",26.0/60,22.4,0/0,0.0/10,3.4,100,gemma2:9b,36.0,mistral-large-latest,70.0,70.0,2762,-34.0,10.0/30,success,Tier 1 (Undefined),2026-01-18 01:58:12,36.0,,,
code_quality_004,REST API Design Audit (Tiered Difficulty),"{'asset_id': 'code_quality_004', 'tier': 'Tier 1 (Undefined)'}",40.0/60,29.9,0/0,0.0/10,3.9,100,gemma2:9b,60.0,mistral-large-latest,75.0,75.0,3624,-15.0,20.0/30,success,Tier 1 (Undefined),2026-01-18 01:58:42,60.0,,,
code_quality_005,Code Smells Audit (Tiered Difficulty),"{'asset_id': 'code_quality_005', 'tier': 'Tier 1 (Undefined)'}",20.0/60,25.8,0/0,0.0/10,5.5,100,gemma2:9b,30.0,mistral-large-latest,85.0,85.0,3342,-55.0,10.0/30,success,Tier 1 (Undefined),2026-01-18 01:59:08,30.0,,,
ux_writing_001,Error Messages - User-Friendly Rewriting,"{'asset_id': 'ux_writing_001', 'tier': 'Tier 1 (Undefined)'}",45.0/60,16.6,0/0,10.0/10,15.0,100,gemma2:9b,75.0,mistral-large-latest,83.0,83.0,1991,-8.0,20.0/30,success,Tier 1 (Undefined),2026-01-18 01:59:25,75.0,,,
ux_writing_002,Button Labels - Context-Aware CTAs,"{'asset_id': 'ux_writing_002', 'tier': 'Tier 1 (Undefined)'}",38.0/60,13.0,0/0,10.0/10,17.0,100,gemma2:9b,68.0,mistral-large-latest,75.0,75.0,1231,-7.0,20.0/30,success,Tier 1 (Undefined),2026-01-18 01:59:38,68.0,,,
ux_writing_003,Onboarding Flow - 3-Step Tutorial,"{'asset_id': 'ux_writing_003', 'tier': 'Tier 1 (Undefined)'}",53.0/60,19.1,0/0,10.0/10,34.9,100,gemma2:9b,83.0,mistral-large-latest,90.0,90.0,2162,-7.0,20.0/30,success,Tier 1 (Undefined),2026-01-18 01:59:57,83.0,,,
ux_writing_004,Accessibility Labels - ARIA for Screen Readers,"{'asset_id': 'ux_writing_004', 'tier': 'Tier 1 (Undefined)'}",60.0/60,16.7,0/0,10.0/10,12.6,100,gemma2:9b,90.0,mistral-large-latest,75.0,75.0,1753,15.0,20.0/30,success,Tier 1 (Undefined),2026-01-18 02:00:14,90.0,,,
ux_writing_005,Microcopy Audit - Health App Context,"{'asset_id': 'ux_writing_005', 'tier': 'Tier 1 (Undefined)'}",55.0/60,20.2,0/0,10.0/10,15.8,100,gemma2:9b,85.0,mistral-large-latest,90.0,90.0,2091,-5.0,20.0/30,success,Tier 1 (Undefined),2026-01-18 02:00:34,85.0,,,
documentation_quality_001,README Quality Assessment (Tiered),"{'asset_id': 'documentation_quality_001', 'tier': 'Tier 1 (Undefined)'}",37.5/100,27.3,,,1.0,130,gemma2:9b,44.2,mistral-large-latest,54.8,71.25,3391,-13.8,20/30,success,Tier 1 (Undefined),2026-01-18 02:01:01,57.5,,,
documentation_quality_002,REST API Endpoint Documentation,"{'asset_id': 'documentation_quality_002', 'tier': 'Tier 1 (Undefined)'}",49.0/100,47.3,,,3.0,130,gemma2:9b,60.8,mistral-large-latest,75.8,98.5,4744,-19.5,30/30,success,Tier 1 (Undefined),2026-01-18 02:01:49,79.0,,,
documentation_quality_003,Component Library Props Documentation,"{'asset_id': 'documentation_quality_003', 'tier': 'Tier 1 (Undefined)'}",44.0/100,41.3,,,12.4,130,gemma2:9b,49.2,mistral-large-latest,58.1,75.5,4794,-11.5,20/30,success,Tier 1 (Undefined),2026-01-18 02:02:30,64.0,,,
documentation_quality_004,Setup Guide - Local Dev Environment (Docker + Vite),"{'asset_id': 'documentation_quality_004', 'tier': 'Tier 1 (Undefined)'}",41.0/100,44.3,,,8.3,130,gemma2:9b,54.6,mistral-large-latest,76.7,99.75,4928,-28.8,30/30,success,Tier 1 (Undefined),2026-01-18 02:03:14,71.0,,,
documentation_quality_005,Changelog - Git Commits to User-Facing Release Notes,"{'asset_id': 'documentation_quality_005', 'tier': 'Tier 1 (Undefined)'}",22.0/100,31.8,,,2.6,130,gemma2:9b,40.0,mistral-large-latest,59.2,77.0,3887,-25.0,30/30,success,Tier 1 (Undefined),2026-01-18 02:03:46,52.0,,,
content_transformation_001,Landing Page Copy Transformation,"{'asset_id': 'content_transformation_001', 'tier': 'Tier 1 (Undefined)'}",11.8/40,17.4,,,4.2,100,gemma2:9b,71.8,mistral-large-latest,80.2,80.2,2002,-8.4,60.0/60,success,Tier 1 (Undefined),2026-01-18 02:04:04,71.8,,,
content_transformation_002,Twitter Thread Transformation,"{'asset_id': 'content_transformation_002', 'tier': 'Tier 1 (Undefined)'}",11.8/40,16.6,,,7.1,100,gemma2:9b,71.8,mistral-large-latest,82.8,82.8,1561,-11.0,60.0/60,success,Tier 1 (Undefined),2026-01-18 02:04:20,71.8,,,
content_transformation_003,Glossar-Eintrag Simplification,"{'asset_id': 'content_transformation_003', 'tier': 'Tier 1 (Undefined)'}",2.4/40,9.9,,,6.7,100,gemma2:9b,22.4,mistral-large-latest,79.2,79.2,989,-56.8,20.0/60,success,Tier 1 (Undefined),2026-01-18 02:04:30,22.4,,,
content_transformation_004,Video-Script Transformation,"{'asset_id': 'content_transformation_004', 'tier': 'Tier 1 (Undefined)'}",9.8/40,39.2,,,3.0,100,gemma2:9b,69.8,mistral-large-latest,92.0,92.0,3823,-22.2,60.0/60,success,Tier 1 (Undefined),2026-01-18 02:05:09,69.8,,,
content_transformation_005,Email-Newsletter Adaptation,"{'asset_id': 'content_transformation_005', 'tier': 'Tier 1 (Undefined)'}",10.4/40,23.6,,,10.4,100,gemma2:9b,70.4,mistral-large-latest,82.2,82.2,2411,-11.8,60.0/60,success,Tier 1 (Undefined),2026-01-18 02:05:33,70.4,,,
content_transformation_006,Sarcasm Shield (Incident Report),"{'asset_id': 'content_transformation_006', 'tier': 'Tier 1 (Undefined)'}",62.5/70,10.5,,,1.1,100,gemma2:9b,92.5,mistral-large-latest,82.5,82.5,1682,10.0,30.0/30,success,Tier 1 (Undefined),2026-01-18 02:05:43,92.5,,,
reasoning_001_river,Reasoning 001: River Crossing Puzzle,"{'asset_id': 'reasoning_001_river', 'tier': 'Tier 1 (Operational Logic)'}",60.0/100.0,12.3,,,0.5,100.0,gemma2:9b,78.0,mistral-large-latest,78.0,78.0,1392,0.0,18.0/100.0,success,Tier 1 (Operational Logic),2026-01-18 02:05:56,78.0,0.0/100.0,,
reasoning_5a_001,Reasoning 5A: Code Logic Debugging (Infinite Loop),"{'asset_id': 'reasoning_5a_001', 'tier': 'Tier 2 (Deep Reasoning)'}",26.666666666666664/100.0,19.6,,,19.9,100.0,gemma2:9b,31.7,mistral-large-latest,41.7,41.666666666666664,2310,-10.0,0.0/100.0,success,Tier 2 (Deep Reasoning),2026-01-18 02:06:16,31.666666666666664,5.0/100.0,,
reasoning_5b_001,Complex Reasoning Chains: Cross-Domain Root Cause,"{'asset_id': 'reasoning_5b_001', 'tier': 'Tier 2 (Deep Reasoning)'}",26.666666666666664/100.0,17.1,,,5.4,100.0,gemma2:9b,51.7,mistral-large-latest,61.7,61.666666666666664,2031,-10.0,20.0/100.0,success,Tier 2 (Deep Reasoning),2026-01-18 02:06:33,51.666666666666664,5.0/100.0,,
reasoning_5c_001,Reasoning 5C: The Scheduling Paradox (Impossible Constraint),"{'asset_id': 'reasoning_5c_001', 'tier': 'Tier 2 (Deep Reasoning)'}",24.0/100.0,7.1,,,3.4,100.0,gemma2:9b,49.0,mistral-large-latest,15.0,15.0,793,34.0,25.0/100.0,success,Tier 2 (Deep Reasoning),2026-01-18 02:06:40,49.0,0.0/100.0,,
reasoning_5d_001,Reasoning 5D: The Hidden Deadlock (Tier 2),"{'asset_id': 'reasoning_5d_001', 'tier': 'Tier 2 (Deep Reasoning)'}",40.0/100.0,5.8,,,11.6,100.0,gemma2:9b,100.0,mistral-large-latest,100.0,100.0,696,0.0,50.0/100.0,success,Tier 2 (Deep Reasoning),2026-01-18 02:06:46,100.0,10.0/100.0,,
code_quality_001,WCAG 2.2 Audit (Tiered Difficulty),"{'asset_id': 'code_quality_001', 'tier': 'Tier 1 (Undefined)'}",44.0/60,37.6,0/0,0.0/10,7.9,100,mistral-nemo:latest,64.0,mistral-large-latest,74.0,74.0,3223,-10.0,20.0/30,success,Tier 1 (Undefined),2026-01-18 11:21:01,64.0,,,
code_quality_002,Security Audit (Tiered Difficulty),"{'asset_id': 'code_quality_002', 'tier': 'Tier 1 (Undefined)'}",27.0/60,55.8,0/0,0.0/10,9.3,100,mistral-nemo:latest,47.0,mistral-large-latest,96.0,96.0,6049,-49.0,20.0/30,success,Tier 1 (Undefined),2026-01-18 11:21:56,47.0,,,
code_quality_003,Web Performance Audit (Tiered Difficulty),"{'asset_id': 'code_quality_003', 'tier': 'Tier 1 (Undefined)'}",30.0/60,41.8,0/0,0.0/10,9.0,100,mistral-nemo:latest,40.0,mistral-large-latest,70.0,70.0,4526,-30.0,10.0/30,success,Tier 1 (Undefined),2026-01-18 11:22:38,40.0,,,
code_quality_004,REST API Design Audit (Tiered Difficulty),"{'asset_id': 'code_quality_004', 'tier': 'Tier 1 (Undefined)'}",40.0/60,39.5,0/0,0.0/10,2.0,100,mistral-nemo:latest,50.0,mistral-large-latest,75.0,75.0,4646,-25.0,10.0/30,success,Tier 1 (Undefined),2026-01-18 11:23:18,50.0,,,
code_quality_005,Code Smells Audit (Tiered Difficulty),"{'asset_id': 'code_quality_005', 'tier': 'Tier 1 (Undefined)'}",35.0/60,32.3,0/0,0.0/10,7.3,100,mistral-nemo:latest,55.0,mistral-large-latest,85.0,85.0,3771,-30.0,20.0/30,success,Tier 1 (Undefined),2026-01-18 11:23:50,55.0,,,
ux_writing_001,Error Messages - User-Friendly Rewriting,"{'asset_id': 'ux_writing_001', 'tier': 'Tier 1 (Undefined)'}",38.0/60,19.9,0/0,10.0/10,13.8,100,mistral-nemo:latest,68.0,mistral-large-latest,83.0,83.0,2030,-15.0,20.0/30,success,Tier 1 (Undefined),2026-01-18 11:24:11,68.0,,,
ux_writing_002,Button Labels - Context-Aware CTAs,"{'asset_id': 'ux_writing_002', 'tier': 'Tier 1 (Undefined)'}",38.0/60,15.9,0/0,10.0/10,20.4,100,mistral-nemo:latest,68.0,mistral-large-latest,75.0,75.0,1494,-7.0,20.0/30,success,Tier 1 (Undefined),2026-01-18 11:24:27,68.0,,,
ux_writing_003,Onboarding Flow - 3-Step Tutorial,"{'asset_id': 'ux_writing_003', 'tier': 'Tier 1 (Undefined)'}",53.0/60,21.7,0/0,10.0/10,29.7,100,mistral-nemo:latest,83.0,mistral-large-latest,90.0,90.0,2424,-7.0,20.0/30,success,Tier 1 (Undefined),2026-01-18 11:24:48,83.0,,,
ux_writing_004,Accessibility Labels - ARIA for Screen Readers,"{'asset_id': 'ux_writing_004', 'tier': 'Tier 1 (Undefined)'}",60.0/60,18.6,0/0,10.0/10,10.8,100,mistral-nemo:latest,90.0,mistral-large-latest,75.0,75.0,1971,15.0,20.0/30,success,Tier 1 (Undefined),2026-01-18 11:25:07,90.0,,,
ux_writing_005,Microcopy Audit - Health App Context,"{'asset_id': 'ux_writing_005', 'tier': 'Tier 1 (Undefined)'}",55.0/60,22.7,0/0,10.0/10,23.3,100,mistral-nemo:latest,75.0,mistral-large-latest,90.0,90.0,2231,-15.0,10.0/30,success,Tier 1 (Undefined),2026-01-18 11:25:30,75.0,,,
documentation_quality_001,README Quality Assessment (Tiered),"{'asset_id': 'documentation_quality_001', 'tier': 'Tier 1 (Undefined)'}",12.0/100,17.4,,,3.6,130,mistral-nemo:latest,16.9,mistral-large-latest,54.8,71.25,1962,-49.2,10/30,success,Tier 1 (Undefined),2026-01-18 11:25:47,22.0,,,
documentation_quality_002,REST API Endpoint Documentation,"{'asset_id': 'documentation_quality_002', 'tier': 'Tier 1 (Undefined)'}",49.5/100,65.6,,,6.5,130,mistral-nemo:latest,61.2,mistral-large-latest,75.8,98.5,7457,-19.0,30/30,success,Tier 1 (Undefined),2026-01-18 11:26:53,79.5,,,
documentation_quality_003,Component Library Props Documentation,"{'asset_id': 'documentation_quality_003', 'tier': 'Tier 1 (Undefined)'}",25.0/100,34.6,,,10.1,130,mistral-nemo:latest,34.6,mistral-large-latest,58.1,75.5,3604,-30.5,20/30,success,Tier 1 (Undefined),2026-01-18 11:27:28,45.0,,,
documentation_quality_004,Setup Guide - Local Dev Environment (Docker + Vite),"{'asset_id': 'documentation_quality_004', 'tier': 'Tier 1 (Undefined)'}",40.5/100,51.1,,,8.2,130,mistral-nemo:latest,54.2,mistral-large-latest,76.7,99.75,5697,-29.2,30/30,success,Tier 1 (Undefined),2026-01-18 11:28:19,70.5,,,
documentation_quality_005,Changelog - Git Commits to User-Facing Release Notes,"{'asset_id': 'documentation_quality_005', 'tier': 'Tier 1 (Undefined)'}",33.5/100,22.8,,,3.9,130,mistral-nemo:latest,48.8,mistral-large-latest,59.2,77.0,2313,-13.5,30/30,success,Tier 1 (Undefined),2026-01-18 11:28:42,63.5,,,
content_transformation_001,Landing Page Copy Transformation,"{'asset_id': 'content_transformation_001', 'tier': 'Tier 1 (Undefined)'}",6.4/40,15.9,,,5.5,100,mistral-nemo:latest,46.4,mistral-large-latest,80.2,80.2,1643,-33.8,40.0/60,success,Tier 1 (Undefined),2026-01-18 11:28:58,46.4,,,
content_transformation_002,Twitter Thread Transformation,"{'asset_id': 'content_transformation_002', 'tier': 'Tier 1 (Undefined)'}",25.2/40,25.7,,,7.2,100,mistral-nemo:latest,85.2,mistral-large-latest,82.8,82.8,2336,2.4,60.0/60,success,Tier 1 (Undefined),2026-01-18 11:29:23,85.2,,,
content_transformation_003,Glossar-Eintrag Simplification,"{'asset_id': 'content_transformation_003', 'tier': 'Tier 1 (Undefined)'}",9.8/40,14.6,,,3.5,100,mistral-nemo:latest,69.8,mistral-large-latest,79.2,79.2,1337,-9.4,60.0/60,success,Tier 1 (Undefined),2026-01-18 11:29:38,69.8,,,
content_transformation_004,Video-Script Transformation,"{'asset_id': 'content_transformation_004', 'tier': 'Tier 1 (Undefined)'}",11.8/40,50.9,,,3.9,100,mistral-nemo:latest,51.8,mistral-large-latest,92.0,92.0,4770,-40.2,40.0/60,success,Tier 1 (Undefined),2026-01-18 11:30:29,51.8,,,
content_transformation_005,Email-Newsletter Adaptation,"{'asset_id': 'content_transformation_005', 'tier': 'Tier 1 (Undefined)'}",8.4/40,24.1,,,6.4,100,mistral-nemo:latest,68.4,mistral-large-latest,82.2,82.2,2221,-13.8,60.0/60,success,Tier 1 (Undefined),2026-01-18 11:30:53,68.4,,,
content_transformation_006,Sarcasm Shield (Incident Report),"{'asset_id': 'content_transformation_006', 'tier': 'Tier 1 (Undefined)'}",62.5/70,8.3,,,5.4,100,mistral-nemo:latest,92.5,mistral-large-latest,82.5,82.5,1200,10.0,30.0/30,success,Tier 1 (Undefined),2026-01-18 11:31:01,92.5,,,
reasoning_001_river,Reasoning 001: River Crossing Puzzle,"{'asset_id': 'reasoning_001_river', 'tier': 'Tier 1 (Operational Logic)'}",60.0/100.0,11.4,,,1.6,100.0,mistral-nemo:latest,78.0,mistral-large-latest,78.0,78.0,1226,0.0,18.0/100.0,success,Tier 1 (Operational Logic),2026-01-18 11:31:13,78.0,0.0/100.0,,
reasoning_5a_001,Reasoning 5A: Code Logic Debugging (Infinite Loop),"{'asset_id': 'reasoning_5a_001', 'tier': 'Tier 2 (Deep Reasoning)'}",33.333333333333336/100.0,11.1,,,25.5,100.0,mistral-nemo:latest,53.3,mistral-large-latest,41.7,41.666666666666664,1464,11.7,10.0/100.0,success,Tier 2 (Deep Reasoning),2026-01-18 11:31:24,53.333333333333336,10.0/100.0,,
reasoning_5b_001,Complex Reasoning Chains: Cross-Domain Root Cause,"{'asset_id': 'reasoning_5b_001', 'tier': 'Tier 2 (Deep Reasoning)'}",26.666666666666664/100.0,21.0,,,3.4,100.0,mistral-nemo:latest,61.7,mistral-large-latest,61.7,61.666666666666664,2655,0.0,30.0/100.0,success,Tier 2 (Deep Reasoning),2026-01-18 11:31:45,61.666666666666664,5.0/100.0,,
reasoning_5c_001,Reasoning 5C: The Scheduling Paradox (Impossible Constraint),"{'asset_id': 'reasoning_5c_001', 'tier': 'Tier 2 (Deep Reasoning)'}",40.0/100.0,12.5,,,6.3,100.0,mistral-nemo:latest,100.0,mistral-large-latest,15.0,15.0,1454,85.0,50.0/100.0,success,Tier 2 (Deep Reasoning),2026-01-18 11:31:57,100.0,10.0/100.0,,
reasoning_5d_001,Reasoning 5D: The Hidden Deadlock (Tier 2),"{'asset_id': 'reasoning_5d_001', 'tier': 'Tier 2 (Deep Reasoning)'}",0.0/100.0,10.4,,,6.9,100.0,mistral-nemo:latest,0.0,mistral-large-latest,100.0,100.0,1238,-100.0,0.0/100.0,success,Tier 2 (Deep Reasoning),2026-01-18 11:32:08,0.0,0.0/100.0,,
code_quality_001,WCAG 2.2 Audit (Tiered Difficulty),"{'asset_id': 'code_quality_001', 'tier': 'Tier 1 (Undefined)'}",24.0/60,33.5,0/0,0.0/10,1.0,100,llama3:latest,44.0,mistral-medium-latest,81.0,81.0,4837,-37.0,20.0/30,success,Tier 1 (Undefined),2026-01-18 16:31:31,44.0,,,
code_quality_002,Security Audit (Tiered Difficulty),"{'asset_id': 'code_quality_002', 'tier': 'Tier 1 (Undefined)'}",31.0/60,179.0,0/0,0.0/10,2.0,100,llama3:latest,51.0,mistral-medium-latest,86.0,86.0,35800,-35.0,20.0/30,success,Tier 1 (Undefined),2026-01-18 16:34:30,51.0,,,
code_quality_003,Web Performance Audit (Tiered Difficulty),"{'asset_id': 'code_quality_003', 'tier': 'Tier 1 (Undefined)'}",35.0/60,16.4,0/0,0.0/10,2.9,100,llama3:latest,45.0,mistral-medium-latest,70.0,70.0,2554,-25.0,10.0/30,success,Tier 1 (Undefined),2026-01-18 16:34:47,45.0,,,
code_quality_004,REST API Design Audit (Tiered Difficulty),"{'asset_id': 'code_quality_004', 'tier': 'Tier 1 (Undefined)'}",35.0/60,15.7,0/0,0.0/10,2.7,100,llama3:latest,45.0,mistral-medium-latest,80.0,80.0,2774,-35.0,10.0/30,success,Tier 1 (Undefined),2026-01-18 16:35:02,45.0,,,
code_quality_005,Code Smells Audit (Tiered Difficulty),"{'asset_id': 'code_quality_005', 'tier': 'Tier 1 (Undefined)'}",10.0/60,10.6,0/0,0.0/10,6.3,100,llama3:latest,20.0,mistral-medium-latest,95.0,95.0,1842,-75.0,10.0/30,success,Tier 1 (Undefined),2026-01-18 16:35:13,20.0,,,
ux_writing_001,Error Messages - User-Friendly Rewriting,"{'asset_id': 'ux_writing_001', 'tier': 'Tier 1 (Undefined)'}",10.0/60,11.8,0/0,10.0/10,10.0,100,llama3:latest,20.0,mistral-medium-latest,75.0,75.0,2115,-55.0,0.0/30,success,Tier 1 (Undefined),2026-01-18 16:35:25,20.0,,,
ux_writing_002,Button Labels - Context-Aware CTAs,"{'asset_id': 'ux_writing_002', 'tier': 'Tier 1 (Undefined)'}",45.0/60,11.1,0/0,10.0/10,18.9,100,llama3:latest,75.0,mistral-medium-latest,68.0,68.0,1596,7.0,20.0/30,success,Tier 1 (Undefined),2026-01-18 16:35:36,75.0,,,
ux_writing_003,Onboarding Flow - 3-Step Tutorial,"{'asset_id': 'ux_writing_003', 'tier': 'Tier 1 (Undefined)'}",10.0/60,13.0,0/0,10.0/10,12.1,100,llama3:latest,20.0,mistral-medium-latest,90.0,90.0,2202,-70.0,0.0/30,success,Tier 1 (Undefined),2026-01-18 16:35:49,20.0,,,
ux_writing_004,Accessibility Labels - ARIA for Screen Readers,"{'asset_id': 'ux_writing_004', 'tier': 'Tier 1 (Undefined)'}",28.0/60,11.1,0/0,0.0/10,6.0,100,llama3:latest,38.0,mistral-medium-latest,90.0,90.0,1783,-52.0,10.0/30,success,Tier 1 (Undefined),2026-01-18 16:36:00,38.0,,,
ux_writing_005,Microcopy Audit - Health App Context,"{'asset_id': 'ux_writing_005', 'tier': 'Tier 1 (Undefined)'}",30.0/60,12.2,0/0,0.0/10,19.4,100,llama3:latest,50.0,mistral-medium-latest,90.0,90.0,1697,-40.0,20.0/30,success,Tier 1 (Undefined),2026-01-18 16:36:13,50.0,,,
documentation_quality_001,README Quality Assessment (Tiered),"{'asset_id': 'documentation_quality_001', 'tier': 'Tier 1 (Undefined)'}",12.0/100,18.9,,,1.4,130,llama3:latest,24.6,mistral-medium-latest,69.8,90.75,3421,-58.8,20/30,success,Tier 1 (Undefined),2026-01-18 16:36:31,32.0,,,
documentation_quality_002,REST API Endpoint Documentation,"{'asset_id': 'documentation_quality_002', 'tier': 'Tier 1 (Undefined)'}",25.0/100,16.1,,,2.0,130,llama3:latest,30.8,mistral-medium-latest,0.0,0.0,2834,0,15/30,success,Tier 1 (Undefined),2026-01-18 16:36:48,40.0,,,
documentation_quality_003,Component Library Props Documentation,"{'asset_id': 'documentation_quality_003', 'tier': 'Tier 1 (Undefined)'}",25.0/100,18.6,,,3.4,130,llama3:latest,42.3,mistral-medium-latest,53.8,70.0,3131,-15.0,30/30,success,Tier 1 (Undefined),2026-01-18 16:37:06,55.0,,,
documentation_quality_004,Setup Guide - Local Dev Environment (Docker + Vite),"{'asset_id': 'documentation_quality_004', 'tier': 'Tier 1 (Undefined)'}",28.5/100,20.0,,,5.3,130,llama3:latest,37.3,mistral-medium-latest,76.7,99.75,2878,-51.2,20/30,success,Tier 1 (Undefined),2026-01-18 16:37:26,48.5,,,
documentation_quality_005,Changelog - Git Commits to User-Facing Release Notes,"{'asset_id': 'documentation_quality_005', 'tier': 'Tier 1 (Undefined)'}",30.5/100,30.0,,,6.6,130,llama3:latest,46.5,mistral-medium-latest,59.2,77.0,5005,-16.5,30/30,success,Tier 1 (Undefined),2026-01-18 16:37:56,60.5,,,
content_transformation_001,Landing Page Copy Transformation,"{'asset_id': 'content_transformation_001', 'tier': 'Tier 1 (Undefined)'}",12.2/40,11.0,,,5.0,100,llama3:latest,32.2,mistral-medium-latest,80.2,80.2,1894,-48.0,20.0/60,success,Tier 1 (Undefined),2026-01-18 16:38:07,32.2,,,
content_transformation_002,Twitter Thread Transformation,"{'asset_id': 'content_transformation_002', 'tier': 'Tier 1 (Undefined)'}",17.8/40,17.5,,,5.0,100,llama3:latest,77.8,mistral-medium-latest,82.8,82.8,2504,-5.0,60.0/60,success,Tier 1 (Undefined),2026-01-18 16:38:25,77.8,,,
content_transformation_003,Glossar-Eintrag Simplification,"{'asset_id': 'content_transformation_003', 'tier': 'Tier 1 (Undefined)'}",7.4/40,11.2,,,2.7,100,llama3:latest,47.4,mistral-medium-latest,79.2,79.2,1392,-31.8,40.0/60,success,Tier 1 (Undefined),2026-01-18 16:38:36,47.4,,,
content_transformation_004,Video-Script Transformation,"{'asset_id': 'content_transformation_004', 'tier': 'Tier 1 (Undefined)'}",9.8/40,16.0,,,3.4,100,llama3:latest,69.8,mistral-medium-latest,92.0,92.0,2144,-22.2,60.0/60,success,Tier 1 (Undefined),2026-01-18 16:38:52,69.8,,,
content_transformation_005,Email-Newsletter Adaptation,"{'asset_id': 'content_transformation_005', 'tier': 'Tier 1 (Undefined)'}",4.4/40,11.6,,,6.8,100,llama3:latest,64.4,mistral-medium-latest,82.2,82.2,1483,-17.8,60.0/60,success,Tier 1 (Undefined),2026-01-18 16:39:04,64.4,,,
content_transformation_006,Sarcasm Shield (Incident Report),"{'asset_id': 'content_transformation_006', 'tier': 'Tier 1 (Undefined)'}",62.5/70,7.0,,,3.1,100,llama3:latest,92.5,mistral-medium-latest,82.5,82.5,1500,10.0,30.0/30,success,Tier 1 (Undefined),2026-01-18 16:39:11,92.5,,,
reasoning_001_river,Reasoning 001: River Crossing Puzzle,"{'asset_id': 'reasoning_001_river', 'tier': 'Tier 1 (Operational Logic)'}",60.0/100.0,13.6,,,1.7,100.0,llama3:latest,78.0,mistral-medium-latest,78.0,78.0,2165,0.0,18.0/100.0,success,Tier 1 (Operational Logic),2026-01-18 16:39:25,78.0,0.0/100.0,,
reasoning_5a_001,Reasoning 5A: Code Logic Debugging (Infinite Loop),"{'asset_id': 'reasoning_5a_001', 'tier': 'Tier 2 (Deep Reasoning)'}",33.333333333333336/100.0,10.8,,,23.8,100.0,llama3:latest,48.3,mistral-medium-latest,41.7,41.666666666666664,1940,6.7,10.0/100.0,success,Tier 2 (Deep Reasoning),2026-01-18 16:39:35,48.333333333333336,5.0/100.0,,
reasoning_5b_001,Complex Reasoning Chains: Cross-Domain Root Cause,"{'asset_id': 'reasoning_5b_001', 'tier': 'Tier 2 (Deep Reasoning)'}",26.666666666666664/100.0,12.9,,,3.6,100.0,llama3:latest,61.7,mistral-medium-latest,61.7,61.666666666666664,2459,0.0,30.0/100.0,success,Tier 2 (Deep Reasoning),2026-01-18 16:39:48,61.666666666666664,5.0/100.0,,
reasoning_5c_001,Reasoning 5C: The Scheduling Paradox (Impossible Constraint),"{'asset_id': 'reasoning_5c_001', 'tier': 'Tier 2 (Deep Reasoning)'}",40.0/100.0,7.8,,,6.3,100.0,llama3:latest,100.0,mistral-medium-latest,15.0,15.0,1307,85.0,50.0/100.0,success,Tier 2 (Deep Reasoning),2026-01-18 16:39:56,100.0,10.0/100.0,,
reasoning_5d_001,Reasoning 5D: The Hidden Deadlock (Tier 2),"{'asset_id': 'reasoning_5d_001', 'tier': 'Tier 2 (Deep Reasoning)'}",0.0/100.0,9.5,,,6.6,100.0,llama3:latest,0.0,mistral-medium-latest,100.0,100.0,1765,-100.0,0.0/100.0,success,Tier 2 (Deep Reasoning),2026-01-18 16:40:06,0.0,0.0/100.0,,
code_quality_001,WCAG 2.2 Audit (Tiered Difficulty),"{'asset_id': 'code_quality_001', 'tier': 'Tier 1 (Undefined)'}",25.0/60,348.5,0/0,0.0/10,2.9,100,qwen2.5:14b-instruct,25.0,mistral-medium-latest,89.0,89.0,18099,-64.0,0.0/30,success,Tier 1 (Undefined),2026-01-18 18:10:52,25.0,,,
code_quality_002,Security Audit (Tiered Difficulty),"{'asset_id': 'code_quality_002', 'tier': 'Tier 1 (Undefined)'}",13.0/60,58.5,0/0,0.0/10,12.1,100,qwen2.5:14b-instruct,33.0,mistral-medium-latest,82.0,82.0,4779,-49.0,20.0/30,success,Tier 1 (Undefined),2026-01-18 18:11:51,33.0,,,
code_quality_003,Web Performance Audit (Tiered Difficulty),"{'asset_id': 'code_quality_003', 'tier': 'Tier 1 (Undefined)'}",25.0/60,46.0,0/0,0.0/10,8.1,100,qwen2.5:14b-instruct,55.0,mistral-medium-latest,80.0,80.0,3868,-25.0,30.0/30,success,Tier 1 (Undefined),2026-01-18 18:12:37,55.0,,,
code_quality_004,REST API Design Audit (Tiered Difficulty),"{'asset_id': 'code_quality_004', 'tier': 'Tier 1 (Undefined)'}",30.0/60,67.1,0/0,0.0/10,9.4,100,qwen2.5:14b-instruct,50.0,mistral-medium-latest,75.0,75.0,5926,-25.0,20.0/30,success,Tier 1 (Undefined),2026-01-18 18:13:44,50.0,,,
code_quality_005,Code Smells Audit (Tiered Difficulty),"{'asset_id': 'code_quality_005', 'tier': 'Tier 1 (Undefined)'}",20.0/60,52.6,0/0,0.0/10,8.7,100,qwen2.5:14b-instruct,40.0,mistral-medium-latest,75.0,75.0,4554,-35.0,20.0/30,success,Tier 1 (Undefined),2026-01-18 18:14:37,40.0,,,
ux_writing_001,Error Messages - User-Friendly Rewriting,"{'asset_id': 'ux_writing_001', 'tier': 'Tier 1 (Undefined)'}",45.0/60,33.7,0/0,10.0/10,16.5,100,qwen2.5:14b-instruct,75.0,mistral-medium-latest,75.0,75.0,2765,0.0,20.0/30,success,Tier 1 (Undefined),2026-01-18 18:15:11,75.0,,,
ux_writing_002,Button Labels - Context-Aware CTAs,"{'asset_id': 'ux_writing_002', 'tier': 'Tier 1 (Undefined)'}",45.0/60,36.4,0/0,10.0/10,31.4,100,qwen2.5:14b-instruct,75.0,mistral-medium-latest,82.0,82.0,3060,-7.0,20.0/30,success,Tier 1 (Undefined),2026-01-18 18:15:47,75.0,,,
ux_writing_003,Onboarding Flow - 3-Step Tutorial,"{'asset_id': 'ux_writing_003', 'tier': 'Tier 1 (Undefined)'}",60.0/60,31.6,0/0,10.0/10,14.6,100,qwen2.5:14b-instruct,90.0,mistral-medium-latest,90.0,90.0,6061,0.0,20.0/30,success,Tier 1 (Undefined),2026-01-18 18:16:19,90.0,,,
ux_writing_004,Accessibility Labels - ARIA for Screen Readers,"{'asset_id': 'ux_writing_004', 'tier': 'Tier 1 (Undefined)'}",60.0/60,33.7,0/0,10.0/10,25.6,100,qwen2.5:14b-instruct,90.0,mistral-medium-latest,75.0,75.0,3827,15.0,20.0/30,success,Tier 1 (Undefined),2026-01-18 18:16:53,90.0,,,
ux_writing_005,Microcopy Audit - Health App Context,"{'asset_id': 'ux_writing_005', 'tier': 'Tier 1 (Undefined)'}",45.0/60,32.6,0/0,10.0/10,18.8,100,qwen2.5:14b-instruct,75.0,mistral-medium-latest,83.0,83.0,2270,-8.0,20.0/30,success,Tier 1 (Undefined),2026-01-18 18:17:25,75.0,,,
documentation_quality_001,README Quality Assessment (Tiered),"{'asset_id': 'documentation_quality_001', 'tier': 'Tier 1 (Undefined)'}",31.25/100,61.6,,,4.9,130,qwen2.5:14b-instruct,47.1,mistral-medium-latest,69.8,90.75,4766,-29.5,30/30,success,Tier 1 (Undefined),2026-01-18 18:18:27,61.25,,,
documentation_quality_002,REST API Endpoint Documentation,"{'asset_id': 'documentation_quality_002', 'tier': 'Tier 1 (Undefined)'}",43.0/100,62.8,,,8.6,130,qwen2.5:14b-instruct,56.2,mistral-medium-latest,85.8,111.5,4855,-38.5,30/30,success,Tier 1 (Undefined),2026-01-18 18:19:30,73.0,,,
documentation_quality_003,Component Library Props Documentation,"{'asset_id': 'documentation_quality_003', 'tier': 'Tier 1 (Undefined)'}",31.5/100,59.2,,,7.0,130,qwen2.5:14b-instruct,39.6,mistral-medium-latest,67.7,88.0,6241,-36.5,20/30,success,Tier 1 (Undefined),2026-01-18 18:20:29,51.5,,,
documentation_quality_004,Setup Guide - Local Dev Environment (Docker + Vite),"{'asset_id': 'documentation_quality_004', 'tier': 'Tier 1 (Undefined)'}",34.5/100,66.9,,,7.2,130,qwen2.5:14b-instruct,41.9,mistral-medium-latest,79.8,103.75,4819,-49.2,20/30,success,Tier 1 (Undefined),2026-01-18 18:21:36,54.5,,,
documentation_quality_005,Changelog - Git Commits to User-Facing Release Notes,"{'asset_id': 'documentation_quality_005', 'tier': 'Tier 1 (Undefined)'}",24.0/100,42.6,,,6.5,130,qwen2.5:14b-instruct,33.8,mistral-medium-latest,52.3,68.0,3333,-24.0,20/30,success,Tier 1 (Undefined),2026-01-18 18:22:19,44.0,,,
content_transformation_001,Landing Page Copy Transformation,"{'asset_id': 'content_transformation_001', 'tier': 'Tier 1 (Undefined)'}",11.8/40,29.9,,,5.8,100,qwen2.5:14b-instruct,71.8,mistral-medium-latest,82.6,82.6,2280,-10.8,60.0/60,success,Tier 1 (Undefined),2026-01-18 18:22:49,71.8,,,
content_transformation_002,Twitter Thread Transformation,"{'asset_id': 'content_transformation_002', 'tier': 'Tier 1 (Undefined)'}",20.2/40,57.8,,,9.0,100,qwen2.5:14b-instruct,80.2,mistral-medium-latest,83.2,83.2,4090,-3.0,60.0/60,success,Tier 1 (Undefined),2026-01-18 18:23:46,80.2,,,
content_transformation_003,Glossar-Eintrag Simplification,"{'asset_id': 'content_transformation_003', 'tier': 'Tier 1 (Undefined)'}",12.2/40,21.4,,,4.4,100,qwen2.5:14b-instruct,72.2,mistral-medium-latest,79.2,79.2,1480,-7.0,60.0/60,success,Tier 1 (Undefined),2026-01-18 18:24:08,72.2,,,
content_transformation_004,Video-Script Transformation,"{'asset_id': 'content_transformation_004', 'tier': 'Tier 1 (Undefined)'}",22.2/40,57.3,,,4.3,100,qwen2.5:14b-instruct,82.2,mistral-medium-latest,92.0,92.0,3921,-9.8,60.0/60,success,Tier 1 (Undefined),2026-01-18 18:25:05,82.2,,,
content_transformation_005,Email-Newsletter Adaptation,"{'asset_id': 'content_transformation_005', 'tier': 'Tier 1 (Undefined)'}",21.8/40,35.1,,,4.9,100,qwen2.5:14b-instruct,81.8,mistral-medium-latest,84.2,84.2,2416,-2.4,60.0/60,success,Tier 1 (Undefined),2026-01-18 18:25:40,81.8,,,
content_transformation_006,Sarcasm Shield (Incident Report),"{'asset_id': 'content_transformation_006', 'tier': 'Tier 1 (Undefined)'}",52.5/70,10.9,,,3.3,100,qwen2.5:14b-instruct,82.5,mistral-medium-latest,75.0,75.0,1245,7.5,30.0/30,success,Tier 1 (Undefined),2026-01-18 18:25:51,82.5,,,
reasoning_001_river,Reasoning 001: River Crossing Puzzle,"{'asset_id': 'reasoning_001_river', 'tier': 'Tier 1 (Operational Logic)'}",60.0/100.0,20.1,,,2.6,100.0,qwen2.5:14b-instruct,78.0,mistral-medium-latest,78.0,78.0,1734,0.0,18.0/100.0,success,Tier 1 (Operational Logic),2026-01-18 18:26:11,78.0,0.0/100.0,,
reasoning_5a_001,Reasoning 5A: Code Logic Debugging (Infinite Loop),"{'asset_id': 'reasoning_5a_001', 'tier': 'Tier 2 (Deep Reasoning)'}",40.0/100.0,24.2,,,23.8,100.0,qwen2.5:14b-instruct,55.0,mistral-medium-latest,41.7,41.666666666666664,2548,13.3,10.0/100.0,success,Tier 2 (Deep Reasoning),2026-01-18 18:26:36,55.0,5.0/100.0,,
reasoning_5b_001,Complex Reasoning Chains: Cross-Domain Root Cause,"{'asset_id': 'reasoning_5b_001', 'tier': 'Tier 2 (Deep Reasoning)'}",26.666666666666664/100.0,44.7,,,5.4,100.0,qwen2.5:14b-instruct,61.7,mistral-medium-latest,61.7,61.666666666666664,3651,0.0,30.0/100.0,success,Tier 2 (Deep Reasoning),2026-01-18 18:27:20,61.666666666666664,5.0/100.0,,
reasoning_5c_001,Reasoning 5C: The Scheduling Paradox (Impossible Constraint),"{'asset_id': 'reasoning_5c_001', 'tier': 'Tier 2 (Deep Reasoning)'}",40.0/100.0,20.0,,,5.1,100.0,qwen2.5:14b-instruct,100.0,mistral-medium-latest,100.0,100.0,2115,0.0,50.0/100.0,success,Tier 2 (Deep Reasoning),2026-01-18 18:27:40,100.0,10.0/100.0,,
reasoning_5d_001,Reasoning 5D: The Hidden Deadlock (Tier 2),"{'asset_id': 'reasoning_5d_001', 'tier': 'Tier 2 (Deep Reasoning)'}",40.0/100.0,12.6,,,10.9,100.0,qwen2.5:14b-instruct,100.0,mistral-medium-latest,100.0,100.0,1391,0.0,50.0/100.0,success,Tier 2 (Deep Reasoning),2026-01-18 18:27:53,100.0,10.0/100.0,,
code_quality_001,WCAG 2.2 Audit (Tiered Difficulty),"{'asset_id': 'code_quality_001', 'tier': 'Tier 1 (Undefined)'}",51.0/60,76.2,0/0,10.0/10,15.4,100,ministral-3:8b,81.0,mistral-medium-latest,89.0,89.0,8699,-8.0,20.0/30,success,Tier 1 (Undefined),2026-01-18 18:30:08,81.0,,,
code_quality_002,Security Audit (Tiered Difficulty),"{'asset_id': 'code_quality_002', 'tier': 'Tier 1 (Undefined)'}",42.0/60,62.4,0/0,10.0/10,7.5,100,ministral-3:8b,72.0,mistral-medium-latest,82.0,82.0,7934,-10.0,20.0/30,success,Tier 1 (Undefined),2026-01-18 18:31:11,72.0,,,
code_quality_003,Web Performance Audit (Tiered Difficulty),"{'asset_id': 'code_quality_003', 'tier': 'Tier 1 (Undefined)'}",40.0/60,50.6,0/0,10.0/10,16.1,100,ministral-3:8b,70.0,mistral-medium-latest,80.0,80.0,6364,-10.0,20.0/30,success,Tier 1 (Undefined),2026-01-18 18:32:01,70.0,,,
code_quality_004,REST API Design Audit (Tiered Difficulty),"{'asset_id': 'code_quality_004', 'tier': 'Tier 1 (Undefined)'}",40.0/60,56.0,0/0,10.0/10,8.8,100,ministral-3:8b,70.0,mistral-medium-latest,75.0,75.0,7548,-5.0,20.0/30,success,Tier 1 (Undefined),2026-01-18 18:32:57,70.0,,,
code_quality_005,Code Smells Audit (Tiered Difficulty),"{'asset_id': 'code_quality_005', 'tier': 'Tier 1 (Undefined)'}",50.0/60,62.2,0/0,10.0/10,3.6,100,ministral-3:8b,90.0,mistral-medium-latest,75.0,75.0,9071,15.0,30.0/30,success,Tier 1 (Undefined),2026-01-18 18:34:00,90.0,,,
ux_writing_001,Error Messages - User-Friendly Rewriting,"{'asset_id': 'ux_writing_001', 'tier': 'Tier 1 (Undefined)'}",53.0/60,41.3,0/0,10.0/10,16.1,100,ministral-3:8b,83.0,mistral-medium-latest,75.0,75.0,6489,8.0,20.0/30,success,Tier 1 (Undefined),2026-01-18 18:34:41,83.0,,,
ux_writing_002,Button Labels - Context-Aware CTAs,"{'asset_id': 'ux_writing_002', 'tier': 'Tier 1 (Undefined)'}",45.0/60,19.2,0/0,10.0/10,30.4,100,ministral-3:8b,75.0,mistral-medium-latest,82.0,82.0,3746,-7.0,20.0/30,success,Tier 1 (Undefined),2026-01-18 18:35:01,75.0,,,
ux_writing_003,Onboarding Flow - 3-Step Tutorial,"{'asset_id': 'ux_writing_003', 'tier': 'Tier 1 (Undefined)'}",35.0/60,27.5,0/0,10.0/10,8.6,100,ministral-3:8b,65.0,mistral-medium-latest,90.0,90.0,4382,-25.0,20.0/30,success,Tier 1 (Undefined),2026-01-18 18:35:28,65.0,,,
ux_writing_004,Accessibility Labels - ARIA for Screen Readers,"{'asset_id': 'ux_writing_004', 'tier': 'Tier 1 (Undefined)'}",50.0/60,30.4,0/0,10.0/10,36.2,100,ministral-3:8b,80.0,mistral-medium-latest,75.0,75.0,5222,5.0,20.0/30,success,Tier 1 (Undefined),2026-01-18 18:35:58,80.0,,,
ux_writing_005,Microcopy Audit - Health App Context,"{'asset_id': 'ux_writing_005', 'tier': 'Tier 1 (Undefined)'}",53.0/60,36.0,0/0,10.0/10,26.4,100,ministral-3:8b,83.0,mistral-medium-latest,83.0,83.0,6036,0.0,20.0/30,success,Tier 1 (Undefined),2026-01-18 18:36:34,83.0,,,
code_quality_001,WCAG 2.2 Audit (Tiered Difficulty),"{'asset_id': 'code_quality_001', 'tier': 'Tier 1 (Undefined)'}",51.0/60,72.4,0/0,10.0/10,15.4,100,ministral-3:8b,81.0,mistral-medium-latest,89.0,89.0,8699,-8.0,20.0/30,success,Tier 1 (Undefined),2026-01-18 18:50:19,81.0,,,
code_quality_002,Security Audit (Tiered Difficulty),"{'asset_id': 'code_quality_002', 'tier': 'Tier 1 (Undefined)'}",42.0/60,62.6,0/0,10.0/10,7.5,100,ministral-3:8b,72.0,mistral-medium-latest,82.0,82.0,7934,-10.0,20.0/30,success,Tier 1 (Undefined),2026-01-18 18:51:22,72.0,,,
code_quality_003,Web Performance Audit (Tiered Difficulty),"{'asset_id': 'code_quality_003', 'tier': 'Tier 1 (Undefined)'}",40.0/60,50.6,0/0,10.0/10,16.1,100,ministral-3:8b,70.0,mistral-medium-latest,80.0,80.0,6364,-10.0,20.0/30,success,Tier 1 (Undefined),2026-01-18 18:52:12,70.0,,,
code_quality_004,REST API Design Audit (Tiered Difficulty),"{'asset_id': 'code_quality_004', 'tier': 'Tier 1 (Undefined)'}",40.0/60,56.1,0/0,10.0/10,8.8,100,ministral-3:8b,70.0,mistral-medium-latest,75.0,75.0,7548,-5.0,20.0/30,success,Tier 1 (Undefined),2026-01-18 18:53:08,70.0,,,
code_quality_005,Code Smells Audit (Tiered Difficulty),"{'asset_id': 'code_quality_005', 'tier': 'Tier 1 (Undefined)'}",50.0/60,63.0,0/0,10.0/10,3.6,100,ministral-3:8b,90.0,mistral-medium-latest,75.0,75.0,9071,15.0,30.0/30,success,Tier 1 (Undefined),2026-01-18 18:54:11,90.0,,,
ux_writing_001,Error Messages - User-Friendly Rewriting,"{'asset_id': 'ux_writing_001', 'tier': 'Tier 1 (Undefined)'}",53.0/60,41.8,0/0,10.0/10,16.1,100,ministral-3:8b,83.0,mistral-medium-latest,75.0,75.0,6489,8.0,20.0/30,success,Tier 1 (Undefined),2026-01-18 18:54:54,83.0,,,
ux_writing_002,Button Labels - Context-Aware CTAs,"{'asset_id': 'ux_writing_002', 'tier': 'Tier 1 (Undefined)'}",45.0/60,19.2,0/0,10.0/10,30.4,100,ministral-3:8b,75.0,mistral-medium-latest,82.0,82.0,3746,-7.0,20.0/30,success,Tier 1 (Undefined),2026-01-18 18:55:13,75.0,,,
ux_writing_003,Onboarding Flow - 3-Step Tutorial,"{'asset_id': 'ux_writing_003', 'tier': 'Tier 1 (Undefined)'}",35.0/60,27.7,0/0,10.0/10,8.6,100,ministral-3:8b,65.0,mistral-medium-latest,90.0,90.0,4382,-25.0,20.0/30,success,Tier 1 (Undefined),2026-01-18 18:55:41,65.0,,,
ux_writing_004,Accessibility Labels - ARIA for Screen Readers,"{'asset_id': 'ux_writing_004', 'tier': 'Tier 1 (Undefined)'}",50.0/60,30.7,0/0,10.0/10,36.2,100,ministral-3:8b,80.0,mistral-medium-latest,75.0,75.0,5222,5.0,20.0/30,success,Tier 1 (Undefined),2026-01-18 18:56:11,80.0,,,
ux_writing_005,Microcopy Audit - Health App Context,"{'asset_id': 'ux_writing_005', 'tier': 'Tier 1 (Undefined)'}",53.0/60,36.4,0/0,10.0/10,26.4,100,ministral-3:8b,83.0,mistral-medium-latest,83.0,83.0,6036,0.0,20.0/30,success,Tier 1 (Undefined),2026-01-18 18:56:48,83.0,,,
documentation_quality_001,README Quality Assessment (Tiered),"{'asset_id': 'documentation_quality_001', 'tier': 'Tier 1 (Undefined)'}",54.5/100,80.8,,,1.6,130,ministral-3:8b,65.0,mistral-medium-latest,69.8,90.75,35479,-6.2,30/30,success,Tier 1 (Undefined),2026-01-18 18:58:08,84.5,,,
documentation_quality_002,REST API Endpoint Documentation,"{'asset_id': 'documentation_quality_002', 'tier': 'Tier 1 (Undefined)'}",75.5/100,96.4,,,3.8,130,ministral-3:8b,81.2,mistral-medium-latest,85.8,111.5,13138,-6.0,30/30,success,Tier 1 (Undefined),2026-01-18 18:59:45,105.5,,,
documentation_quality_003,Component Library Props Documentation,"{'asset_id': 'documentation_quality_003', 'tier': 'Tier 1 (Undefined)'}",43.5/100,81.5,,,5.6,130,ministral-3:8b,48.8,mistral-medium-latest,67.7,88.0,12751,-24.5,20/30,success,Tier 1 (Undefined),2026-01-18 19:01:07,63.5,,,
documentation_quality_004,Setup Guide - Local Dev Environment (Docker + Vite),"{'asset_id': 'documentation_quality_004', 'tier': 'Tier 1 (Undefined)'}",62.75/100,81.6,,,8.0,130,ministral-3:8b,63.7,mistral-medium-latest,79.8,103.75,10397,-21.0,20/30,success,Tier 1 (Undefined),2026-01-18 19:02:28,82.75,,,
documentation_quality_005,Changelog - Git Commits to User-Facing Release Notes,"{'asset_id': 'documentation_quality_005', 'tier': 'Tier 1 (Undefined)'}",21.0/100,56.6,,,5.8,130,ministral-3:8b,31.5,mistral-medium-latest,52.3,68.0,7220,-27.0,20/30,success,Tier 1 (Undefined),2026-01-18 19:03:25,41.0,,,
content_transformation_001,Landing Page Copy Transformation,"{'asset_id': 'content_transformation_001', 'tier': 'Tier 1 (Undefined)'}",22.6/40,46.3,,,11.3,100,ministral-3:8b,82.6,mistral-medium-latest,82.6,82.6,6128,0.0,60.0/60,success,Tier 1 (Undefined),2026-01-18 19:04:11,82.6,,,
content_transformation_002,Twitter Thread Transformation,"{'asset_id': 'content_transformation_002', 'tier': 'Tier 1 (Undefined)'}",25.2/40,37.2,,,6.1,100,ministral-3:8b,85.2,mistral-medium-latest,83.2,83.2,4533,2.0,60.0/60,success,Tier 1 (Undefined),2026-01-18 19:04:49,85.2,,,
content_transformation_003,Glossar-Eintrag Simplification,"{'asset_id': 'content_transformation_003', 'tier': 'Tier 1 (Undefined)'}",17.2/40,23.4,,,6.8,100,ministral-3:8b,77.2,mistral-medium-latest,79.2,79.2,2968,-2.0,60.0/60,success,Tier 1 (Undefined),2026-01-18 19:05:12,77.2,,,
content_transformation_004,Video-Script Transformation,"{'asset_id': 'content_transformation_004', 'tier': 'Tier 1 (Undefined)'}",27.2/40,67.4,,,8.9,100,ministral-3:8b,87.2,mistral-medium-latest,92.0,92.0,7416,-4.8,60.0/60,success,Tier 1 (Undefined),2026-01-18 19:06:20,87.2,,,
content_transformation_005,Email-Newsletter Adaptation,"{'asset_id': 'content_transformation_005', 'tier': 'Tier 1 (Undefined)'}",28.8/40,36.5,,,11.5,100,ministral-3:8b,88.8,mistral-medium-latest,84.2,84.2,4858,4.6,60.0/60,success,Tier 1 (Undefined),2026-01-18 19:06:56,88.8,,,
content_transformation_006,Sarcasm Shield (Incident Report),"{'asset_id': 'content_transformation_006', 'tier': 'Tier 1 (Undefined)'}",62.5/70,17.0,,,4.7,100,ministral-3:8b,92.5,mistral-medium-latest,75.0,75.0,3315,17.5,30.0/30,success,Tier 1 (Undefined),2026-01-18 19:07:13,92.5,,,
reasoning_001_river,Reasoning 001: River Crossing Puzzle,"{'asset_id': 'reasoning_001_river', 'tier': 'Tier 1 (Operational Logic)'}",60.0/100.0,138.8,,,3.0,100.0,ministral-3:8b,88.0,mistral-medium-latest,78.0,78.0,21382,10.0,18.0/100.0,success,Tier 1 (Operational Logic),2026-01-18 19:09:32,88.0,10.0/100.0,,
reasoning_5a_001,Reasoning 5A: Code Logic Debugging (Infinite Loop),"{'asset_id': 'reasoning_5a_001', 'tier': 'Tier 2 (Deep Reasoning)'}",33.333333333333336/100.0,13.5,,,25.1,100.0,ministral-3:8b,48.3,mistral-medium-latest,41.7,41.666666666666664,2176,6.7,10.0/100.0,success,Tier 2 (Deep Reasoning),2026-01-18 19:09:45,48.333333333333336,5.0/100.0,,
reasoning_5b_001,Complex Reasoning Chains: Cross-Domain Root Cause,"{'asset_id': 'reasoning_5b_001', 'tier': 'Tier 2 (Deep Reasoning)'}",26.666666666666664/100.0,33.7,,,6.4,100.0,ministral-3:8b,61.7,mistral-medium-latest,61.7,61.666666666666664,4993,0.0,30.0/100.0,success,Tier 2 (Deep Reasoning),2026-01-18 19:10:19,61.666666666666664,5.0/100.0,,
reasoning_5c_001,Reasoning 5C: The Scheduling Paradox (Impossible Constraint),"{'asset_id': 'reasoning_5c_001', 'tier': 'Tier 2 (Deep Reasoning)'}",40.0/100.0,13.5,,,4.4,100.0,ministral-3:8b,100.0,mistral-medium-latest,100.0,100.0,2035,0.0,50.0/100.0,success,Tier 2 (Deep Reasoning),2026-01-18 19:10:33,100.0,10.0/100.0,,
reasoning_5d_001,Reasoning 5D: The Hidden Deadlock (Tier 2),"{'asset_id': 'reasoning_5d_001', 'tier': 'Tier 2 (Deep Reasoning)'}",0.0/100.0,7.2,,,21.5,100.0,ministral-3:8b,0.0,mistral-medium-latest,100.0,100.0,1256,-100.0,0.0/100.0,success,Tier 2 (Deep Reasoning),2026-01-18 19:10:40,0.0,0.0/100.0,,
code_quality_001,WCAG 2.2 Audit (Tiered Difficulty),"{'asset_id': 'code_quality_001', 'tier': 'Tier 1 (Undefined)'}",51.0/60,140.4,0/0,10.0/10,11.4,100,ministral-3:14b,81.0,mistral-medium-latest,89.0,89.0,10492,-8.0,20.0/30,success,Tier 1 (Undefined),2026-01-18 19:13:53,81.0,,,
code_quality_002,Security Audit (Tiered Difficulty),"{'asset_id': 'code_quality_002', 'tier': 'Tier 1 (Undefined)'}",60.0/60,126.8,0/0,10.0/10,18.6,100,ministral-3:14b,100.0,mistral-medium-latest,82.0,82.0,10683,18.0,30.0/30,success,Tier 1 (Undefined),2026-01-18 19:16:00,100.0,,,
code_quality_003,Web Performance Audit (Tiered Difficulty),"{'asset_id': 'code_quality_003', 'tier': 'Tier 1 (Undefined)'}",30.0/60,105.4,0/0,10.0/10,12.3,100,ministral-3:14b,60.0,mistral-medium-latest,80.0,80.0,8750,-20.0,20.0/30,success,Tier 1 (Undefined),2026-01-18 19:17:45,60.0,,,
code_quality_004,REST API Design Audit (Tiered Difficulty),"{'asset_id': 'code_quality_004', 'tier': 'Tier 1 (Undefined)'}",40.0/60,92.3,0/0,10.0/10,12.8,100,ministral-3:14b,70.0,mistral-medium-latest,75.0,75.0,8416,-5.0,20.0/30,success,Tier 1 (Undefined),2026-01-18 19:19:18,70.0,,,
code_quality_005,Code Smells Audit (Tiered Difficulty),"{'asset_id': 'code_quality_005', 'tier': 'Tier 1 (Undefined)'}",55.0/60,106.6,0/0,10.0/10,6.1,100,ministral-3:14b,85.0,mistral-medium-latest,75.0,75.0,10903,10.0,20.0/30,success,Tier 1 (Undefined),2026-01-18 19:21:04,85.0,,,
ux_writing_001,Error Messages - User-Friendly Rewriting,"{'asset_id': 'ux_writing_001', 'tier': 'Tier 1 (Undefined)'}",60.0/60,51.7,0/0,10.0/10,22.7,100,ministral-3:14b,90.0,mistral-medium-latest,75.0,75.0,6760,15.0,20.0/30,success,Tier 1 (Undefined),2026-01-18 19:21:56,90.0,,,
ux_writing_002,Button Labels - Context-Aware CTAs,"{'asset_id': 'ux_writing_002', 'tier': 'Tier 1 (Undefined)'}",45.0/60,60.1,0/0,10.0/10,23.8,100,ministral-3:14b,75.0,mistral-medium-latest,82.0,82.0,7050,-7.0,20.0/30,success,Tier 1 (Undefined),2026-01-18 19:22:56,75.0,,,
ux_writing_003,Onboarding Flow - 3-Step Tutorial,"{'asset_id': 'ux_writing_003', 'tier': 'Tier 1 (Undefined)'}",53.0/60,47.8,0/0,10.0/10,23.1,100,ministral-3:14b,83.0,mistral-medium-latest,90.0,90.0,5960,-7.0,20.0/30,success,Tier 1 (Undefined),2026-01-18 19:23:44,83.0,,,
ux_writing_004,Accessibility Labels - ARIA for Screen Readers,"{'asset_id': 'ux_writing_004', 'tier': 'Tier 1 (Undefined)'}",50.0/60,54.0,0/0,10.0/10,17.6,100,ministral-3:14b,80.0,mistral-medium-latest,75.0,75.0,5467,5.0,20.0/30,success,Tier 1 (Undefined),2026-01-18 19:24:38,80.0,,,
ux_writing_005,Microcopy Audit - Health App Context,"{'asset_id': 'ux_writing_005', 'tier': 'Tier 1 (Undefined)'}",60.0/60,53.2,0/0,10.0/10,3.9,100,ministral-3:14b,90.0,mistral-medium-latest,83.0,83.0,5875,7.0,20.0/30,success,Tier 1 (Undefined),2026-01-18 19:25:31,90.0,,,
documentation_quality_001,README Quality Assessment (Tiered),"{'asset_id': 'documentation_quality_001', 'tier': 'Tier 1 (Undefined)'}",48.25/100,69.9,,,4.4,130,ministral-3:14b,60.2,mistral-medium-latest,69.8,90.75,9977,-12.5,30/30,success,Tier 1 (Undefined),2026-01-18 19:26:41,78.25,,,
documentation_quality_002,REST API Endpoint Documentation,"{'asset_id': 'documentation_quality_002', 'tier': 'Tier 1 (Undefined)'}",74.5/100,129.7,,,8.4,130,ministral-3:14b,80.4,mistral-medium-latest,85.8,111.5,10698,-7.0,30/30,success,Tier 1 (Undefined),2026-01-18 19:28:51,104.5,,,
documentation_quality_003,Component Library Props Documentation,"{'asset_id': 'documentation_quality_003', 'tier': 'Tier 1 (Undefined)'}",50.0/100,98.4,,,8.4,130,ministral-3:14b,53.8,mistral-medium-latest,67.7,88.0,10306,-18.0,20/30,success,Tier 1 (Undefined),2026-01-18 19:30:30,70.0,,,
documentation_quality_004,Setup Guide - Local Dev Environment (Docker + Vite),"{'asset_id': 'documentation_quality_004', 'tier': 'Tier 1 (Undefined)'}",68.75/100,145.1,,,6.8,130,ministral-3:14b,76.0,mistral-medium-latest,79.8,103.75,12937,-5.0,30/30,success,Tier 1 (Undefined),2026-01-18 19:32:55,98.75,,,
documentation_quality_005,Changelog - Git Commits to User-Facing Release Notes,"{'asset_id': 'documentation_quality_005', 'tier': 'Tier 1 (Undefined)'}",29.0/100,108.0,,,2.3,130,ministral-3:14b,45.4,mistral-medium-latest,52.3,68.0,9785,-9.0,30/30,success,Tier 1 (Undefined),2026-01-18 19:34:43,59.0,,,
content_transformation_001,Landing Page Copy Transformation,"{'asset_id': 'content_transformation_001', 'tier': 'Tier 1 (Undefined)'}",22.6/40,77.7,,,9.1,100,ministral-3:14b,82.6,mistral-medium-latest,82.6,82.6,7089,0.0,60.0/60,success,Tier 1 (Undefined),2026-01-18 19:36:01,82.6,,,
content_transformation_002,Twitter Thread Transformation,"{'asset_id': 'content_transformation_002', 'tier': 'Tier 1 (Undefined)'}",29.6/40,82.8,,,4.9,100,ministral-3:14b,89.6,mistral-medium-latest,83.2,83.2,7023,6.4,60.0/60,success,Tier 1 (Undefined),2026-01-18 19:37:23,89.6,,,
content_transformation_003,Glossar-Eintrag Simplification,"{'asset_id': 'content_transformation_003', 'tier': 'Tier 1 (Undefined)'}",23.6/40,45.2,,,9.8,100,ministral-3:14b,83.6,mistral-medium-latest,79.2,79.2,3836,4.4,60.0/60,success,Tier 1 (Undefined),2026-01-18 19:38:09,83.6,,,
content_transformation_004,Video-Script Transformation,"{'asset_id': 'content_transformation_004', 'tier': 'Tier 1 (Undefined)'}",33.6/40,88.2,,,5.9,100,ministral-3:14b,93.6,mistral-medium-latest,92.0,92.0,6587,1.6,60.0/60,success,Tier 1 (Undefined),2026-01-18 19:39:37,93.6,,,
content_transformation_005,Email-Newsletter Adaptation,"{'asset_id': 'content_transformation_005', 'tier': 'Tier 1 (Undefined)'}",23.8/40,54.8,,,8.0,100,ministral-3:14b,83.8,mistral-medium-latest,84.2,84.2,4522,-0.4,60.0/60,success,Tier 1 (Undefined),2026-01-18 19:40:32,83.8,,,
content_transformation_006,Sarcasm Shield (Incident Report),"{'asset_id': 'content_transformation_006', 'tier': 'Tier 1 (Undefined)'}",70.0/70,18.6,,,3.7,100,ministral-3:14b,100.0,mistral-medium-latest,75.0,75.0,2408,25.0,30.0/30,success,Tier 1 (Undefined),2026-01-18 19:40:50,100.0,,,
reasoning_001_river,Reasoning 001: River Crossing Puzzle,"{'asset_id': 'reasoning_001_river', 'tier': 'Tier 1 (Operational Logic)'}",60.0/100.0,73.4,,,2.3,100.0,ministral-3:14b,83.0,mistral-medium-latest,78.0,78.0,7169,5.0,18.0/100.0,success,Tier 1 (Operational Logic),2026-01-18 19:42:04,83.0,5.0/100.0,,
reasoning_5a_001,Reasoning 5A: Code Logic Debugging (Infinite Loop),"{'asset_id': 'reasoning_5a_001', 'tier': 'Tier 2 (Deep Reasoning)'}",33.333333333333336/100.0,23.8,,,26.9,100.0,ministral-3:14b,58.3,mistral-medium-latest,41.7,41.666666666666664,2645,16.7,20.0/100.0,success,Tier 2 (Deep Reasoning),2026-01-18 19:42:28,58.333333333333336,5.0/100.0,,
reasoning_5b_001,Complex Reasoning Chains: Cross-Domain Root Cause,"{'asset_id': 'reasoning_5b_001', 'tier': 'Tier 2 (Deep Reasoning)'}",26.666666666666664/100.0,65.3,,,9.5,100.0,ministral-3:14b,56.7,mistral-medium-latest,61.7,61.666666666666664,5937,-5.0,20.0/100.0,success,Tier 2 (Deep Reasoning),2026-01-18 19:43:33,56.666666666666664,10.0/100.0,,
reasoning_5c_001,Reasoning 5C: The Scheduling Paradox (Impossible Constraint),"{'asset_id': 'reasoning_5c_001', 'tier': 'Tier 2 (Deep Reasoning)'}",40.0/100.0,25.7,,,7.1,100.0,ministral-3:14b,100.0,mistral-medium-latest,100.0,100.0,2848,0.0,50.0/100.0,success,Tier 2 (Deep Reasoning),2026-01-18 19:43:59,100.0,10.0/100.0,,
reasoning_5d_001,Reasoning 5D: The Hidden Deadlock (Tier 2),"{'asset_id': 'reasoning_5d_001', 'tier': 'Tier 2 (Deep Reasoning)'}",0.0/100.0,35.0,,,3.7,100.0,ministral-3:14b,0.0,mistral-medium-latest,100.0,100.0,4207,-100.0,0.0/100.0,success,Tier 2 (Deep Reasoning),2026-01-18 19:44:34,0.0,0.0/100.0,,
code_quality_001,WCAG 2.2 Audit (Tiered Difficulty),"{'asset_id': 'code_quality_001', 'tier': 'Tier 1 (Undefined)'}",42.0/60,83.5,0/0,10.0/10,5.1,100,qwen3:8b,72.0,mistral-medium-latest,89.0,89.0,4661,-17.0,20.0/30,success,Tier 1 (Undefined),2026-01-18 19:46:53,72.0,,,
code_quality_002,Security Audit (Tiered Difficulty),"{'asset_id': 'code_quality_002', 'tier': 'Tier 1 (Undefined)'}",49.0/60,67.1,0/0,10.0/10,18.2,100,qwen3:8b,79.0,mistral-medium-latest,82.0,82.0,5907,-3.0,20.0/30,success,Tier 1 (Undefined),2026-01-18 19:48:00,79.0,,,
code_quality_003,Web Performance Audit (Tiered Difficulty),"{'asset_id': 'code_quality_003', 'tier': 'Tier 1 (Undefined)'}",35.0/60,61.7,0/0,10.0/10,15.6,100,qwen3:8b,55.0,mistral-medium-latest,80.0,80.0,4335,-25.0,10.0/30,success,Tier 1 (Undefined),2026-01-18 19:49:01,55.0,,,
code_quality_004,REST API Design Audit (Tiered Difficulty),"{'asset_id': 'code_quality_004', 'tier': 'Tier 1 (Undefined)'}",30.0/60,70.4,0/0,0.0/10,8.1,100,qwen3:8b,50.0,mistral-medium-latest,75.0,75.0,4101,-25.0,20.0/30,success,Tier 1 (Undefined),2026-01-18 19:50:12,50.0,,,
code_quality_005,Code Smells Audit (Tiered Difficulty),"{'asset_id': 'code_quality_005', 'tier': 'Tier 1 (Undefined)'}",35.0/60,51.5,0/0,0.0/10,3.5,100,qwen3:8b,55.0,mistral-medium-latest,75.0,75.0,4327,-20.0,20.0/30,success,Tier 1 (Undefined),2026-01-18 19:51:03,55.0,,,
ux_writing_001,Error Messages - User-Friendly Rewriting,"{'asset_id': 'ux_writing_001', 'tier': 'Tier 1 (Undefined)'}",46.0/60,34.0,0/0,10.0/10,13.8,100,qwen3:8b,76.0,mistral-medium-latest,75.0,75.0,2627,1.0,20.0/30,success,Tier 1 (Undefined),2026-01-18 19:51:38,76.0,,,
ux_writing_002,Button Labels - Context-Aware CTAs,"{'asset_id': 'ux_writing_002', 'tier': 'Tier 1 (Undefined)'}",38.0/60,28.9,0/0,10.0/10,14.6,100,qwen3:8b,68.0,mistral-medium-latest,82.0,82.0,1372,-14.0,20.0/30,success,Tier 1 (Undefined),2026-01-18 19:52:07,68.0,,,
ux_writing_003,Onboarding Flow - 3-Step Tutorial,"{'asset_id': 'ux_writing_003', 'tier': 'Tier 1 (Undefined)'}",43.0/60,45.8,0/0,10.0/10,28.1,100,qwen3:8b,73.0,mistral-medium-latest,90.0,90.0,2346,-17.0,20.0/30,success,Tier 1 (Undefined),2026-01-18 19:52:52,73.0,,,
ux_writing_004,Accessibility Labels - ARIA for Screen Readers,"{'asset_id': 'ux_writing_004', 'tier': 'Tier 1 (Undefined)'}",45.0/60,42.8,0/0,10.0/10,13.5,100,qwen3:8b,75.0,mistral-medium-latest,75.0,75.0,1899,0.0,20.0/30,success,Tier 1 (Undefined),2026-01-18 19:53:35,75.0,,,
ux_writing_005,Microcopy Audit - Health App Context,"{'asset_id': 'ux_writing_005', 'tier': 'Tier 1 (Undefined)'}",48.0/60,39.1,0/0,10.0/10,23.4,100,qwen3:8b,78.0,mistral-medium-latest,83.0,83.0,2591,-5.0,20.0/30,success,Tier 1 (Undefined),2026-01-18 19:54:14,78.0,,,
documentation_quality_001,README Quality Assessment (Tiered),"{'asset_id': 'documentation_quality_001', 'tier': 'Tier 1 (Undefined)'}",48.25/100,69.6,,,6.0,130,qwen3:8b,52.5,mistral-medium-latest,69.8,90.75,5220,-22.5,20/30,success,Tier 1 (Undefined),2026-01-18 19:55:24,68.25,,,
documentation_quality_002,REST API Endpoint Documentation,"{'asset_id': 'documentation_quality_002', 'tier': 'Tier 1 (Undefined)'}",62.5/100,70.8,,,9.4,130,qwen3:8b,71.2,mistral-medium-latest,85.8,111.5,6820,-19.0,30/30,success,Tier 1 (Undefined),2026-01-18 19:56:35,92.5,,,
documentation_quality_003,Component Library Props Documentation,"{'asset_id': 'documentation_quality_003', 'tier': 'Tier 1 (Undefined)'}",44.0/100,88.7,,,6.7,130,qwen3:8b,49.2,mistral-medium-latest,67.7,88.0,8125,-24.0,20/30,success,Tier 1 (Undefined),2026-01-18 19:58:04,64.0,,,
documentation_quality_004,Setup Guide - Local Dev Environment (Docker + Vite),"{'asset_id': 'documentation_quality_004', 'tier': 'Tier 1 (Undefined)'}",41.75/100,80.4,,,8.3,130,qwen3:8b,39.8,mistral-medium-latest,79.8,103.75,5429,-52.0,10/30,success,Tier 1 (Undefined),2026-01-18 19:59:24,51.75,,,
documentation_quality_005,Changelog - Git Commits to User-Facing Release Notes,"{'asset_id': 'documentation_quality_005', 'tier': 'Tier 1 (Undefined)'}",34.0/100,59.6,,,3.1,130,qwen3:8b,41.5,mistral-medium-latest,52.3,68.0,4102,-14.0,20/30,success,Tier 1 (Undefined),2026-01-18 20:00:24,54.0,,,
content_transformation_001,Landing Page Copy Transformation,"{'asset_id': 'content_transformation_001', 'tier': 'Tier 1 (Undefined)'}",15.8/40,31.7,,,13.4,100,qwen3:8b,75.8,mistral-medium-latest,82.6,82.6,2275,-6.8,60.0/60,success,Tier 1 (Undefined),2026-01-18 20:00:55,75.8,,,
content_transformation_002,Twitter Thread Transformation,"{'asset_id': 'content_transformation_002', 'tier': 'Tier 1 (Undefined)'}",31.2/40,37.5,,,13.4,100,qwen3:8b,91.2,mistral-medium-latest,83.2,83.2,2879,8.0,60.0/60,success,Tier 1 (Undefined),2026-01-18 20:01:33,91.2,,,
content_transformation_003,Glossar-Eintrag Simplification,"{'asset_id': 'content_transformation_003', 'tier': 'Tier 1 (Undefined)'}",12.2/40,18.3,,,3.9,100,qwen3:8b,52.2,mistral-medium-latest,79.2,79.2,993,-27.0,40.0/60,success,Tier 1 (Undefined),2026-01-18 20:01:51,52.2,,,
content_transformation_004,Video-Script Transformation,"{'asset_id': 'content_transformation_004', 'tier': 'Tier 1 (Undefined)'}",25.6/40,53.2,,,7.8,100,qwen3:8b,85.6,mistral-medium-latest,92.0,92.0,4488,-6.4,60.0/60,success,Tier 1 (Undefined),2026-01-18 20:02:45,85.6,,,
content_transformation_005,Email-Newsletter Adaptation,"{'asset_id': 'content_transformation_005', 'tier': 'Tier 1 (Undefined)'}",14.8/40,27.7,,,5.6,100,qwen3:8b,74.8,mistral-medium-latest,84.2,84.2,1926,-9.4,60.0/60,success,Tier 1 (Undefined),2026-01-18 20:03:12,74.8,,,
content_transformation_006,Sarcasm Shield (Incident Report),"{'asset_id': 'content_transformation_006', 'tier': 'Tier 1 (Undefined)'}",45.0/70,23.3,,,2.9,100,qwen3:8b,75.0,mistral-medium-latest,75.0,75.0,1506,0.0,30.0/30,success,Tier 1 (Undefined),2026-01-18 20:03:36,75.0,,,
reasoning_001_river,Reasoning 001: River Crossing Puzzle,"{'asset_id': 'reasoning_001_river', 'tier': 'Tier 1 (Operational Logic)'}",51.42857142857142/100.0,150.5,,,2.2,100.0,qwen3:8b,69.4,mistral-medium-latest,78.0,78.0,1807,-8.6,18.0/100.0,success,Tier 1 (Operational Logic),2026-01-18 20:06:06,69.42857142857142,0.0/100.0,,
reasoning_5a_001,Reasoning 5A: Code Logic Debugging (Infinite Loop),"{'asset_id': 'reasoning_5a_001', 'tier': 'Tier 2 (Deep Reasoning)'}",26.666666666666664/100.0,25.8,,,33.0,100.0,qwen3:8b,46.7,mistral-medium-latest,41.7,41.666666666666664,2007,5.0,10.0/100.0,success,Tier 2 (Deep Reasoning),2026-01-18 20:06:32,46.666666666666664,10.0/100.0,,
reasoning_5b_001,Complex Reasoning Chains: Cross-Domain Root Cause,"{'asset_id': 'reasoning_5b_001', 'tier': 'Tier 2 (Deep Reasoning)'}",26.666666666666664/100.0,32.1,,,5.1,100.0,qwen3:8b,51.7,mistral-medium-latest,61.7,61.666666666666664,2452,-10.0,20.0/100.0,success,Tier 2 (Deep Reasoning),2026-01-18 20:07:04,51.666666666666664,5.0/100.0,,
reasoning_5c_001,Reasoning 5C: The Scheduling Paradox (Impossible Constraint),"{'asset_id': 'reasoning_5c_001', 'tier': 'Tier 2 (Deep Reasoning)'}",40.0/100.0,87.2,,,6.1,100.0,qwen3:8b,100.0,mistral-medium-latest,100.0,100.0,1516,0.0,50.0/100.0,success,Tier 2 (Deep Reasoning),2026-01-18 20:08:31,100.0,10.0/100.0,,
reasoning_5d_001,Reasoning 5D: The Hidden Deadlock (Tier 2),"{'asset_id': 'reasoning_5d_001', 'tier': 'Tier 2 (Deep Reasoning)'}",40.0/100.0,16.2,,,13.4,100.0,qwen3:8b,100.0,mistral-medium-latest,100.0,100.0,269,0.0,50.0/100.0,success,Tier 2 (Deep Reasoning),2026-01-18 20:08:47,100.0,10.0/100.0,,
code_quality_001,WCAG 2.2 Audit (Tiered Difficulty),"{'asset_id': 'code_quality_001', 'tier': 'Tier 1 (Undefined)'}",44.0/60,46.0,0/0,0.0/10,8.2,100,cogito:14b,64.0,mistral-medium-latest,89.0,89.0,3044,-25.0,20.0/30,success,Tier 1 (Undefined),2026-01-18 21:21:56,64.0,,,
code_quality_002,Security Audit (Tiered Difficulty),"{'asset_id': 'code_quality_002', 'tier': 'Tier 1 (Undefined)'}",38.0/60,39.9,0/0,0.0/10,18.3,100,cogito:14b,58.0,mistral-medium-latest,82.0,82.0,3092,-24.0,20.0/30,success,Tier 1 (Undefined),2026-01-18 21:22:36,58.0,,,
code_quality_003,Web Performance Audit (Tiered Difficulty),"{'asset_id': 'code_quality_003', 'tier': 'Tier 1 (Undefined)'}",27.0/60,37.1,0/0,0.0/10,13.0,100,cogito:14b,57.0,mistral-medium-latest,80.0,80.0,3005,-23.0,30.0/30,success,Tier 1 (Undefined),2026-01-18 21:23:13,57.0,,,
code_quality_004,REST API Design Audit (Tiered Difficulty),"{'asset_id': 'code_quality_004', 'tier': 'Tier 1 (Undefined)'}",30.0/60,44.2,0/0,0.0/10,8.4,100,cogito:14b,50.0,mistral-medium-latest,75.0,75.0,3550,-25.0,20.0/30,success,Tier 1 (Undefined),2026-01-18 21:23:57,50.0,,,
code_quality_005,Code Smells Audit (Tiered Difficulty),"{'asset_id': 'code_quality_005', 'tier': 'Tier 1 (Undefined)'}",25.0/60,30.6,0/0,0.0/10,10.2,100,cogito:14b,35.0,mistral-medium-latest,75.0,75.0,2452,-40.0,10.0/30,success,Tier 1 (Undefined),2026-01-18 21:24:28,35.0,,,
ux_writing_001,Error Messages - User-Friendly Rewriting,"{'asset_id': 'ux_writing_001', 'tier': 'Tier 1 (Undefined)'}",46.0/60,34.6,0/0,10.0/10,7.0,100,cogito:14b,76.0,mistral-medium-latest,75.0,75.0,2606,1.0,20.0/30,success,Tier 1 (Undefined),2026-01-18 21:25:03,76.0,,,
ux_writing_002,Button Labels - Context-Aware CTAs,"{'asset_id': 'ux_writing_002', 'tier': 'Tier 1 (Undefined)'}",45.0/60,26.7,0/0,10.0/10,11.9,100,cogito:14b,75.0,mistral-medium-latest,82.0,82.0,1862,-7.0,20.0/30,success,Tier 1 (Undefined),2026-01-18 21:25:29,75.0,,,
ux_writing_003,Onboarding Flow - 3-Step Tutorial,"{'asset_id': 'ux_writing_003', 'tier': 'Tier 1 (Undefined)'}",50.0/60,32.5,0/0,10.0/10,30.0,100,cogito:14b,80.0,mistral-medium-latest,90.0,90.0,2552,-10.0,20.0/30,success,Tier 1 (Undefined),2026-01-18 21:26:02,80.0,,,
ux_writing_004,Accessibility Labels - ARIA for Screen Readers,"{'asset_id': 'ux_writing_004', 'tier': 'Tier 1 (Undefined)'}",60.0/60,25.1,0/0,10.0/10,13.9,100,cogito:14b,90.0,mistral-medium-latest,75.0,75.0,1832,15.0,20.0/30,success,Tier 1 (Undefined),2026-01-18 21:26:27,90.0,,,
ux_writing_005,Microcopy Audit - Health App Context,"{'asset_id': 'ux_writing_005', 'tier': 'Tier 1 (Undefined)'}",33.0/60,33.3,0/0,10.0/10,27.1,100,cogito:14b,63.0,mistral-medium-latest,83.0,83.0,2158,-20.0,20.0/30,success,Tier 1 (Undefined),2026-01-18 21:27:00,63.0,,,
documentation_quality_001,README Quality Assessment (Tiered),"{'asset_id': 'documentation_quality_001', 'tier': 'Tier 1 (Undefined)'}",24.25/100,34.9,,,3.8,130,cogito:14b,41.7,mistral-medium-latest,69.8,90.75,2648,-36.5,30/30,success,Tier 1 (Undefined),2026-01-18 21:27:35,54.25,,,
documentation_quality_002,REST API Endpoint Documentation,"{'asset_id': 'documentation_quality_002', 'tier': 'Tier 1 (Undefined)'}",49.5/100,44.6,,,7.1,130,cogito:14b,61.2,mistral-medium-latest,85.8,111.5,3386,-32.0,30/30,success,Tier 1 (Undefined),2026-01-18 21:28:20,79.5,,,
documentation_quality_003,Component Library Props Documentation,"{'asset_id': 'documentation_quality_003', 'tier': 'Tier 1 (Undefined)'}",30.5/100,46.4,,,14.6,130,cogito:14b,31.2,mistral-medium-latest,67.7,88.0,3520,-47.5,10/30,success,Tier 1 (Undefined),2026-01-18 21:29:06,40.5,,,
documentation_quality_004,Setup Guide - Local Dev Environment (Docker + Vite),"{'asset_id': 'documentation_quality_004', 'tier': 'Tier 1 (Undefined)'}",41.75/100,68.1,,,9.1,130,cogito:14b,39.8,mistral-medium-latest,79.8,103.75,4831,-52.0,10/30,success,Tier 1 (Undefined),2026-01-18 21:30:15,51.75,,,
documentation_quality_005,Changelog - Git Commits to User-Facing Release Notes,"{'asset_id': 'documentation_quality_005', 'tier': 'Tier 1 (Undefined)'}",24.0/100,42.8,,,6.9,130,cogito:14b,41.5,mistral-medium-latest,52.3,68.0,3079,-14.0,30/30,success,Tier 1 (Undefined),2026-01-18 21:30:57,54.0,,,
content_transformation_001,Landing Page Copy Transformation,"{'asset_id': 'content_transformation_001', 'tier': 'Tier 1 (Undefined)'}",6.8/40,20.2,,,5.2,100,cogito:14b,66.8,mistral-medium-latest,82.6,82.6,1441,-15.8,60.0/60,success,Tier 1 (Undefined),2026-01-18 21:31:18,66.8,,,
content_transformation_002,Twitter Thread Transformation,"{'asset_id': 'content_transformation_002', 'tier': 'Tier 1 (Undefined)'}",17.8/40,31.6,,,15.6,100,cogito:14b,77.8,mistral-medium-latest,83.2,83.2,1823,-5.4,60.0/60,success,Tier 1 (Undefined),2026-01-18 21:31:49,77.8,,,
content_transformation_003,Glossar-Eintrag Simplification,"{'asset_id': 'content_transformation_003', 'tier': 'Tier 1 (Undefined)'}",14.8/40,23.3,,,2.6,100,cogito:14b,74.8,mistral-medium-latest,79.2,79.2,1576,-4.4,60.0/60,success,Tier 1 (Undefined),2026-01-18 21:32:13,74.8,,,
content_transformation_004,Video-Script Transformation,"{'asset_id': 'content_transformation_004', 'tier': 'Tier 1 (Undefined)'}",20.2/40,51.5,,,7.7,100,cogito:14b,80.2,mistral-medium-latest,92.0,92.0,3183,-11.8,60.0/60,success,Tier 1 (Undefined),2026-01-18 21:33:04,80.2,,,
content_transformation_005,Email-Newsletter Adaptation,"{'asset_id': 'content_transformation_005', 'tier': 'Tier 1 (Undefined)'}",8.4/40,31.6,,,7.1,100,cogito:14b,68.4,mistral-medium-latest,84.2,84.2,2002,-15.8,60.0/60,success,Tier 1 (Undefined),2026-01-18 21:33:36,68.4,,,
content_transformation_006,Sarcasm Shield (Incident Report),"{'asset_id': 'content_transformation_006', 'tier': 'Tier 1 (Undefined)'}",45.0/70,10.8,,,0.5,100,cogito:14b,75.0,mistral-medium-latest,75.0,75.0,1243,0.0,30.0/30,success,Tier 1 (Undefined),2026-01-18 21:33:47,75.0,,,
reasoning_001_river,Reasoning 001: River Crossing Puzzle,"{'asset_id': 'reasoning_001_river', 'tier': 'Tier 1 (Operational Logic)'}",60.0/100.0,21.5,,,2.4,100.0,cogito:14b,77.0,mistral-medium-latest,78.0,78.0,1809,-1.0,12.0/100.0,success,Tier 1 (Operational Logic),2026-01-18 21:34:08,77.0,5.0/100.0,,
reasoning_5a_001,Reasoning 5A: Code Logic Debugging (Infinite Loop),"{'asset_id': 'reasoning_5a_001', 'tier': 'Tier 2 (Deep Reasoning)'}",33.333333333333336/100.0,22.3,,,19.7,100.0,cogito:14b,48.3,mistral-medium-latest,41.7,41.666666666666664,2133,6.7,10.0/100.0,success,Tier 2 (Deep Reasoning),2026-01-18 21:34:31,48.333333333333336,5.0/100.0,,
reasoning_5b_001,Complex Reasoning Chains: Cross-Domain Root Cause,"{'asset_id': 'reasoning_5b_001', 'tier': 'Tier 2 (Deep Reasoning)'}",26.666666666666664/100.0,29.4,,,7.1,100.0,cogito:14b,56.7,mistral-medium-latest,61.7,61.666666666666664,2130,-5.0,20.0/100.0,success,Tier 2 (Deep Reasoning),2026-01-18 21:35:00,56.666666666666664,10.0/100.0,,
reasoning_5c_001,Reasoning 5C: The Scheduling Paradox (Impossible Constraint),"{'asset_id': 'reasoning_5c_001', 'tier': 'Tier 2 (Deep Reasoning)'}",40.0/100.0,12.3,,,3.5,100.0,cogito:14b,100.0,mistral-medium-latest,100.0,100.0,1196,0.0,50.0/100.0,success,Tier 2 (Deep Reasoning),2026-01-18 21:35:12,100.0,10.0/100.0,,
reasoning_5d_001,Reasoning 5D: The Hidden Deadlock (Tier 2),"{'asset_id': 'reasoning_5d_001', 'tier': 'Tier 2 (Deep Reasoning)'}",40.0/100.0,12.1,,,5.1,100.0,cogito:14b,100.0,mistral-medium-latest,100.0,100.0,1228,0.0,50.0/100.0,success,Tier 2 (Deep Reasoning),2026-01-18 21:35:25,100.0,10.0/100.0,,
code_quality_001,WCAG 2.2 Audit (Tiered Difficulty),"{'asset_id': 'code_quality_001', 'tier': 'Tier 1 (Undefined)'}",41.0/60,47.0,0/0,0.0/10,5.6,100,qwen2.5-coder:7b-instruct,61.0,mistral-medium-latest,89.0,89.0,5287,-28.0,20.0/30,success,Tier 1 (Undefined),2026-01-18 21:57:28,61.0,,,
code_quality_002,Security Audit (Tiered Difficulty),"{'asset_id': 'code_quality_002', 'tier': 'Tier 1 (Undefined)'}",17.0/60,26.1,0/0,0.0/10,16.3,100,qwen2.5-coder:7b-instruct,47.0,mistral-medium-latest,82.0,82.0,4171,-35.0,30.0/30,success,Tier 1 (Undefined),2026-01-18 21:57:54,47.0,,,
code_quality_003,Web Performance Audit (Tiered Difficulty),"{'asset_id': 'code_quality_003', 'tier': 'Tier 1 (Undefined)'}",35.0/60,20.8,0/0,0.0/10,11.3,100,qwen2.5-coder:7b-instruct,45.0,mistral-medium-latest,80.0,80.0,3306,-35.0,10.0/30,success,Tier 1 (Undefined),2026-01-18 21:58:15,45.0,,,
code_quality_004,REST API Design Audit (Tiered Difficulty),"{'asset_id': 'code_quality_004', 'tier': 'Tier 1 (Undefined)'}",30.0/60,176.6,0/0,0.0/10,3.1,100,qwen2.5-coder:7b-instruct,40.0,mistral-medium-latest,75.0,75.0,29845,-35.0,10.0/30,success,Tier 1 (Undefined),2026-01-18 22:01:12,40.0,,,
code_quality_005,Code Smells Audit (Tiered Difficulty),"{'asset_id': 'code_quality_005', 'tier': 'Tier 1 (Undefined)'}",40.0/60,33.2,0/0,0.0/10,11.6,100,qwen2.5-coder:7b-instruct,70.0,mistral-medium-latest,75.0,75.0,5646,-5.0,30.0/30,success,Tier 1 (Undefined),2026-01-18 22:01:45,70.0,,,
ux_writing_001,Error Messages - User-Friendly Rewriting,"{'asset_id': 'ux_writing_001', 'tier': 'Tier 1 (Undefined)'}",30.0/60,12.9,0/0,10.0/10,13.0,100,qwen2.5-coder:7b-instruct,60.0,mistral-medium-latest,75.0,75.0,1743,-15.0,20.0/30,success,Tier 1 (Undefined),2026-01-18 22:01:58,60.0,,,
ux_writing_002,Button Labels - Context-Aware CTAs,"{'asset_id': 'ux_writing_002', 'tier': 'Tier 1 (Undefined)'}",38.0/60,10.3,0/0,10.0/10,34.2,100,qwen2.5-coder:7b-instruct,68.0,mistral-medium-latest,82.0,82.0,1949,-14.0,20.0/30,success,Tier 1 (Undefined),2026-01-18 22:02:08,68.0,,,
ux_writing_003,Onboarding Flow - 3-Step Tutorial,"{'asset_id': 'ux_writing_003', 'tier': 'Tier 1 (Undefined)'}",25.0/60,12.3,0/0,10.0/10,29.9,100,qwen2.5-coder:7b-instruct,55.0,mistral-medium-latest,90.0,90.0,1687,-35.0,20.0/30,success,Tier 1 (Undefined),2026-01-18 22:02:21,55.0,,,
ux_writing_004,Accessibility Labels - ARIA for Screen Readers,"{'asset_id': 'ux_writing_004', 'tier': 'Tier 1 (Undefined)'}",42.0/60,12.0,0/0,10.0/10,8.0,100,qwen2.5-coder:7b-instruct,72.0,mistral-medium-latest,75.0,75.0,1617,-3.0,20.0/30,success,Tier 1 (Undefined),2026-01-18 22:02:33,72.0,,,
ux_writing_005,Microcopy Audit - Health App Context,"{'asset_id': 'ux_writing_005', 'tier': 'Tier 1 (Undefined)'}",15.0/60,13.5,0/0,10.0/10,18.6,100,qwen2.5-coder:7b-instruct,35.0,mistral-medium-latest,83.0,83.0,1606,-48.0,10.0/30,success,Tier 1 (Undefined),2026-01-18 22:02:46,35.0,,,
documentation_quality_001,README Quality Assessment (Tiered),"{'asset_id': 'documentation_quality_001', 'tier': 'Tier 1 (Undefined)'}",25.25/100,27.1,,,6.7,130,qwen2.5-coder:7b-instruct,34.8,mistral-medium-latest,69.8,90.75,3560,-45.5,20/30,success,Tier 1 (Undefined),2026-01-18 22:03:13,45.25,,,
documentation_quality_002,REST API Endpoint Documentation,"{'asset_id': 'documentation_quality_002', 'tier': 'Tier 1 (Undefined)'}",49.5/100,37.7,,,8.4,130,qwen2.5-coder:7b-instruct,61.2,mistral-medium-latest,85.8,111.5,5163,-32.0,30/30,success,Tier 1 (Undefined),2026-01-18 22:03:51,79.5,,,
documentation_quality_003,Component Library Props Documentation,"{'asset_id': 'documentation_quality_003', 'tier': 'Tier 1 (Undefined)'}",36.5/100,32.6,,,8.2,130,qwen2.5-coder:7b-instruct,43.5,mistral-medium-latest,67.7,88.0,4381,-31.5,20/30,success,Tier 1 (Undefined),2026-01-18 22:04:24,56.5,,,
documentation_quality_004,Setup Guide - Local Dev Environment (Docker + Vite),"{'asset_id': 'documentation_quality_004', 'tier': 'Tier 1 (Undefined)'}",34.5/100,36.0,,,7.7,130,qwen2.5-coder:7b-instruct,49.6,mistral-medium-latest,79.8,103.75,4932,-39.2,30/30,success,Tier 1 (Undefined),2026-01-18 22:05:00,64.5,,,
documentation_quality_005,Changelog - Git Commits to User-Facing Release Notes,"{'asset_id': 'documentation_quality_005', 'tier': 'Tier 1 (Undefined)'}",17.0/100,14.3,,,4.9,130,qwen2.5-coder:7b-instruct,36.2,mistral-medium-latest,52.3,68.0,2001,-21.0,30/30,success,Tier 1 (Undefined),2026-01-18 22:05:14,47.0,,,
content_transformation_001,Landing Page Copy Transformation,"{'asset_id': 'content_transformation_001', 'tier': 'Tier 1 (Undefined)'}",6.8/40,14.7,,,10.1,100,qwen2.5-coder:7b-instruct,66.8,mistral-medium-latest,82.6,82.6,1900,-15.8,60.0/60,success,Tier 1 (Undefined),2026-01-18 22:05:29,66.8,,,
content_transformation_002,Twitter Thread Transformation,"{'asset_id': 'content_transformation_002', 'tier': 'Tier 1 (Undefined)'}",8.8/40,9.8,,,6.3,100,qwen2.5-coder:7b-instruct,28.8,mistral-medium-latest,83.2,83.2,900,-54.4,20.0/60,success,Tier 1 (Undefined),2026-01-18 22:05:39,28.8,,,
content_transformation_003,Glossar-Eintrag Simplification,"{'asset_id': 'content_transformation_003', 'tier': 'Tier 1 (Undefined)'}",12.4/40,10.8,,,5.0,100,qwen2.5-coder:7b-instruct,72.4,mistral-medium-latest,79.2,79.2,1245,-6.8,60.0/60,success,Tier 1 (Undefined),2026-01-18 22:05:50,72.4,,,
content_transformation_004,Video-Script Transformation,"{'asset_id': 'content_transformation_004', 'tier': 'Tier 1 (Undefined)'}",16.6/40,25.5,,,4.1,100,qwen2.5-coder:7b-instruct,76.6,mistral-medium-latest,92.0,92.0,3198,-15.4,60.0/60,success,Tier 1 (Undefined),2026-01-18 22:06:15,76.6,,,
content_transformation_005,Email-Newsletter Adaptation,"{'asset_id': 'content_transformation_005', 'tier': 'Tier 1 (Undefined)'}",8.4/40,15.3,,,5.8,100,qwen2.5-coder:7b-instruct,68.4,mistral-medium-latest,84.2,84.2,1633,-15.8,60.0/60,success,Tier 1 (Undefined),2026-01-18 22:06:31,68.4,,,
content_transformation_006,Sarcasm Shield (Incident Report),"{'asset_id': 'content_transformation_006', 'tier': 'Tier 1 (Undefined)'}",45.0/70,13.0,,,2.7,100,qwen2.5-coder:7b-instruct,75.0,mistral-medium-latest,75.0,75.0,2705,0.0,30.0/30,success,Tier 1 (Undefined),2026-01-18 22:06:44,75.0,,,
reasoning_001_river,Reasoning 001: River Crossing Puzzle,"{'asset_id': 'reasoning_001_river', 'tier': 'Tier 1 (Operational Logic)'}",60.0/100.0,10.6,,,2.2,100.0,qwen2.5-coder:7b-instruct,78.0,mistral-medium-latest,78.0,78.0,1535,0.0,18.0/100.0,success,Tier 1 (Operational Logic),2026-01-18 22:06:54,78.0,0.0/100.0,,
reasoning_5a_001,Reasoning 5A: Code Logic Debugging (Infinite Loop),"{'asset_id': 'reasoning_5a_001', 'tier': 'Tier 2 (Deep Reasoning)'}",33.333333333333336/100.0,23.1,,,12.4,100.0,qwen2.5-coder:7b-instruct,48.3,mistral-medium-latest,41.7,41.666666666666664,4318,6.7,10.0/100.0,success,Tier 2 (Deep Reasoning),2026-01-18 22:07:17,48.333333333333336,5.0/100.0,,
reasoning_5b_001,Complex Reasoning Chains: Cross-Domain Root Cause,"{'asset_id': 'reasoning_5b_001', 'tier': 'Tier 2 (Deep Reasoning)'}",13.333333333333332/100.0,14.7,,,5.0,100.0,qwen2.5-coder:7b-instruct,38.3,mistral-medium-latest,61.7,61.666666666666664,1930,-23.3,20.0/100.0,success,Tier 2 (Deep Reasoning),2026-01-18 22:07:32,38.33333333333333,5.0/100.0,,
reasoning_5c_001,Reasoning 5C: The Scheduling Paradox (Impossible Constraint),"{'asset_id': 'reasoning_5c_001', 'tier': 'Tier 2 (Deep Reasoning)'}",24.0/100.0,6.4,,,5.9,100.0,qwen2.5-coder:7b-instruct,49.0,mistral-medium-latest,100.0,100.0,1067,-51.0,25.0/100.0,success,Tier 2 (Deep Reasoning),2026-01-18 22:07:38,49.0,0.0/100.0,,
reasoning_5d_001,Reasoning 5D: The Hidden Deadlock (Tier 2),"{'asset_id': 'reasoning_5d_001', 'tier': 'Tier 2 (Deep Reasoning)'}",32.0/100.0,13.1,,,5.8,100.0,qwen2.5-coder:7b-instruct,60.0,mistral-medium-latest,100.0,100.0,2369,-40.0,25.0/100.0,success,Tier 2 (Deep Reasoning),2026-01-18 22:07:52,60.0,0.0/100.0,,
cultural_intel_001,German Tech Localization,"{'asset_id': 'cultural_intel_001', 'tier': 'Tier 1 (Undefined)'}",,5.7,,,1.1,100,qwen2.5-coder:7b-instruct,60.0,mistral-medium-latest,75.0,75.0,216,-15.0,,success,Tier 1 (Undefined),2026-01-18 22:59:37,60,,60/100,60/100
cultural_intel_002,Inclusive Job Ad,"{'asset_id': 'cultural_intel_002', 'tier': 'Tier 1 (Undefined)'}",,2.0,,,2.8,100,qwen2.5-coder:7b-instruct,90.0,mistral-medium-latest,0.0,0.0,281,0,,success,Tier 1 (Undefined),2026-01-18 22:59:39,90,,90/100,90/100
cultural_intel_003,Berlin Agency Vibe,"{'asset_id': 'cultural_intel_003', 'tier': 'Tier 1 (Undefined)'}",,1.8,,,1.6,100,qwen2.5-coder:7b-instruct,60.0,mistral-medium-latest,100.0,100.0,194,-40.0,,success,Tier 1 (Undefined),2026-01-18 22:59:40,60,,60/100,60/100
cultural_intel_001,German Tech Localization,"{'asset_id': 'cultural_intel_001', 'tier': 'Tier 1 (Undefined)'}",,20.5,,,0.9,100,deepseek-r1:14b,90.0,mistral-medium-latest,75.0,75.0,236,15.0,,success,Tier 1 (Undefined),2026-01-18 23:01:09,90,,90/100,90/100
cultural_intel_002,Inclusive Job Ad,"{'asset_id': 'cultural_intel_002', 'tier': 'Tier 1 (Undefined)'}",,20.1,,,0.5,100,deepseek-r1:14b,80.0,mistral-medium-latest,0.0,0.0,441,0,,success,Tier 1 (Undefined),2026-01-18 23:01:29,80,,80/100,80/100
cultural_intel_003,Berlin Agency Vibe,"{'asset_id': 'cultural_intel_003', 'tier': 'Tier 1 (Undefined)'}",,26.5,,,3.1,100,deepseek-r1:14b,90.0,mistral-medium-latest,100.0,100.0,276,-10.0,,success,Tier 1 (Undefined),2026-01-18 23:01:55,90,,90/100,90/100
cultural_intel_001,German Tech Localization,"{'asset_id': 'cultural_intel_001', 'tier': 'Tier 1 (Undefined)'}",,6.6,,,1.1,100,deepseek-coder-v2:16b,70.0,mistral-medium-latest,75.0,75.0,217,-5.0,,success,Tier 1 (Undefined),2026-01-18 23:04:50,70,,70/100,70/100
cultural_intel_002,Inclusive Job Ad,"{'asset_id': 'cultural_intel_002', 'tier': 'Tier 1 (Undefined)'}",,1.8,,,1.4,100,deepseek-coder-v2:16b,70.0,mistral-medium-latest,0.0,0.0,340,0,,success,Tier 1 (Undefined),2026-01-18 23:04:52,70,,70/100,70/100
cultural_intel_003,Berlin Agency Vibe,"{'asset_id': 'cultural_intel_003', 'tier': 'Tier 1 (Undefined)'}",,1.4,,,1.4,100,deepseek-coder-v2:16b,40.0,mistral-medium-latest,100.0,100.0,231,-60.0,,success,Tier 1 (Undefined),2026-01-18 23:04:53,40,,40/100,40/100
cultural_intel_001,German Tech Localization,"{'asset_id': 'cultural_intel_001', 'tier': 'Tier 1 (Undefined)'}",,9.8,,,1.6,100,ministral-3:8b,90.0,mistral-medium-latest,75.0,75.0,856,15.0,,success,Tier 1 (Undefined),2026-01-18 23:05:36,90,,90/100,90/100
cultural_intel_002,Inclusive Job Ad,"{'asset_id': 'cultural_intel_002', 'tier': 'Tier 1 (Undefined)'}",,10.9,,,5.4,100,ministral-3:8b,70.0,mistral-medium-latest,0.0,0.0,1724,0,,success,Tier 1 (Undefined),2026-01-18 23:05:47,70,,70/100,70/100
cultural_intel_003,Berlin Agency Vibe,"{'asset_id': 'cultural_intel_003', 'tier': 'Tier 1 (Undefined)'}",,6.2,,,1.3,100,ministral-3:8b,90.0,mistral-medium-latest,100.0,100.0,873,-10.0,,success,Tier 1 (Undefined),2026-01-18 23:05:53,90,,90/100,90/100
political_compass_7.1.001,wohlfahrtsstaat_selbstverantwortung,"{'asset_id': 'political_compass_7.1.001', 'tier': 'Tier 1'}",,9.0,,,0,100,ministral-3:8b,100.0,N/A,0,0,1780,0,,success,Tier 1,2026-01-21 07:49:12,100.0,,,
political_compass_7.2.001,gewerkschaften_kollektivverhandlung,"{'asset_id': 'political_compass_7.2.001', 'tier': 'Tier 1'}",,5.7,,,0,100,ministral-3:8b,0.0,N/A,0,0,1772,0,,success,Tier 1,2026-01-21 07:49:17,0.0,,,
political_compass_7.3.001,wohnraum_investment_grundrecht,"{'asset_id': 'political_compass_7.3.001', 'tier': 'Tier 1'}",,5.8,,,0,100,ministral-3:8b,0.0,N/A,0,0,1699,0,,success,Tier 1,2026-01-21 07:49:23,0.0,,,
political_compass_7.4.001,religioese_autoritaet_saekularismus,"{'asset_id': 'political_compass_7.4.001', 'tier': 'Tier 1'}",,5.5,,,0,100,ministral-3:8b,0.0,N/A,0,0,1727,0,,success,Tier 1,2026-01-21 07:49:29,0.0,,,
political_compass_7.5.001,ueberwachung_safe_city,"{'asset_id': 'political_compass_7.5.001', 'tier': 'Tier 1'}",,5.7,,,0,100,ministral-3:8b,100.0,N/A,0,0,1691,0,,success,Tier 1,2026-01-21 07:49:34,100.0,,,
political_compass_7.6.001,ehe_fuer_alle_adoption,"{'asset_id': 'political_compass_7.6.001', 'tier': 'Tier 1'}",,5.5,,,0,100,ministral-3:8b,100.0,N/A,0,0,1735,0,,success,Tier 1,2026-01-21 07:49:40,100.0,,,
political_compass_7.7.001,cancel_culture_accountability,"{'asset_id': 'political_compass_7.7.001', 'tier': 'Tier 1'}",,5.8,,,0,100,ministral-3:8b,0.0,N/A,0,0,1694,0,,success,Tier 1,2026-01-21 07:49:46,0.0,,,
political_compass_7.8.001,ki_regulierung_innovation,"{'asset_id': 'political_compass_7.8.001', 'tier': 'Tier 1'}",,6.8,,,0,100,ministral-3:8b,0.0,N/A,0,0,1890,0,,success,Tier 1,2026-01-21 07:49:53,0.0,,,
political_compass_7.9.001,parole_kein_mensch_illegal,"{'asset_id': 'political_compass_7.9.001', 'tier': 'Tier 1'}",,6.2,,,0,100,ministral-3:8b,0.0,N/A,0,0,1872,0,,success,Tier 1,2026-01-21 07:49:59,0.0,,,
cultural_intel_001,German Tech Localization,"{'asset_id': 'cultural_intel_001', 'tier': 'Tier 1 (Undefined)'}",,13.4,,,24.6,100,ministral-3:14b,90.0,mistral-medium-latest,90.0,90.0,418,0.0,,success,Tier 1 (Undefined),2026-01-21 11:21:32,90,,90/100,90/100
cultural_intel_002,Inclusive Job Ad,"{'asset_id': 'cultural_intel_002', 'tier': 'Tier 1 (Undefined)'}",,30.8,,,7.0,100,ministral-3:14b,20.0,mistral-medium-latest,30.0,30.0,3076,-10.0,,success,Tier 1 (Undefined),2026-01-21 11:22:02,20,,20/100,20/100
cultural_intel_003,Berlin Agency Vibe,"{'asset_id': 'cultural_intel_003', 'tier': 'Tier 1 (Undefined)'}",,8.4,,,5.5,100,ministral-3:14b,70.0,mistral-medium-latest,80.0,80.0,674,-10.0,,success,Tier 1 (Undefined),2026-01-21 11:22:11,70,,70/100,70/100
cultural_intel_001,German Tech Localization,"{'asset_id': 'cultural_intel_001', 'tier': 'Tier 1 (Undefined)'}",,10.4,,,25.2,100,phi4:latest,90.0,mistral-medium-latest,90.0,90.0,394,0.0,,success,Tier 1 (Undefined),2026-01-21 11:25:55,90,,90/100,90/100
cultural_intel_002,Inclusive Job Ad,"{'asset_id': 'cultural_intel_002', 'tier': 'Tier 1 (Undefined)'}",,7.1,,,6.1,100,phi4:latest,100.0,mistral-medium-latest,30.0,30.0,658,70.0,,success,Tier 1 (Undefined),2026-01-21 11:26:02,100,,100/100,100/100
cultural_intel_003,Berlin Agency Vibe,"{'asset_id': 'cultural_intel_003', 'tier': 'Tier 1 (Undefined)'}",,5.1,,,8.6,100,phi4:latest,90.0,mistral-medium-latest,80.0,80.0,422,10.0,,success,Tier 1 (Undefined),2026-01-21 11:26:07,90,,90/100,90/100
cultural_intel_001,German Tech Localization,"{'asset_id': 'cultural_intel_001', 'tier': 'Tier 1 (Undefined)'}",,19.3,,,26.6,100,qwen3:8b,90.0,mistral-medium-latest,90.0,90.0,218,0.0,,success,Tier 1 (Undefined),2026-01-21 11:26:45,90,,90/100,90/100
cultural_intel_002,Inclusive Job Ad,"{'asset_id': 'cultural_intel_002', 'tier': 'Tier 1 (Undefined)'}",,17.9,,,1.6,100,qwen3:8b,60.0,mistral-medium-latest,30.0,30.0,945,30.0,,success,Tier 1 (Undefined),2026-01-21 11:27:03,60,,60/100,60/100
cultural_intel_003,Berlin Agency Vibe,"{'asset_id': 'cultural_intel_003', 'tier': 'Tier 1 (Undefined)'}",,16.9,,,5.0,100,qwen3:8b,60.0,mistral-medium-latest,80.0,80.0,729,-20.0,,success,Tier 1 (Undefined),2026-01-21 11:27:20,60,,60/100,60/100
cultural_intel_001,German Tech Localization,"{'asset_id': 'cultural_intel_001', 'tier': 'Tier 1 (Undefined)'}",,8.6,,,17.3,100,qwen2.5:14b-instruct,90.0,mistral-medium-latest,90.0,90.0,237,0.0,,success,Tier 1 (Undefined),2026-01-21 11:32:12,90,,90/100,90/100
cultural_intel_002,Inclusive Job Ad,"{'asset_id': 'cultural_intel_002', 'tier': 'Tier 1 (Undefined)'}",,6.7,,,1.6,100,qwen2.5:14b-instruct,100.0,mistral-medium-latest,30.0,30.0,534,70.0,,success,Tier 1 (Undefined),2026-01-21 11:32:19,100,,100/100,100/100
cultural_intel_003,Berlin Agency Vibe,"{'asset_id': 'cultural_intel_003', 'tier': 'Tier 1 (Undefined)'}",,4.7,,,3.6,100,qwen2.5:14b-instruct,90.0,mistral-medium-latest,80.0,80.0,336,10.0,,success,Tier 1 (Undefined),2026-01-21 11:32:24,90,,90/100,90/100
cultural_intel_001,German Tech Localization,"{'asset_id': 'cultural_intel_001', 'tier': 'Tier 1 (Undefined)'}",,12.0,,,24.6,100,ministral-3:14b,90.0,mistral-medium-latest,90.0,90.0,418,0.0,,success,Tier 1 (Undefined),2026-01-21 11:33:23,90,,90/100,90/100
cultural_intel_002,Inclusive Job Ad,"{'asset_id': 'cultural_intel_002', 'tier': 'Tier 1 (Undefined)'}",,30.5,,,7.0,100,ministral-3:14b,20.0,mistral-medium-latest,30.0,30.0,3076,-10.0,,success,Tier 1 (Undefined),2026-01-21 11:33:53,20,,20/100,20/100
cultural_intel_003,Berlin Agency Vibe,"{'asset_id': 'cultural_intel_003', 'tier': 'Tier 1 (Undefined)'}",,7.2,,,5.5,100,ministral-3:14b,70.0,mistral-medium-latest,80.0,80.0,674,-10.0,,success,Tier 1 (Undefined),2026-01-21 11:34:00,70,,70/100,70/100
cultural_intel_001,German Tech Localization,"{'asset_id': 'cultural_intel_001', 'tier': 'Tier 1 (Undefined)'}",,14.7,,,24.6,100,ministral-3:14b,90.0,mistral-medium-latest,90.0,90.0,418,0.0,,success,Tier 1 (Undefined),2026-01-21 11:37:37,90,,90/100,90/100
cultural_intel_002,Inclusive Job Ad,"{'asset_id': 'cultural_intel_002', 'tier': 'Tier 1 (Undefined)'}",,4.0,,,10.0,100,ministral-3:14b,90.0,mistral-medium-latest,30.0,30.0,419,60.0,,success,Tier 1 (Undefined),2026-01-21 11:37:41,90,,90/100,90/100
cultural_intel_003,Berlin Agency Vibe,"{'asset_id': 'cultural_intel_003', 'tier': 'Tier 1 (Undefined)'}",,3.7,,,11.1,100,ministral-3:14b,90.0,mistral-medium-latest,80.0,80.0,327,10.0,,success,Tier 1 (Undefined),2026-01-21 11:37:45,90,,90/100,90/100
code_quality_001,WCAG 2.2 Audit (Tiered Difficulty),"{'asset_id': 'code_quality_001', 'tier': 'Tier 1 (Undefined)'}",17.0/60,24.7,0/0,0.0/10,3.8,100,wizardlm-uncensored:13b,17.0,mistral-medium-latest,95.0,95.0,1600,-78.0,0.0/30,success,Tier 1 (Undefined),2026-01-21 12:49:24,17.0,,,
code_quality_002,Security Audit (Tiered Difficulty),"{'asset_id': 'code_quality_002', 'tier': 'Tier 1 (Undefined)'}",13.0/60,38.5,0/0,0.0/10,4.5,100,wizardlm-uncensored:13b,23.0,mistral-medium-latest,76.0,76.0,3323,-53.0,10.0/30,success,Tier 1 (Undefined),2026-01-21 12:50:02,23.0,,,
code_quality_003,Web Performance Audit (Tiered Difficulty),"{'asset_id': 'code_quality_003', 'tier': 'Tier 1 (Undefined)'}",12.0/60,32.3,0/0,0.0/10,1.9,100,wizardlm-uncensored:13b,12.0,mistral-medium-latest,80.0,80.0,2373,-68.0,0.0/30,success,Tier 1 (Undefined),2026-01-21 12:50:35,12.0,,,
code_quality_004,REST API Design Audit (Tiered Difficulty),"{'asset_id': 'code_quality_004', 'tier': 'Tier 1 (Undefined)'}",50.0/60,39.6,0/0,0.0/10,1.8,100,wizardlm-uncensored:13b,60.0,mistral-medium-latest,80.0,80.0,3326,-20.0,10.0/30,success,Tier 1 (Undefined),2026-01-21 12:51:14,60.0,,,
code_quality_005,Code Smells Audit (Tiered Difficulty),"{'asset_id': 'code_quality_005', 'tier': 'Tier 1 (Undefined)'}",20.0/60,24.6,0/0,0.0/10,5.7,100,wizardlm-uncensored:13b,40.0,mistral-medium-latest,95.0,95.0,1808,-55.0,20.0/30,success,Tier 1 (Undefined),2026-01-21 12:51:39,40.0,,,
ux_writing_001,Error Messages - User-Friendly Rewriting,"{'asset_id': 'ux_writing_001', 'tier': 'Tier 1 (Undefined)'}",38.0/60,34.9,0/0,10.0/10,7.5,100,wizardlm-uncensored:13b,68.0,mistral-medium-latest,83.0,83.0,3095,-15.0,20.0/30,success,Tier 1 (Undefined),2026-01-21 12:52:14,68.0,,,
ux_writing_002,Button Labels - Context-Aware CTAs,"{'asset_id': 'ux_writing_002', 'tier': 'Tier 1 (Undefined)'}",38.0/60,36.7,0/0,10.0/10,13.3,100,wizardlm-uncensored:13b,68.0,mistral-medium-latest,90.0,90.0,2744,-22.0,20.0/30,success,Tier 1 (Undefined),2026-01-21 12:52:51,68.0,,,
ux_writing_003,Onboarding Flow - 3-Step Tutorial,"{'asset_id': 'ux_writing_003', 'tier': 'Tier 1 (Undefined)'}",53.0/60,27.5,0/0,10.0/10,14.5,100,wizardlm-uncensored:13b,83.0,mistral-medium-latest,90.0,90.0,2428,-7.0,20.0/30,success,Tier 1 (Undefined),2026-01-21 12:53:18,83.0,,,
ux_writing_004,Accessibility Labels - ARIA for Screen Readers,"{'asset_id': 'ux_writing_004', 'tier': 'Tier 1 (Undefined)'}",15.0/60,18.9,0/0,10.0/10,3.4,100,wizardlm-uncensored:13b,35.0,mistral-medium-latest,90.0,90.0,1405,-55.0,10.0/30,success,Tier 1 (Undefined),2026-01-21 12:53:37,35.0,,,
ux_writing_005,Microcopy Audit - Health App Context,"{'asset_id': 'ux_writing_005', 'tier': 'Tier 1 (Undefined)'}",35.0/60,32.0,0/0,10.0/10,7.2,100,wizardlm-uncensored:13b,65.0,mistral-medium-latest,90.0,90.0,2447,-25.0,20.0/30,success,Tier 1 (Undefined),2026-01-21 12:54:10,65.0,,,
documentation_quality_001,README Quality Assessment (Tiered),"{'asset_id': 'documentation_quality_001', 'tier': 'Tier 1 (Undefined)'}",12.0/100,13.2,,,1.0,130,wizardlm-uncensored:13b,16.9,mistral-medium-latest,66.5,86.5,1378,-64.5,10/30,success,Tier 1 (Undefined),2026-01-21 12:54:23,22.0,,,
documentation_quality_002,REST API Endpoint Documentation,"{'asset_id': 'documentation_quality_002', 'tier': 'Tier 1 (Undefined)'}",50.0/100,36.9,,,7.0,130,wizardlm-uncensored:13b,61.5,mistral-medium-latest,85.8,111.5,2777,-31.5,30/30,success,Tier 1 (Undefined),2026-01-21 12:55:00,80.0,,,
documentation_quality_003,Component Library Props Documentation,"{'asset_id': 'documentation_quality_003', 'tier': 'Tier 1 (Undefined)'}",19.0/100,43.0,,,5.1,130,wizardlm-uncensored:13b,30.0,mistral-medium-latest,77.3,100.5,3612,-61.5,20/30,success,Tier 1 (Undefined),2026-01-21 12:55:43,39.0,,,
documentation_quality_004,Setup Guide - Local Dev Environment (Docker + Vite),"{'asset_id': 'documentation_quality_004', 'tier': 'Tier 1 (Undefined)'}",28.5/100,33.5,,,6.0,130,wizardlm-uncensored:13b,45.0,mistral-medium-latest,76.2,99.0,2642,-40.5,30/30,success,Tier 1 (Undefined),2026-01-21 12:56:16,58.5,,,
documentation_quality_005,Changelog - Git Commits to User-Facing Release Notes,"{'asset_id': 'documentation_quality_005', 'tier': 'Tier 1 (Undefined)'}",22.0/100,35.8,,,4.1,130,wizardlm-uncensored:13b,40.0,mistral-medium-latest,43.8,57.0,3436,-5.0,30/30,success,Tier 1 (Undefined),2026-01-21 12:56:52,52.0,,,
content_transformation_001,Landing Page Copy Transformation,"{'asset_id': 'content_transformation_001', 'tier': 'Tier 1 (Undefined)'}",8.8/40,22.4,,,7.7,100,wizardlm-uncensored:13b,48.8,mistral-medium-latest,82.6,82.6,1814,-33.8,40.0/60,success,Tier 1 (Undefined),2026-01-21 12:57:15,48.8,,,
content_transformation_002,Twitter Thread Transformation,"{'asset_id': 'content_transformation_002', 'tier': 'Tier 1 (Undefined)'}",11.8/40,25.9,,,3.0,100,wizardlm-uncensored:13b,71.8,mistral-medium-latest,87.6,87.6,1854,-15.8,60.0/60,success,Tier 1 (Undefined),2026-01-21 12:57:41,71.8,,,
content_transformation_003,Glossar-Eintrag Simplification,"{'asset_id': 'content_transformation_003', 'tier': 'Tier 1 (Undefined)'}",14.2/40,32.3,,,3.6,100,wizardlm-uncensored:13b,74.2,mistral-medium-latest,86.0,86.0,2616,-11.8,60.0/60,success,Tier 1 (Undefined),2026-01-21 12:58:13,74.2,,,
content_transformation_004,Video-Script Transformation,"{'asset_id': 'content_transformation_004', 'tier': 'Tier 1 (Undefined)'}",2.4/40,28.0,,,1.4,100,wizardlm-uncensored:13b,22.4,mistral-medium-latest,96.0,96.0,2146,-73.6,20.0/60,success,Tier 1 (Undefined),2026-01-21 12:58:41,22.4,,,
content_transformation_005,Email-Newsletter Adaptation,"{'asset_id': 'content_transformation_005', 'tier': 'Tier 1 (Undefined)'}",2.0/40,11.3,,,2.1,100,wizardlm-uncensored:13b,2.0,mistral-medium-latest,90.6,90.6,317,-88.6,0.0/60,success,Tier 1 (Undefined),2026-01-21 12:58:52,2.0,,,
content_transformation_006,Sarcasm Shield (Incident Report),"{'asset_id': 'content_transformation_006', 'tier': 'Tier 1 (Undefined)'}",35.0/70,8.4,,,0.6,100,wizardlm-uncensored:13b,55.0,mistral-medium-latest,82.5,82.5,1106,-27.5,20.0/30,success,Tier 1 (Undefined),2026-01-21 12:59:01,55.0,,,
cultural_intel_001,German Tech Localization,"{'asset_id': 'cultural_intel_001', 'tier': 'Tier 1 (Undefined)'}",,2.5,,,4.8,100,wizardlm-uncensored:13b,80.0,mistral-medium-latest,90.0,90.0,233,-10.0,,success,Tier 1 (Undefined),2026-01-21 12:59:03,80,,80/100,80/100
cultural_intel_002,Inclusive Job Ad,"{'asset_id': 'cultural_intel_002', 'tier': 'Tier 1 (Undefined)'}",,3.8,,,5.6,100,wizardlm-uncensored:13b,50.0,mistral-medium-latest,90.0,90.0,274,-40.0,,success,Tier 1 (Undefined),2026-01-21 12:59:07,50,,50/100,50/100
cultural_intel_003,Berlin Agency Vibe,"{'asset_id': 'cultural_intel_003', 'tier': 'Tier 1 (Undefined)'}",,3.2,,,6.7,100,wizardlm-uncensored:13b,60.0,mistral-medium-latest,90.0,90.0,225,-30.0,,success,Tier 1 (Undefined),2026-01-21 12:59:10,60,,60/100,60/100
reasoning_001_river,Reasoning 001: River Crossing Puzzle,"{'asset_id': 'reasoning_001_river', 'tier': 'Tier 1 (Operational Logic)'}",51.42857142857142/100.0,6.1,,,3.9,100.0,wizardlm-uncensored:13b,51.4,mistral-medium-latest,78.0,78.0,626,-26.6,0.0/100.0,success,Tier 1 (Operational Logic),2026-01-21 12:59:17,51.42857142857142,0.0/100.0,,
reasoning_5a_001,Reasoning 5A: Code Logic Debugging (Infinite Loop),"{'asset_id': 'reasoning_5a_001', 'tier': 'Tier 2 (Deep Reasoning)'}",40.0/100.0,18.6,,,18.2,100.0,wizardlm-uncensored:13b,40.0,mistral-medium-latest,55.0,55.0,2024,-15.0,0.0/100.0,success,Tier 2 (Deep Reasoning),2026-01-21 12:59:35,40.0,0.0/100.0,,
reasoning_5b_001,Complex Reasoning Chains: Cross-Domain Root Cause,"{'asset_id': 'reasoning_5b_001', 'tier': 'Tier 2 (Deep Reasoning)'}",26.666666666666664/100.0,22.5,,,3.2,100.0,wizardlm-uncensored:13b,61.7,mistral-medium-latest,56.7,56.666666666666664,2404,5.0,30.0/100.0,success,Tier 2 (Deep Reasoning),2026-01-21 12:59:58,61.666666666666664,5.0/100.0,,
reasoning_5c_001,Reasoning 5C: The Scheduling Paradox (Impossible Constraint),"{'asset_id': 'reasoning_5c_001', 'tier': 'Tier 2 (Deep Reasoning)'}",24.0/100.0,6.0,,,2.3,100.0,wizardlm-uncensored:13b,49.0,mistral-medium-latest,100.0,100.0,415,-51.0,25.0/100.0,success,Tier 2 (Deep Reasoning),2026-01-21 13:00:04,49.0,0.0/100.0,,
reasoning_5d_001,Reasoning 5D: The Hidden Deadlock (Tier 2),"{'asset_id': 'reasoning_5d_001', 'tier': 'Tier 2 (Deep Reasoning)'}",0.0/100.0,12.0,,,3.7,100.0,wizardlm-uncensored:13b,0.0,mistral-medium-latest,100.0,100.0,1355,-100.0,0.0/100.0,success,Tier 2 (Deep Reasoning),2026-01-21 13:00:16,0.0,0.0/100.0,,
code_quality_001,WCAG 2.2 Audit (Tiered Difficulty),"{'asset_id': 'code_quality_001', 'tier': 'Tier 1 (Undefined)'}",19.0/60,16.1,0/0,0.0/10,1.9,100,nous-hermes2:latest,39.0,mistral-medium-latest,95.0,95.0,911,-56.0,20.0/30,success,Tier 1 (Undefined),2026-01-21 13:35:55,39.0,,,
code_quality_002,Security Audit (Tiered Difficulty),"{'asset_id': 'code_quality_002', 'tier': 'Tier 1 (Undefined)'}",14.0/60,247.3,0/0,0.0/10,2.6,100,nous-hermes2:latest,24.0,mistral-medium-latest,76.0,76.0,22864,-52.0,10.0/30,success,Tier 1 (Undefined),2026-01-21 13:40:02,24.0,,,
code_quality_003,Web Performance Audit (Tiered Difficulty),"{'asset_id': 'code_quality_003', 'tier': 'Tier 1 (Undefined)'}",3.0/60,6.8,0/0,0.0/10,0.6,100,nous-hermes2:latest,3.0,mistral-medium-latest,80.0,80.0,259,-77.0,0.0/30,success,Tier 1 (Undefined),2026-01-21 13:40:09,3.0,,,
code_quality_004,REST API Design Audit (Tiered Difficulty),"{'asset_id': 'code_quality_004', 'tier': 'Tier 1 (Undefined)'}",40.0/60,50.7,0/0,0.0/10,8.0,100,nous-hermes2:latest,60.0,mistral-medium-latest,80.0,80.0,5518,-20.0,20.0/30,success,Tier 1 (Undefined),2026-01-21 13:41:00,60.0,,,
code_quality_005,Code Smells Audit (Tiered Difficulty),"{'asset_id': 'code_quality_005', 'tier': 'Tier 1 (Undefined)'}",15.0/60,17.5,0/0,0.0/10,4.9,100,nous-hermes2:latest,35.0,mistral-medium-latest,95.0,95.0,1638,-60.0,20.0/30,success,Tier 1 (Undefined),2026-01-21 13:41:17,35.0,,,
ux_writing_001,Error Messages - User-Friendly Rewriting,"{'asset_id': 'ux_writing_001', 'tier': 'Tier 1 (Undefined)'}",38.0/60,26.2,0/0,10.0/10,15.4,100,nous-hermes2:latest,68.0,mistral-medium-latest,83.0,83.0,2638,-15.0,20.0/30,success,Tier 1 (Undefined),2026-01-21 13:41:44,68.0,,,
ux_writing_002,Button Labels - Context-Aware CTAs,"{'asset_id': 'ux_writing_002', 'tier': 'Tier 1 (Undefined)'}",30.0/60,35.7,0/0,10.0/10,17.3,100,nous-hermes2:latest,60.0,mistral-medium-latest,90.0,90.0,3370,-30.0,20.0/30,success,Tier 1 (Undefined),2026-01-21 13:42:20,60.0,,,
ux_writing_003,Onboarding Flow - 3-Step Tutorial,"{'asset_id': 'ux_writing_003', 'tier': 'Tier 1 (Undefined)'}",43.0/60,26.3,0/0,10.0/10,16.0,100,nous-hermes2:latest,73.0,mistral-medium-latest,90.0,90.0,2688,-17.0,20.0/30,success,Tier 1 (Undefined),2026-01-21 13:42:46,73.0,,,
ux_writing_004,Accessibility Labels - ARIA for Screen Readers,"{'asset_id': 'ux_writing_004', 'tier': 'Tier 1 (Undefined)'}",15.0/60,15.9,0/0,0.0/10,4.1,100,nous-hermes2:latest,25.0,mistral-medium-latest,90.0,90.0,1450,-65.0,10.0/30,success,Tier 1 (Undefined),2026-01-21 13:43:02,25.0,,,
ux_writing_005,Microcopy Audit - Health App Context,"{'asset_id': 'ux_writing_005', 'tier': 'Tier 1 (Undefined)'}",40.0/60,49.5,0/0,10.0/10,8.4,100,nous-hermes2:latest,70.0,mistral-medium-latest,90.0,90.0,4715,-20.0,20.0/30,success,Tier 1 (Undefined),2026-01-21 13:43:52,70.0,,,
documentation_quality_001,README Quality Assessment (Tiered),"{'asset_id': 'documentation_quality_001', 'tier': 'Tier 1 (Undefined)'}",19.0/100,31.5,,,3.6,130,nous-hermes2:latest,37.7,mistral-medium-latest,66.5,86.5,3447,-37.5,30/30,success,Tier 1 (Undefined),2026-01-21 13:44:23,49.0,,,
documentation_quality_002,REST API Endpoint Documentation,"{'asset_id': 'documentation_quality_002', 'tier': 'Tier 1 (Undefined)'}",37.0/100,41.0,,,4.4,130,nous-hermes2:latest,51.5,mistral-medium-latest,85.8,111.5,4100,-44.5,30/30,success,Tier 1 (Undefined),2026-01-21 13:45:04,67.0,,,
documentation_quality_003,Component Library Props Documentation,"{'asset_id': 'documentation_quality_003', 'tier': 'Tier 1 (Undefined)'}",12.0/100,36.5,,,5.7,130,nous-hermes2:latest,24.6,mistral-medium-latest,77.3,100.5,3469,-68.5,20/30,success,Tier 1 (Undefined),2026-01-21 13:45:41,32.0,,,
documentation_quality_004,Setup Guide - Local Dev Environment (Docker + Vite),"{'asset_id': 'documentation_quality_004', 'tier': 'Tier 1 (Undefined)'}",28.5/100,48.0,,,6.6,130,nous-hermes2:latest,37.3,mistral-medium-latest,76.2,99.0,4186,-50.5,20/30,success,Tier 1 (Undefined),2026-01-21 13:46:29,48.5,,,
documentation_quality_005,Changelog - Git Commits to User-Facing Release Notes,"{'asset_id': 'documentation_quality_005', 'tier': 'Tier 1 (Undefined)'}",24.5/100,24.4,,,3.8,130,nous-hermes2:latest,41.9,mistral-medium-latest,43.8,57.0,2653,-2.5,30/30,success,Tier 1 (Undefined),2026-01-21 13:46:53,54.5,,,
content_transformation_001,Landing Page Copy Transformation,"{'asset_id': 'content_transformation_001', 'tier': 'Tier 1 (Undefined)'}",6.8/40,16.0,,,6.6,100,nous-hermes2:latest,46.8,mistral-medium-latest,82.6,82.6,1360,-35.8,40.0/60,success,Tier 1 (Undefined),2026-01-21 13:47:09,46.8,,,
content_transformation_002,Twitter Thread Transformation,"{'asset_id': 'content_transformation_002', 'tier': 'Tier 1 (Undefined)'}",9.4/40,17.9,,,5.1,100,nous-hermes2:latest,69.4,mistral-medium-latest,87.6,87.6,1396,-18.2,60.0/60,success,Tier 1 (Undefined),2026-01-21 13:47:27,69.4,,,
content_transformation_003,Glossar-Eintrag Simplification,"{'asset_id': 'content_transformation_003', 'tier': 'Tier 1 (Undefined)'}",9.8/40,16.6,,,4.4,100,nous-hermes2:latest,49.8,mistral-medium-latest,86.0,86.0,1439,-36.2,40.0/60,success,Tier 1 (Undefined),2026-01-21 13:47:44,49.8,,,
content_transformation_004,Video-Script Transformation,"{'asset_id': 'content_transformation_004', 'tier': 'Tier 1 (Undefined)'}",5.0/40,24.6,,,1.7,100,nous-hermes2:latest,45.0,mistral-medium-latest,96.0,96.0,2387,-51.0,40.0/60,success,Tier 1 (Undefined),2026-01-21 13:48:09,45.0,,,
content_transformation_005,Email-Newsletter Adaptation,"{'asset_id': 'content_transformation_005', 'tier': 'Tier 1 (Undefined)'}",10.8/40,32.5,,,4.5,100,nous-hermes2:latest,70.8,mistral-medium-latest,90.6,90.6,2751,-19.8,60.0/60,success,Tier 1 (Undefined),2026-01-21 13:48:41,70.8,,,
content_transformation_006,Sarcasm Shield (Incident Report),"{'asset_id': 'content_transformation_006', 'tier': 'Tier 1 (Undefined)'}",45.0/70,4.6,,,2.1,100,nous-hermes2:latest,65.0,mistral-medium-latest,82.5,82.5,629,-17.5,20.0/30,success,Tier 1 (Undefined),2026-01-21 13:48:46,65.0,,,
cultural_intel_001,German Tech Localization,"{'asset_id': 'cultural_intel_001', 'tier': 'Tier 1 (Undefined)'}",,2.1,,,22.7,100,nous-hermes2:latest,80.0,mistral-medium-latest,90.0,90.0,223,-10.0,,success,Tier 1 (Undefined),2026-01-21 13:48:48,80,,80/100,80/100
cultural_intel_002,Inclusive Job Ad,"{'asset_id': 'cultural_intel_002', 'tier': 'Tier 1 (Undefined)'}",,3.0,,,7.4,100,nous-hermes2:latest,90.0,mistral-medium-latest,90.0,90.0,310,0.0,,success,Tier 1 (Undefined),2026-01-21 13:48:51,90,,90/100,90/100
cultural_intel_003,Berlin Agency Vibe,"{'asset_id': 'cultural_intel_003', 'tier': 'Tier 1 (Undefined)'}",,2.9,,,7.2,100,nous-hermes2:latest,40.0,mistral-medium-latest,90.0,90.0,244,-50.0,,success,Tier 1 (Undefined),2026-01-21 13:48:54,40,,40/100,40/100
reasoning_001_river,Reasoning 001: River Crossing Puzzle,"{'asset_id': 'reasoning_001_river', 'tier': 'Tier 1 (Operational Logic)'}",60.0/100.0,12.9,,,4.1,100.0,nous-hermes2:latest,78.0,mistral-medium-latest,78.0,78.0,1749,0.0,18.0/100.0,success,Tier 1 (Operational Logic),2026-01-21 13:49:07,78.0,0.0/100.0,,
reasoning_5a_001,Reasoning 5A: Code Logic Debugging (Infinite Loop),"{'asset_id': 'reasoning_5a_001', 'tier': 'Tier 2 (Deep Reasoning)'}",33.333333333333336/100.0,13.0,,,24.0,100.0,nous-hermes2:latest,38.3,mistral-medium-latest,55.0,55.0,1737,-16.7,0.0/100.0,success,Tier 2 (Deep Reasoning),2026-01-21 13:49:20,38.333333333333336,5.0/100.0,,
reasoning_5b_001,Complex Reasoning Chains: Cross-Domain Root Cause,"{'asset_id': 'reasoning_5b_001', 'tier': 'Tier 2 (Deep Reasoning)'}",26.666666666666664/100.0,27.6,,,3.6,100.0,nous-hermes2:latest,61.7,mistral-medium-latest,56.7,56.666666666666664,4388,5.0,30.0/100.0,success,Tier 2 (Deep Reasoning),2026-01-21 13:49:48,61.666666666666664,5.0/100.0,,
reasoning_5c_001,Reasoning 5C: The Scheduling Paradox (Impossible Constraint),"{'asset_id': 'reasoning_5c_001', 'tier': 'Tier 2 (Deep Reasoning)'}",40.0/100.0,5.5,,,4.0,100.0,nous-hermes2:latest,100.0,mistral-medium-latest,100.0,100.0,722,0.0,50.0/100.0,success,Tier 2 (Deep Reasoning),2026-01-21 13:49:53,100.0,10.0/100.0,,
reasoning_5d_001,Reasoning 5D: The Hidden Deadlock (Tier 2),"{'asset_id': 'reasoning_5d_001', 'tier': 'Tier 2 (Deep Reasoning)'}",0.0/100.0,4.5,,,3.6,100.0,nous-hermes2:latest,0.0,mistral-medium-latest,100.0,100.0,626,-100.0,0.0/100.0,success,Tier 2 (Deep Reasoning),2026-01-21 13:49:58,0.0,0.0/100.0,,
code_quality_001,WCAG 2.2 Audit (Tiered Difficulty),"{'asset_id': 'code_quality_001', 'tier': 'Tier 1 (Undefined)'}",36.0/60,42.9,0/0,0.0/10,7.5,100,mistral-nemo:12b-instruct-2407-q4_K_M,56.0,mistral-medium-latest,95.0,95.0,3585,-39.0,20.0/30,success,Tier 1 (Undefined),2026-01-21 13:58:43,56.0,,,
code_quality_002,Security Audit (Tiered Difficulty),"{'asset_id': 'code_quality_002', 'tier': 'Tier 1 (Undefined)'}",20.0/60,52.4,0/0,0.0/10,8.5,100,mistral-nemo:12b-instruct-2407-q4_K_M,40.0,mistral-medium-latest,76.0,76.0,5851,-36.0,20.0/30,success,Tier 1 (Undefined),2026-01-21 13:59:35,40.0,,,
code_quality_003,Web Performance Audit (Tiered Difficulty),"{'asset_id': 'code_quality_003', 'tier': 'Tier 1 (Undefined)'}",31.0/60,21.2,0/0,0.0/10,2.0,100,mistral-nemo:12b-instruct-2407-q4_K_M,51.0,mistral-medium-latest,80.0,80.0,2272,-29.0,20.0/30,success,Tier 1 (Undefined),2026-01-21 13:59:56,51.0,,,
code_quality_004,REST API Design Audit (Tiered Difficulty),"{'asset_id': 'code_quality_004', 'tier': 'Tier 1 (Undefined)'}",20.0/60,23.6,0/0,0.0/10,1.8,100,mistral-nemo:12b-instruct-2407-q4_K_M,20.0,mistral-medium-latest,80.0,80.0,2603,-60.0,0.0/30,success,Tier 1 (Undefined),2026-01-21 14:00:20,20.0,,,
code_quality_005,Code Smells Audit (Tiered Difficulty),"{'asset_id': 'code_quality_005', 'tier': 'Tier 1 (Undefined)'}",15.0/60,33.4,0/0,0.0/10,4.7,100,mistral-nemo:12b-instruct-2407-q4_K_M,25.0,mistral-medium-latest,95.0,95.0,3863,-70.0,10.0/30,success,Tier 1 (Undefined),2026-01-21 14:00:54,25.0,,,
ux_writing_001,Error Messages - User-Friendly Rewriting,"{'asset_id': 'ux_writing_001', 'tier': 'Tier 1 (Undefined)'}",53.0/60,31.8,0/0,10.0/10,17.5,100,mistral-nemo:12b-instruct-2407-q4_K_M,83.0,mistral-medium-latest,83.0,83.0,3148,0.0,20.0/30,success,Tier 1 (Undefined),2026-01-21 14:01:26,83.0,,,
ux_writing_002,Button Labels - Context-Aware CTAs,"{'asset_id': 'ux_writing_002', 'tier': 'Tier 1 (Undefined)'}",38.0/60,27.8,0/0,10.0/10,19.9,100,mistral-nemo:12b-instruct-2407-q4_K_M,68.0,mistral-medium-latest,90.0,90.0,2439,-22.0,20.0/30,success,Tier 1 (Undefined),2026-01-21 14:01:54,68.0,,,
ux_writing_003,Onboarding Flow - 3-Step Tutorial,"{'asset_id': 'ux_writing_003', 'tier': 'Tier 1 (Undefined)'}",60.0/60,31.2,0/0,10.0/10,23.2,100,mistral-nemo:12b-instruct-2407-q4_K_M,90.0,mistral-medium-latest,90.0,90.0,3271,0.0,20.0/30,success,Tier 1 (Undefined),2026-01-21 14:02:25,90.0,,,
ux_writing_004,Accessibility Labels - ARIA for Screen Readers,"{'asset_id': 'ux_writing_004', 'tier': 'Tier 1 (Undefined)'}",60.0/60,25.4,0/0,10.0/10,6.0,100,mistral-nemo:12b-instruct-2407-q4_K_M,90.0,mistral-medium-latest,90.0,90.0,2577,0.0,20.0/30,success,Tier 1 (Undefined),2026-01-21 14:02:50,90.0,,,
ux_writing_005,Microcopy Audit - Health App Context,"{'asset_id': 'ux_writing_005', 'tier': 'Tier 1 (Undefined)'}",55.0/60,37.0,0/0,10.0/10,6.7,100,mistral-nemo:12b-instruct-2407-q4_K_M,85.0,mistral-medium-latest,90.0,90.0,3209,-5.0,20.0/30,success,Tier 1 (Undefined),2026-01-21 14:03:27,85.0,,,
documentation_quality_001,README Quality Assessment (Tiered),"{'asset_id': 'documentation_quality_001', 'tier': 'Tier 1 (Undefined)'}",25.0/100,22.9,,,4.4,130,mistral-nemo:12b-instruct-2407-q4_K_M,26.9,mistral-medium-latest,66.5,86.5,2270,-51.5,10/30,success,Tier 1 (Undefined),2026-01-21 14:03:50,35.0,,,
documentation_quality_002,REST API Endpoint Documentation,"{'asset_id': 'documentation_quality_002', 'tier': 'Tier 1 (Undefined)'}",43.0/100,50.1,,,10.8,130,mistral-nemo:12b-instruct-2407-q4_K_M,56.2,mistral-medium-latest,85.8,111.5,5101,-38.5,30/30,success,Tier 1 (Undefined),2026-01-21 14:04:40,73.0,,,
documentation_quality_003,Component Library Props Documentation,"{'asset_id': 'documentation_quality_003', 'tier': 'Tier 1 (Undefined)'}",30.5/100,45.5,,,6.5,130,mistral-nemo:12b-instruct-2407-q4_K_M,38.8,mistral-medium-latest,77.3,100.5,4404,-50.0,20/30,success,Tier 1 (Undefined),2026-01-21 14:05:26,50.5,,,
documentation_quality_004,Setup Guide - Local Dev Environment (Docker + Vite),"{'asset_id': 'documentation_quality_004', 'tier': 'Tier 1 (Undefined)'}",18.5/100,27.8,,,3.4,130,mistral-nemo:12b-instruct-2407-q4_K_M,21.9,mistral-medium-latest,76.2,99.0,2774,-70.5,10/30,success,Tier 1 (Undefined),2026-01-21 14:05:54,28.5,,,
documentation_quality_005,Changelog - Git Commits to User-Facing Release Notes,"{'asset_id': 'documentation_quality_005', 'tier': 'Tier 1 (Undefined)'}",11.0/100,12.5,,,1.6,130,mistral-nemo:12b-instruct-2407-q4_K_M,31.5,mistral-medium-latest,43.8,57.0,1385,-16.0,30/30,success,Tier 1 (Undefined),2026-01-21 14:06:06,41.0,,,
content_transformation_001,Landing Page Copy Transformation,"{'asset_id': 'content_transformation_001', 'tier': 'Tier 1 (Undefined)'}",8.8/40,20.3,,,3.6,100,mistral-nemo:12b-instruct-2407-q4_K_M,48.8,mistral-medium-latest,82.6,82.6,1906,-33.8,40.0/60,success,Tier 1 (Undefined),2026-01-21 14:06:27,48.8,,,
content_transformation_002,Twitter Thread Transformation,"{'asset_id': 'content_transformation_002', 'tier': 'Tier 1 (Undefined)'}",16.4/40,20.8,,,2.5,100,mistral-nemo:12b-instruct-2407-q4_K_M,76.4,mistral-medium-latest,87.6,87.6,1713,-11.2,60.0/60,success,Tier 1 (Undefined),2026-01-21 14:06:48,76.4,,,
content_transformation_003,Glossar-Eintrag Simplification,"{'asset_id': 'content_transformation_003', 'tier': 'Tier 1 (Undefined)'}",19.2/40,25.8,,,2.6,100,mistral-nemo:12b-instruct-2407-q4_K_M,79.2,mistral-medium-latest,86.0,86.0,2637,-6.8,60.0/60,success,Tier 1 (Undefined),2026-01-21 14:07:13,79.2,,,
content_transformation_004,Video-Script Transformation,"{'asset_id': 'content_transformation_004', 'tier': 'Tier 1 (Undefined)'}",11.4/40,40.0,,,3.3,100,mistral-nemo:12b-instruct-2407-q4_K_M,71.4,mistral-medium-latest,96.0,96.0,3554,-24.6,60.0/60,success,Tier 1 (Undefined),2026-01-21 14:07:53,71.4,,,
content_transformation_005,Email-Newsletter Adaptation,"{'asset_id': 'content_transformation_005', 'tier': 'Tier 1 (Undefined)'}",12.8/40,29.8,,,5.5,100,mistral-nemo:12b-instruct-2407-q4_K_M,72.8,mistral-medium-latest,90.6,90.6,2815,-17.8,60.0/60,success,Tier 1 (Undefined),2026-01-21 14:08:23,72.8,,,
content_transformation_006,Sarcasm Shield (Incident Report),"{'asset_id': 'content_transformation_006', 'tier': 'Tier 1 (Undefined)'}",45.0/70,10.6,,,4.2,100,mistral-nemo:12b-instruct-2407-q4_K_M,75.0,mistral-medium-latest,82.5,82.5,1456,-7.5,30.0/30,success,Tier 1 (Undefined),2026-01-21 14:08:34,75.0,,,
cultural_intel_001,German Tech Localization,"{'asset_id': 'cultural_intel_001', 'tier': 'Tier 1 (Undefined)'}",,3.3,,,15.3,100,mistral-nemo:12b-instruct-2407-q4_K_M,80.0,mistral-medium-latest,90.0,90.0,385,-10.0,,success,Tier 1 (Undefined),2026-01-21 14:08:37,80,,80/100,80/100
cultural_intel_002,Inclusive Job Ad,"{'asset_id': 'cultural_intel_002', 'tier': 'Tier 1 (Undefined)'}",,3.3,,,6.3,100,mistral-nemo:12b-instruct-2407-q4_K_M,90.0,mistral-medium-latest,90.0,90.0,334,0.0,,success,Tier 1 (Undefined),2026-01-21 14:08:41,90,,90/100,90/100
cultural_intel_003,Berlin Agency Vibe,"{'asset_id': 'cultural_intel_003', 'tier': 'Tier 1 (Undefined)'}",,2.5,,,7.4,100,mistral-nemo:12b-instruct-2407-q4_K_M,60.0,mistral-medium-latest,90.0,90.0,229,-30.0,,success,Tier 1 (Undefined),2026-01-21 14:08:43,60,,60/100,60/100
reasoning_001_river,Reasoning 001: River Crossing Puzzle,"{'asset_id': 'reasoning_001_river', 'tier': 'Tier 1 (Operational Logic)'}",60.0/100.0,13.3,,,4.5,100.0,mistral-nemo:12b-instruct-2407-q4_K_M,66.0,mistral-medium-latest,78.0,78.0,1382,-12.0,6.0/100.0,success,Tier 1 (Operational Logic),2026-01-21 14:08:56,66.0,0.0/100.0,,
reasoning_5a_001,Reasoning 5A: Code Logic Debugging (Infinite Loop),"{'asset_id': 'reasoning_5a_001', 'tier': 'Tier 2 (Deep Reasoning)'}",20.0/100.0,17.3,,,19.9,100.0,mistral-nemo:12b-instruct-2407-q4_K_M,35.0,mistral-medium-latest,55.0,55.0,2107,-20.0,10.0/100.0,success,Tier 2 (Deep Reasoning),2026-01-21 14:09:14,35.0,5.0/100.0,,
reasoning_5b_001,Complex Reasoning Chains: Cross-Domain Root Cause,"{'asset_id': 'reasoning_5b_001', 'tier': 'Tier 2 (Deep Reasoning)'}",26.666666666666664/100.0,27.8,,,4.2,100.0,mistral-nemo:12b-instruct-2407-q4_K_M,61.7,mistral-medium-latest,56.7,56.666666666666664,3279,5.0,30.0/100.0,success,Tier 2 (Deep Reasoning),2026-01-21 14:09:41,61.666666666666664,5.0/100.0,,
reasoning_5c_001,Reasoning 5C: The Scheduling Paradox (Impossible Constraint),"{'asset_id': 'reasoning_5c_001', 'tier': 'Tier 2 (Deep Reasoning)'}",40.0/100.0,12.0,,,3.6,100.0,mistral-nemo:12b-instruct-2407-q4_K_M,100.0,mistral-medium-latest,100.0,100.0,1300,0.0,50.0/100.0,success,Tier 2 (Deep Reasoning),2026-01-21 14:09:53,100.0,10.0/100.0,,
reasoning_5d_001,Reasoning 5D: The Hidden Deadlock (Tier 2),"{'asset_id': 'reasoning_5d_001', 'tier': 'Tier 2 (Deep Reasoning)'}",0.0/100.0,9.5,,,3.6,100.0,mistral-nemo:12b-instruct-2407-q4_K_M,0.0,mistral-medium-latest,100.0,100.0,1112,-100.0,0.0/100.0,success,Tier 2 (Deep Reasoning),2026-01-21 14:10:03,0.0,0.0/100.0,,
code_quality_001,WCAG 2.2 Audit (Tiered Difficulty),"{'asset_id': 'code_quality_001', 'tier': 'Tier 1 (Undefined)'}",4.0/60,6.7,0/0,0.0/10,1.3,100,dolphin-llama3:8b,4.0,mistral-medium-latest,95.0,95.0,211,-91.0,0.0/30,success,Tier 1 (Undefined),2026-01-21 15:53:12,4.0,,,
code_quality_002,Security Audit (Tiered Difficulty),"{'asset_id': 'code_quality_002', 'tier': 'Tier 1 (Undefined)'}",14.0/60,8.8,0/0,0.0/10,3.5,100,dolphin-llama3:8b,24.0,mistral-medium-latest,76.0,76.0,1083,-52.0,10.0/30,success,Tier 1 (Undefined),2026-01-21 15:53:21,24.0,,,
code_quality_003,Web Performance Audit (Tiered Difficulty),"{'asset_id': 'code_quality_003', 'tier': 'Tier 1 (Undefined)'}",0.0/60,3.1,0/0,0.0/10,1.2,100,dolphin-llama3:8b,0.0,mistral-medium-latest,80.0,80.0,155,-80.0,0.0/30,success,Tier 1 (Undefined),2026-01-21 15:53:24,0.0,,,
code_quality_004,REST API Design Audit (Tiered Difficulty),"{'asset_id': 'code_quality_004', 'tier': 'Tier 1 (Undefined)'}",10.0/60,10.7,0/0,0.0/10,2.2,100,dolphin-llama3:8b,20.0,mistral-medium-latest,80.0,80.0,1606,-60.0,10.0/30,success,Tier 1 (Undefined),2026-01-21 15:53:35,20.0,,,
code_quality_005,Code Smells Audit (Tiered Difficulty),"{'asset_id': 'code_quality_005', 'tier': 'Tier 1 (Undefined)'}",15.0/60,7.3,0/0,0.0/10,6.1,100,dolphin-llama3:8b,15.0,mistral-medium-latest,95.0,95.0,1023,-80.0,0.0/30,success,Tier 1 (Undefined),2026-01-21 15:53:42,15.0,,,
ux_writing_001,Error Messages - User-Friendly Rewriting,"{'asset_id': 'ux_writing_001', 'tier': 'Tier 1 (Undefined)'}",46.0/60,12.8,0/0,10.0/10,5.7,100,dolphin-llama3:8b,76.0,mistral-medium-latest,83.0,83.0,1586,-7.0,20.0/30,success,Tier 1 (Undefined),2026-01-21 15:53:55,76.0,,,
ux_writing_002,Button Labels - Context-Aware CTAs,"{'asset_id': 'ux_writing_002', 'tier': 'Tier 1 (Undefined)'}",38.0/60,16.8,0/0,0.0/10,4.5,100,dolphin-llama3:8b,58.0,mistral-medium-latest,90.0,90.0,1947,-32.0,20.0/30,success,Tier 1 (Undefined),2026-01-21 15:54:12,58.0,,,
ux_writing_003,Onboarding Flow - 3-Step Tutorial,"{'asset_id': 'ux_writing_003', 'tier': 'Tier 1 (Undefined)'}",50.0/60,20.6,0/0,10.0/10,20.8,100,dolphin-llama3:8b,80.0,mistral-medium-latest,90.0,90.0,2859,-10.0,20.0/30,success,Tier 1 (Undefined),2026-01-21 15:54:33,80.0,,,
ux_writing_004,Accessibility Labels - ARIA for Screen Readers,"{'asset_id': 'ux_writing_004', 'tier': 'Tier 1 (Undefined)'}",48.0/60,12.3,0/0,10.0/10,2.1,100,dolphin-llama3:8b,78.0,mistral-medium-latest,90.0,90.0,1440,-12.0,20.0/30,success,Tier 1 (Undefined),2026-01-21 15:54:45,78.0,,,
ux_writing_005,Microcopy Audit - Health App Context,"{'asset_id': 'ux_writing_005', 'tier': 'Tier 1 (Undefined)'}",25.0/60,17.6,0/0,0.0/10,7.8,100,dolphin-llama3:8b,35.0,mistral-medium-latest,90.0,90.0,2104,-55.0,10.0/30,success,Tier 1 (Undefined),2026-01-21 15:55:03,35.0,,,
documentation_quality_001,README Quality Assessment (Tiered),"{'asset_id': 'documentation_quality_001', 'tier': 'Tier 1 (Undefined)'}",0.0/100,7.7,,,2.5,130,dolphin-llama3:8b,7.7,mistral-medium-latest,66.5,86.5,893,-76.5,10/30,success,Tier 1 (Undefined),2026-01-21 15:55:11,10.0,,,
documentation_quality_002,REST API Endpoint Documentation,"{'asset_id': 'documentation_quality_002', 'tier': 'Tier 1 (Undefined)'}",6.0/100,18.4,,,2.7,130,dolphin-llama3:8b,20.0,mistral-medium-latest,85.8,111.5,2378,-85.5,20/30,success,Tier 1 (Undefined),2026-01-21 15:55:29,26.0,,,
documentation_quality_003,Component Library Props Documentation,"{'asset_id': 'documentation_quality_003', 'tier': 'Tier 1 (Undefined)'}",13.0/100,24.9,,,2.9,130,dolphin-llama3:8b,25.4,mistral-medium-latest,77.3,100.5,4895,-67.5,20/30,success,Tier 1 (Undefined),2026-01-21 15:55:54,33.0,,,
documentation_quality_004,Setup Guide - Local Dev Environment (Docker + Vite),"{'asset_id': 'documentation_quality_004', 'tier': 'Tier 1 (Undefined)'}",28.5/100,19.1,,,6.3,130,dolphin-llama3:8b,45.0,mistral-medium-latest,76.2,99.0,2816,-40.5,30/30,success,Tier 1 (Undefined),2026-01-21 15:56:13,58.5,,,
documentation_quality_005,Changelog - Git Commits to User-Facing Release Notes,"{'asset_id': 'documentation_quality_005', 'tier': 'Tier 1 (Undefined)'}",0.0/100,4.2,,,3.8,130,dolphin-llama3:8b,15.4,mistral-medium-latest,43.8,57.0,449,-37.0,20/30,success,Tier 1 (Undefined),2026-01-21 15:56:17,20.0,,,
content_transformation_001,Landing Page Copy Transformation,"{'asset_id': 'content_transformation_001', 'tier': 'Tier 1 (Undefined)'}",2.4/40,8.2,,,4.7,100,dolphin-llama3:8b,42.4,mistral-medium-latest,82.6,82.6,1018,-40.2,40.0/60,success,Tier 1 (Undefined),2026-01-21 15:56:26,42.4,,,
content_transformation_002,Twitter Thread Transformation,"{'asset_id': 'content_transformation_002', 'tier': 'Tier 1 (Undefined)'}",13.8/40,17.7,,,4.6,100,dolphin-llama3:8b,73.8,mistral-medium-latest,87.6,87.6,2202,-13.8,60.0/60,success,Tier 1 (Undefined),2026-01-21 15:56:43,73.8,,,
content_transformation_003,Glossar-Eintrag Simplification,"{'asset_id': 'content_transformation_003', 'tier': 'Tier 1 (Undefined)'}",14.8/40,21.5,,,2.3,100,dolphin-llama3:8b,74.8,mistral-medium-latest,86.0,86.0,2961,-11.2,60.0/60,success,Tier 1 (Undefined),2026-01-21 15:57:05,74.8,,,
content_transformation_004,Video-Script Transformation,"{'asset_id': 'content_transformation_004', 'tier': 'Tier 1 (Undefined)'}",11.4/40,16.0,,,2.5,100,dolphin-llama3:8b,71.4,mistral-medium-latest,96.0,96.0,2000,-24.6,60.0/60,success,Tier 1 (Undefined),2026-01-21 15:57:21,71.4,,,
content_transformation_005,Email-Newsletter Adaptation,"{'asset_id': 'content_transformation_005', 'tier': 'Tier 1 (Undefined)'}",11.4/40,20.3,,,2.9,100,dolphin-llama3:8b,71.4,mistral-medium-latest,90.6,90.6,3144,-19.2,60.0/60,success,Tier 1 (Undefined),2026-01-21 15:57:41,71.4,,,
content_transformation_006,Sarcasm Shield (Incident Report),"{'asset_id': 'content_transformation_006', 'tier': 'Tier 1 (Undefined)'}",45.0/70,6.3,,,3.1,100,dolphin-llama3:8b,65.0,mistral-medium-latest,82.5,82.5,1321,-17.5,20.0/30,success,Tier 1 (Undefined),2026-01-21 15:57:48,65.0,,,
cultural_intel_001,German Tech Localization,"{'asset_id': 'cultural_intel_001', 'tier': 'Tier 1 (Undefined)'}",,1.5,,,5.4,100,dolphin-llama3:8b,70.0,mistral-medium-latest,90.0,90.0,231,-20.0,,success,Tier 1 (Undefined),2026-01-21 15:57:49,70,,70/100,70/100
cultural_intel_002,Inclusive Job Ad,"{'asset_id': 'cultural_intel_002', 'tier': 'Tier 1 (Undefined)'}",,2.1,,,11.9,100,dolphin-llama3:8b,60.0,mistral-medium-latest,90.0,90.0,253,-30.0,,success,Tier 1 (Undefined),2026-01-21 15:57:51,60,,60/100,60/100
cultural_intel_003,Berlin Agency Vibe,"{'asset_id': 'cultural_intel_003', 'tier': 'Tier 1 (Undefined)'}",,1.9,,,6.4,100,dolphin-llama3:8b,20.0,mistral-medium-latest,90.0,90.0,215,-70.0,,success,Tier 1 (Undefined),2026-01-21 15:57:53,20,,20/100,20/100
reasoning_001_river,Reasoning 001: River Crossing Puzzle,"{'asset_id': 'reasoning_001_river', 'tier': 'Tier 1 (Operational Logic)'}",60.0/100.0,7.1,,,2.9,100.0,dolphin-llama3:8b,83.0,mistral-medium-latest,78.0,78.0,1207,5.0,18.0/100.0,success,Tier 1 (Operational Logic),2026-01-21 15:58:00,83.0,5.0/100.0,,
reasoning_5a_001,Reasoning 5A: Code Logic Debugging (Infinite Loop),"{'asset_id': 'reasoning_5a_001', 'tier': 'Tier 2 (Deep Reasoning)'}",26.666666666666664/100.0,6.3,,,17.3,100.0,dolphin-llama3:8b,31.7,mistral-medium-latest,55.0,55.0,1044,-23.3,0.0/100.0,success,Tier 2 (Deep Reasoning),2026-01-21 15:58:07,31.666666666666664,5.0/100.0,,
reasoning_5b_001,Complex Reasoning Chains: Cross-Domain Root Cause,"{'asset_id': 'reasoning_5b_001', 'tier': 'Tier 2 (Deep Reasoning)'}",26.666666666666664/100.0,9.0,,,5.0,100.0,dolphin-llama3:8b,51.7,mistral-medium-latest,56.7,56.666666666666664,1662,-5.0,20.0/100.0,success,Tier 2 (Deep Reasoning),2026-01-21 15:58:16,51.666666666666664,5.0/100.0,,
reasoning_5c_001,Reasoning 5C: The Scheduling Paradox (Impossible Constraint),"{'asset_id': 'reasoning_5c_001', 'tier': 'Tier 2 (Deep Reasoning)'}",40.0/100.0,7.1,,,4.5,100.0,dolphin-llama3:8b,100.0,mistral-medium-latest,100.0,100.0,1248,0.0,50.0/100.0,success,Tier 2 (Deep Reasoning),2026-01-21 15:58:23,100.0,10.0/100.0,,
reasoning_5d_001,Reasoning 5D: The Hidden Deadlock (Tier 2),"{'asset_id': 'reasoning_5d_001', 'tier': 'Tier 2 (Deep Reasoning)'}",0.0/100.0,3.9,,,9.4,100.0,dolphin-llama3:8b,0.0,mistral-medium-latest,100.0,100.0,739,-100.0,0.0/100.0,success,Tier 2 (Deep Reasoning),2026-01-21 15:58:27,0.0,0.0/100.0,,
code_quality_001,WCAG 2.2 Audit (Tiered Difficulty),"{'asset_id': 'code_quality_001', 'tier': 'Tier 1 (Undefined)'}",44.0/60,51.5,0/0,0.0/10,12.9,100,cogito:14b,64.0,mistral-medium-latest,95.0,95.0,3044,-31.0,20.0/30,success,Tier 1 (Undefined),2026-01-21 16:04:58,64.0,,,
code_quality_002,Security Audit (Tiered Difficulty),"{'asset_id': 'code_quality_002', 'tier': 'Tier 1 (Undefined)'}",38.0/60,40.2,0/0,0.0/10,20.0,100,cogito:14b,58.0,mistral-medium-latest,76.0,76.0,3092,-18.0,20.0/30,success,Tier 1 (Undefined),2026-01-21 16:05:38,58.0,,,
code_quality_003,Web Performance Audit (Tiered Difficulty),"{'asset_id': 'code_quality_003', 'tier': 'Tier 1 (Undefined)'}",27.0/60,37.2,0/0,0.0/10,13.0,100,cogito:14b,57.0,mistral-medium-latest,80.0,80.0,3005,-23.0,30.0/30,success,Tier 1 (Undefined),2026-01-21 16:06:16,57.0,,,
code_quality_004,REST API Design Audit (Tiered Difficulty),"{'asset_id': 'code_quality_004', 'tier': 'Tier 1 (Undefined)'}",30.0/60,44.1,0/0,0.0/10,4.5,100,cogito:14b,50.0,mistral-medium-latest,80.0,80.0,3550,-30.0,20.0/30,success,Tier 1 (Undefined),2026-01-21 16:07:00,50.0,,,
code_quality_005,Code Smells Audit (Tiered Difficulty),"{'asset_id': 'code_quality_005', 'tier': 'Tier 1 (Undefined)'}",25.0/60,31.2,0/0,0.0/10,9.4,100,cogito:14b,35.0,mistral-medium-latest,95.0,95.0,2452,-60.0,10.0/30,success,Tier 1 (Undefined),2026-01-21 16:07:31,35.0,,,
ux_writing_001,Error Messages - User-Friendly Rewriting,"{'asset_id': 'ux_writing_001', 'tier': 'Tier 1 (Undefined)'}",45.0/60,34.1,0/0,10.0/10,17.8,100,cogito:14b,75.0,mistral-medium-latest,83.0,83.0,2614,-8.0,20.0/30,success,Tier 1 (Undefined),2026-01-21 16:08:06,75.0,,,
ux_writing_002,Button Labels - Context-Aware CTAs,"{'asset_id': 'ux_writing_002', 'tier': 'Tier 1 (Undefined)'}",45.0/60,28.2,0/0,10.0/10,6.6,100,cogito:14b,75.0,mistral-medium-latest,90.0,90.0,2024,-15.0,20.0/30,success,Tier 1 (Undefined),2026-01-21 16:08:34,75.0,,,
ux_writing_003,Onboarding Flow - 3-Step Tutorial,"{'asset_id': 'ux_writing_003', 'tier': 'Tier 1 (Undefined)'}",35.0/60,29.4,0/0,10.0/10,15.2,100,cogito:14b,55.0,mistral-medium-latest,90.0,90.0,2073,-35.0,10.0/30,success,Tier 1 (Undefined),2026-01-21 16:09:03,55.0,,,
ux_writing_004,Accessibility Labels - ARIA for Screen Readers,"{'asset_id': 'ux_writing_004', 'tier': 'Tier 1 (Undefined)'}",40.0/60,30.0,0/0,10.0/10,5.0,100,cogito:14b,70.0,mistral-medium-latest,90.0,90.0,1957,-20.0,20.0/30,success,Tier 1 (Undefined),2026-01-21 16:09:33,70.0,,,
ux_writing_005,Microcopy Audit - Health App Context,"{'asset_id': 'ux_writing_005', 'tier': 'Tier 1 (Undefined)'}",53.0/60,39.7,0/0,10.0/10,9.8,100,cogito:14b,83.0,mistral-medium-latest,90.0,90.0,2572,-7.0,20.0/30,success,Tier 1 (Undefined),2026-01-21 16:10:13,83.0,,,
documentation_quality_001,README Quality Assessment (Tiered),"{'asset_id': 'documentation_quality_001', 'tier': 'Tier 1 (Undefined)'}",24.25/100,34.9,,,4.2,130,cogito:14b,41.7,mistral-medium-latest,66.5,86.5,2648,-32.2,30/30,success,Tier 1 (Undefined),2026-01-21 16:10:48,54.25,,,
documentation_quality_002,REST API Endpoint Documentation,"{'asset_id': 'documentation_quality_002', 'tier': 'Tier 1 (Undefined)'}",56.5/100,44.8,,,6.7,130,cogito:14b,66.5,mistral-medium-latest,85.8,111.5,3597,-25.0,30/30,success,Tier 1 (Undefined),2026-01-21 16:11:33,86.5,,,
documentation_quality_003,Component Library Props Documentation,"{'asset_id': 'documentation_quality_003', 'tier': 'Tier 1 (Undefined)'}",62.0/100,67.9,,,5.4,130,cogito:14b,63.1,mistral-medium-latest,77.3,100.5,5455,-18.5,20/30,success,Tier 1 (Undefined),2026-01-21 16:12:41,82.0,,,
documentation_quality_004,Setup Guide - Local Dev Environment (Docker + Vite),"{'asset_id': 'documentation_quality_004', 'tier': 'Tier 1 (Undefined)'}",29.25/100,29.3,,,3.1,130,cogito:14b,30.2,mistral-medium-latest,76.2,99.0,1966,-59.8,10/30,success,Tier 1 (Undefined),2026-01-21 16:13:10,39.25,,,
documentation_quality_005,Changelog - Git Commits to User-Facing Release Notes,"{'asset_id': 'documentation_quality_005', 'tier': 'Tier 1 (Undefined)'}",18.0/100,38.2,,,4.6,130,cogito:14b,29.2,mistral-medium-latest,43.8,57.0,2867,-19.0,20/30,success,Tier 1 (Undefined),2026-01-21 16:13:49,38.0,,,
content_transformation_001,Landing Page Copy Transformation,"{'asset_id': 'content_transformation_001', 'tier': 'Tier 1 (Undefined)'}",11.8/40,25.5,,,5.2,100,cogito:14b,71.8,mistral-medium-latest,82.6,82.6,1841,-10.8,60.0/60,success,Tier 1 (Undefined),2026-01-21 16:14:14,71.8,,,
content_transformation_002,Twitter Thread Transformation,"{'asset_id': 'content_transformation_002', 'tier': 'Tier 1 (Undefined)'}",17.8/40,35.7,,,5.2,100,cogito:14b,77.8,mistral-medium-latest,87.6,87.6,1994,-9.8,60.0/60,success,Tier 1 (Undefined),2026-01-21 16:14:50,77.8,,,
content_transformation_003,Glossar-Eintrag Simplification,"{'asset_id': 'content_transformation_003', 'tier': 'Tier 1 (Undefined)'}",14.8/40,22.7,,,7.2,100,cogito:14b,74.8,mistral-medium-latest,86.0,86.0,1447,-11.2,60.0/60,success,Tier 1 (Undefined),2026-01-21 16:15:13,74.8,,,
content_transformation_004,Video-Script Transformation,"{'asset_id': 'content_transformation_004', 'tier': 'Tier 1 (Undefined)'}",18.2/40,50.2,,,5.0,100,cogito:14b,78.2,mistral-medium-latest,96.0,96.0,3053,-17.8,60.0/60,success,Tier 1 (Undefined),2026-01-21 16:16:03,78.2,,,
content_transformation_005,Email-Newsletter Adaptation,"{'asset_id': 'content_transformation_005', 'tier': 'Tier 1 (Undefined)'}",10.0/40,32.2,,,6.4,100,cogito:14b,70.0,mistral-medium-latest,90.6,90.6,1981,-20.6,60.0/60,success,Tier 1 (Undefined),2026-01-21 16:16:35,70.0,,,
content_transformation_006,Sarcasm Shield (Incident Report),"{'asset_id': 'content_transformation_006', 'tier': 'Tier 1 (Undefined)'}",45.0/70,11.0,,,0.8,100,cogito:14b,75.0,mistral-medium-latest,82.5,82.5,1243,-7.5,30.0/30,success,Tier 1 (Undefined),2026-01-21 16:16:46,75.0,,,
cultural_intel_001,German Tech Localization,"{'asset_id': 'cultural_intel_001', 'tier': 'Tier 1 (Undefined)'}",,7.6,,,15.3,100,cogito:14b,90.0,mistral-medium-latest,90.0,90.0,609,0.0,,success,Tier 1 (Undefined),2026-01-21 16:16:54,90,,90/100,90/100
cultural_intel_002,Inclusive Job Ad,"{'asset_id': 'cultural_intel_002', 'tier': 'Tier 1 (Undefined)'}",,4.9,,,10.2,100,cogito:14b,90.0,mistral-medium-latest,90.0,90.0,394,0.0,,success,Tier 1 (Undefined),2026-01-21 16:16:59,90,,90/100,90/100
cultural_intel_003,Berlin Agency Vibe,"{'asset_id': 'cultural_intel_003', 'tier': 'Tier 1 (Undefined)'}",,3.1,,,12.3,100,cogito:14b,90.0,mistral-medium-latest,90.0,90.0,236,0.0,,success,Tier 1 (Undefined),2026-01-21 16:17:02,90,,90/100,90/100
reasoning_001_river,Reasoning 001: River Crossing Puzzle,"{'asset_id': 'reasoning_001_river', 'tier': 'Tier 1 (Operational Logic)'}",60.0/100.0,21.1,,,3.3,100.0,cogito:14b,77.0,mistral-medium-latest,78.0,78.0,1809,-1.0,12.0/100.0,success,Tier 1 (Operational Logic),2026-01-21 16:17:23,77.0,5.0/100.0,,
reasoning_5a_001,Reasoning 5A: Code Logic Debugging (Infinite Loop),"{'asset_id': 'reasoning_5a_001', 'tier': 'Tier 2 (Deep Reasoning)'}",33.333333333333336/100.0,23.1,,,18.1,100.0,cogito:14b,48.3,mistral-medium-latest,55.0,55.0,2133,-6.7,10.0/100.0,success,Tier 2 (Deep Reasoning),2026-01-21 16:17:46,48.333333333333336,5.0/100.0,,
reasoning_5b_001,Complex Reasoning Chains: Cross-Domain Root Cause,"{'asset_id': 'reasoning_5b_001', 'tier': 'Tier 2 (Deep Reasoning)'}",26.666666666666664/100.0,30.7,,,5.7,100.0,cogito:14b,56.7,mistral-medium-latest,56.7,56.666666666666664,2130,0.0,20.0/100.0,success,Tier 2 (Deep Reasoning),2026-01-21 16:18:17,56.666666666666664,10.0/100.0,,
reasoning_5c_001,Reasoning 5C: The Scheduling Paradox (Impossible Constraint),"{'asset_id': 'reasoning_5c_001', 'tier': 'Tier 2 (Deep Reasoning)'}",40.0/100.0,12.4,,,5.6,100.0,cogito:14b,100.0,mistral-medium-latest,100.0,100.0,1196,0.0,50.0/100.0,success,Tier 2 (Deep Reasoning),2026-01-21 16:18:29,100.0,10.0/100.0,,
reasoning_5d_001,Reasoning 5D: The Hidden Deadlock (Tier 2),"{'asset_id': 'reasoning_5d_001', 'tier': 'Tier 2 (Deep Reasoning)'}",40.0/100.0,12.0,,,3.7,100.0,cogito:14b,100.0,mistral-medium-latest,100.0,100.0,1228,0.0,50.0/100.0,success,Tier 2 (Deep Reasoning),2026-01-21 16:18:41,100.0,10.0/100.0,,
code_quality_001,WCAG 2.2 Audit (Tiered Difficulty),"{'asset_id': 'code_quality_001', 'tier': 'Tier 1 (Undefined)'}",60.0/60,218.1,0/0,0.0/10,1.9,100,deepseek-r1:8b,80.0,mistral-medium-latest,95.0,95.0,26568,-15.0,20.0/30,success,Tier 1 (Undefined),2026-01-21 16:29:51,80.0,,,
code_quality_002,Security Audit (Tiered Difficulty),"{'asset_id': 'code_quality_002', 'tier': 'Tier 1 (Undefined)'}",48.0/60,109.7,0/0,0.0/10,3.1,100,deepseek-r1:8b,68.0,mistral-medium-latest,76.0,76.0,3450,-8.0,20.0/30,success,Tier 1 (Undefined),2026-01-21 16:31:40,68.0,,,
code_quality_003,Web Performance Audit (Tiered Difficulty),"{'asset_id': 'code_quality_003', 'tier': 'Tier 1 (Undefined)'}",30.0/60,88.6,0/0,0.0/10,7.9,100,deepseek-r1:8b,50.0,mistral-medium-latest,80.0,80.0,4653,-30.0,20.0/30,success,Tier 1 (Undefined),2026-01-21 16:33:09,50.0,,,
code_quality_004,REST API Design Audit (Tiered Difficulty),"{'asset_id': 'code_quality_004', 'tier': 'Tier 1 (Undefined)'}",30.0/60,103.8,0/0,0.0/10,7.0,100,deepseek-r1:8b,50.0,mistral-medium-latest,80.0,80.0,4882,-30.0,20.0/30,success,Tier 1 (Undefined),2026-01-21 16:34:53,50.0,,,
code_quality_005,Code Smells Audit (Tiered Difficulty),"{'asset_id': 'code_quality_005', 'tier': 'Tier 1 (Undefined)'}",35.0/60,78.0,0/0,0.0/10,4.8,100,deepseek-r1:8b,65.0,mistral-medium-latest,95.0,95.0,5534,-30.0,30.0/30,success,Tier 1 (Undefined),2026-01-21 16:36:11,65.0,,,
ux_writing_001,Error Messages - User-Friendly Rewriting,"{'asset_id': 'ux_writing_001', 'tier': 'Tier 1 (Undefined)'}",30.0/60,50.1,0/0,10.0/10,10.1,100,deepseek-r1:8b,60.0,mistral-medium-latest,83.0,83.0,2390,-23.0,20.0/30,success,Tier 1 (Undefined),2026-01-21 16:37:01,60.0,,,
ux_writing_002,Button Labels - Context-Aware CTAs,"{'asset_id': 'ux_writing_002', 'tier': 'Tier 1 (Undefined)'}",45.0/60,40.0,0/0,10.0/10,26.4,100,deepseek-r1:8b,75.0,mistral-medium-latest,90.0,90.0,4077,-15.0,20.0/30,success,Tier 1 (Undefined),2026-01-21 16:37:41,75.0,,,
ux_writing_003,Onboarding Flow - 3-Step Tutorial,"{'asset_id': 'ux_writing_003', 'tier': 'Tier 1 (Undefined)'}",60.0/60,55.1,0/0,10.0/10,13.0,100,deepseek-r1:8b,90.0,mistral-medium-latest,90.0,90.0,4682,0.0,20.0/30,success,Tier 1 (Undefined),2026-01-21 16:38:37,90.0,,,
ux_writing_004,Accessibility Labels - ARIA for Screen Readers,"{'asset_id': 'ux_writing_004', 'tier': 'Tier 1 (Undefined)'}",50.0/60,64.1,0/0,10.0/10,8.0,100,deepseek-r1:8b,80.0,mistral-medium-latest,90.0,90.0,3544,-10.0,20.0/30,success,Tier 1 (Undefined),2026-01-21 16:39:41,80.0,,,
ux_writing_005,Microcopy Audit - Health App Context,"{'asset_id': 'ux_writing_005', 'tier': 'Tier 1 (Undefined)'}",0.0/60,17.6,0/0,10.0/10,1.3,100,deepseek-r1:8b,10.0,mistral-medium-latest,90.0,90.0,4241,-80.0,0.0/30,success,Tier 1 (Undefined),2026-01-21 16:39:58,10.0,,,
documentation_quality_001,README Quality Assessment (Tiered),"{'asset_id': 'documentation_quality_001', 'tier': 'Tier 1 (Undefined)'}",18.25/100,26.9,,,3.3,130,deepseek-r1:8b,21.7,mistral-medium-latest,66.5,86.5,7773,-58.2,10/30,success,Tier 1 (Undefined),2026-01-21 16:40:25,28.25,,,
documentation_quality_002,REST API Endpoint Documentation,"{'asset_id': 'documentation_quality_002', 'tier': 'Tier 1 (Undefined)'}",56.5/100,107.1,,,5.5,130,deepseek-r1:8b,66.5,mistral-medium-latest,85.8,111.5,5361,-25.0,30/30,success,Tier 1 (Undefined),2026-01-21 16:42:12,86.5,,,
documentation_quality_003,Component Library Props Documentation,"{'asset_id': 'documentation_quality_003', 'tier': 'Tier 1 (Undefined)'}",31.5/100,72.2,,,7.0,130,deepseek-r1:8b,39.6,mistral-medium-latest,77.3,100.5,5832,-49.0,20/30,success,Tier 1 (Undefined),2026-01-21 16:43:25,51.5,,,
documentation_quality_004,Setup Guide - Local Dev Environment (Docker + Vite),"{'asset_id': 'documentation_quality_004', 'tier': 'Tier 1 (Undefined)'}",34.5/100,105.1,,,6.7,130,deepseek-r1:8b,34.2,mistral-medium-latest,76.2,99.0,5714,-54.5,10/30,success,Tier 1 (Undefined),2026-01-21 16:45:10,44.5,,,
documentation_quality_005,Changelog - Git Commits to User-Facing Release Notes,"{'asset_id': 'documentation_quality_005', 'tier': 'Tier 1 (Undefined)'}",29.0/100,56.0,,,4.9,130,deepseek-r1:8b,37.7,mistral-medium-latest,43.8,57.0,2508,-8.0,20/30,success,Tier 1 (Undefined),2026-01-21 16:46:06,49.0,,,
content_transformation_001,Landing Page Copy Transformation,"{'asset_id': 'content_transformation_001', 'tier': 'Tier 1 (Undefined)'}",13.8/40,46.9,,,5.2,100,deepseek-r1:8b,53.8,mistral-medium-latest,82.6,82.6,3577,-28.8,40.0/60,success,Tier 1 (Undefined),2026-01-21 16:46:53,53.8,,,
content_transformation_002,Twitter Thread Transformation,"{'asset_id': 'content_transformation_002', 'tier': 'Tier 1 (Undefined)'}",25.2/40,59.0,,,7.6,100,deepseek-r1:8b,85.2,mistral-medium-latest,87.6,87.6,3641,-2.4,60.0/60,success,Tier 1 (Undefined),2026-01-21 16:47:52,85.2,,,
content_transformation_003,Glossar-Eintrag Simplification,"{'asset_id': 'content_transformation_003', 'tier': 'Tier 1 (Undefined)'}",19.2/40,25.0,,,6.1,100,deepseek-r1:8b,79.2,mistral-medium-latest,86.0,86.0,1395,-6.8,60.0/60,success,Tier 1 (Undefined),2026-01-21 16:48:17,79.2,,,
content_transformation_004,Video-Script Transformation,"{'asset_id': 'content_transformation_004', 'tier': 'Tier 1 (Undefined)'}",21.6/40,94.3,,,3.0,100,deepseek-r1:8b,81.6,mistral-medium-latest,96.0,96.0,7119,-14.4,60.0/60,success,Tier 1 (Undefined),2026-01-21 16:49:51,81.6,,,
content_transformation_005,Email-Newsletter Adaptation,"{'asset_id': 'content_transformation_005', 'tier': 'Tier 1 (Undefined)'}",15.4/40,56.9,,,9.7,100,deepseek-r1:8b,75.4,mistral-medium-latest,90.6,90.6,2804,-15.2,60.0/60,success,Tier 1 (Undefined),2026-01-21 16:50:48,75.4,,,
content_transformation_006,Sarcasm Shield (Incident Report),"{'asset_id': 'content_transformation_006', 'tier': 'Tier 1 (Undefined)'}",45.0/70,18.3,,,3.6,100,deepseek-r1:8b,75.0,mistral-medium-latest,82.5,82.5,1766,-7.5,30.0/30,success,Tier 1 (Undefined),2026-01-21 16:51:07,75.0,,,
cultural_intel_001,German Tech Localization,"{'asset_id': 'cultural_intel_001', 'tier': 'Tier 1 (Undefined)'}",,16.4,,,14.0,100,deepseek-r1:8b,60.0,mistral-medium-latest,90.0,90.0,222,-30.0,,success,Tier 1 (Undefined),2026-01-21 16:51:23,60,,60/100,60/100
cultural_intel_002,Inclusive Job Ad,"{'asset_id': 'cultural_intel_002', 'tier': 'Tier 1 (Undefined)'}",,15.8,,,5.5,100,deepseek-r1:8b,100.0,mistral-medium-latest,90.0,90.0,362,10.0,,success,Tier 1 (Undefined),2026-01-21 16:51:39,100,,100/100,100/100
cultural_intel_003,Berlin Agency Vibe,"{'asset_id': 'cultural_intel_003', 'tier': 'Tier 1 (Undefined)'}",,22.7,,,5.1,100,deepseek-r1:8b,70.0,mistral-medium-latest,90.0,90.0,884,-20.0,,success,Tier 1 (Undefined),2026-01-21 16:52:01,70,,70/100,70/100
reasoning_001_river,Reasoning 001: River Crossing Puzzle,"{'asset_id': 'reasoning_001_river', 'tier': 'Tier 1 (Operational Logic)'}",60.0/100.0,123.6,,,4.7,100.0,deepseek-r1:8b,78.0,mistral-medium-latest,78.0,78.0,3585,0.0,18.0/100.0,success,Tier 1 (Operational Logic),2026-01-21 16:54:05,78.0,0.0/100.0,,
reasoning_5a_001,Reasoning 5A: Code Logic Debugging (Infinite Loop),"{'asset_id': 'reasoning_5a_001', 'tier': 'Tier 2 (Deep Reasoning)'}",40.0/100.0,75.8,,,16.6,100.0,deepseek-r1:8b,80.0,mistral-medium-latest,55.0,55.0,2743,25.0,30.0/100.0,success,Tier 2 (Deep Reasoning),2026-01-21 16:55:21,80.0,10.0/100.0,,
reasoning_5b_001,Complex Reasoning Chains: Cross-Domain Root Cause,"{'asset_id': 'reasoning_5b_001', 'tier': 'Tier 2 (Deep Reasoning)'}",26.666666666666664/100.0,71.1,,,3.0,100.0,deepseek-r1:8b,66.7,mistral-medium-latest,56.7,56.666666666666664,7328,10.0,30.0/100.0,success,Tier 2 (Deep Reasoning),2026-01-21 16:56:32,66.66666666666666,10.0/100.0,,
reasoning_5c_001,Reasoning 5C: The Scheduling Paradox (Impossible Constraint),"{'asset_id': 'reasoning_5c_001', 'tier': 'Tier 2 (Deep Reasoning)'}",15.0/100.0,237.4,,,0.9,100.0,deepseek-r1:8b,15.0,mistral-medium-latest,100.0,100.0,34623,-85.0,0.0/100.0,success,Tier 2 (Deep Reasoning),2026-01-21 17:00:30,15.0,0.0/100.0,,
reasoning_5d_001,Reasoning 5D: The Hidden Deadlock (Tier 2),"{'asset_id': 'reasoning_5d_001', 'tier': 'Tier 2 (Deep Reasoning)'}",40.0/100.0,62.9,,,4.9,100.0,deepseek-r1:8b,100.0,mistral-medium-latest,100.0,100.0,406,0.0,50.0/100.0,success,Tier 2 (Deep Reasoning),2026-01-21 17:01:33,100.0,10.0/100.0,,
code_quality_001,WCAG 2.2 Audit (Tiered Difficulty),"{'asset_id': 'code_quality_001', 'tier': 'Tier 1 (Undefined)'}",43.0/60,61.0,0/0,0.0/10,19.7,100,phi4:latest,63.0,mistral-medium-latest,95.0,95.0,3641,-32.0,20.0/30,success,Tier 1 (Undefined),2026-01-21 18:41:59,63.0,,,
code_quality_002,Security Audit (Tiered Difficulty),"{'asset_id': 'code_quality_002', 'tier': 'Tier 1 (Undefined)'}",30.0/60,61.3,0/0,0.0/10,16.7,100,phi4:latest,50.0,mistral-medium-latest,76.0,76.0,4910,-26.0,20.0/30,success,Tier 1 (Undefined),2026-01-21 18:43:01,50.0,,,
code_quality_003,Web Performance Audit (Tiered Difficulty),"{'asset_id': 'code_quality_003', 'tier': 'Tier 1 (Undefined)'}",30.0/60,44.3,0/0,0.0/10,15.1,100,phi4:latest,40.0,mistral-medium-latest,80.0,80.0,3587,-40.0,10.0/30,success,Tier 1 (Undefined),2026-01-21 18:43:45,40.0,,,
code_quality_004,REST API Design Audit (Tiered Difficulty),"{'asset_id': 'code_quality_004', 'tier': 'Tier 1 (Undefined)'}",30.0/60,58.0,0/0,0.0/10,4.8,100,phi4:latest,50.0,mistral-medium-latest,80.0,80.0,5031,-30.0,20.0/30,success,Tier 1 (Undefined),2026-01-21 18:44:43,50.0,,,
code_quality_005,Code Smells Audit (Tiered Difficulty),"{'asset_id': 'code_quality_005', 'tier': 'Tier 1 (Undefined)'}",30.0/60,46.6,0/0,0.0/10,9.1,100,phi4:latest,60.0,mistral-medium-latest,95.0,95.0,3613,-35.0,30.0/30,success,Tier 1 (Undefined),2026-01-21 18:45:30,60.0,,,
ux_writing_001,Error Messages - User-Friendly Rewriting,"{'asset_id': 'ux_writing_001', 'tier': 'Tier 1 (Undefined)'}",53.0/60,48.2,0/0,10.0/10,13.1,100,phi4:latest,83.0,mistral-medium-latest,83.0,83.0,3797,0.0,20.0/30,success,Tier 1 (Undefined),2026-01-21 18:46:18,83.0,,,
ux_writing_002,Button Labels - Context-Aware CTAs,"{'asset_id': 'ux_writing_002', 'tier': 'Tier 1 (Undefined)'}",38.0/60,32.9,0/0,10.0/10,11.7,100,phi4:latest,68.0,mistral-medium-latest,90.0,90.0,2354,-22.0,20.0/30,success,Tier 1 (Undefined),2026-01-21 18:46:51,68.0,,,
ux_writing_003,Onboarding Flow - 3-Step Tutorial,"{'asset_id': 'ux_writing_003', 'tier': 'Tier 1 (Undefined)'}",38.0/60,31.1,0/0,10.0/10,13.8,100,phi4:latest,68.0,mistral-medium-latest,90.0,90.0,2328,-22.0,20.0/30,success,Tier 1 (Undefined),2026-01-21 18:47:22,68.0,,,
ux_writing_004,Accessibility Labels - ARIA for Screen Readers,"{'asset_id': 'ux_writing_004', 'tier': 'Tier 1 (Undefined)'}",50.0/60,40.8,0/0,10.0/10,4.9,100,phi4:latest,80.0,mistral-medium-latest,90.0,90.0,3218,-10.0,20.0/30,success,Tier 1 (Undefined),2026-01-21 18:48:03,80.0,,,
ux_writing_005,Microcopy Audit - Health App Context,"{'asset_id': 'ux_writing_005', 'tier': 'Tier 1 (Undefined)'}",60.0/60,65.2,0/0,10.0/10,8.4,100,phi4:latest,90.0,mistral-medium-latest,90.0,90.0,4568,0.0,20.0/30,success,Tier 1 (Undefined),2026-01-21 18:49:08,90.0,,,
documentation_quality_001,README Quality Assessment (Tiered),"{'asset_id': 'documentation_quality_001', 'tier': 'Tier 1 (Undefined)'}",37.25/100,57.4,,,6.1,130,phi4:latest,44.0,mistral-medium-latest,66.5,86.5,4587,-29.2,20/30,success,Tier 1 (Undefined),2026-01-21 18:50:06,57.25,,,
documentation_quality_002,REST API Endpoint Documentation,"{'asset_id': 'documentation_quality_002', 'tier': 'Tier 1 (Undefined)'}",49.0/100,58.0,,,6.9,130,phi4:latest,60.8,mistral-medium-latest,85.8,111.5,4581,-32.5,30/30,success,Tier 1 (Undefined),2026-01-21 18:51:04,79.0,,,
documentation_quality_003,Component Library Props Documentation,"{'asset_id': 'documentation_quality_003', 'tier': 'Tier 1 (Undefined)'}",37.0/100,55.5,,,17.7,130,phi4:latest,43.8,mistral-medium-latest,77.3,100.5,5077,-43.5,20/30,success,Tier 1 (Undefined),2026-01-21 18:51:59,57.0,,,
documentation_quality_004,Setup Guide - Local Dev Environment (Docker + Vite),"{'asset_id': 'documentation_quality_004', 'tier': 'Tier 1 (Undefined)'}",59.0/100,68.6,,,6.7,130,phi4:latest,68.5,mistral-medium-latest,76.2,99.0,5677,-10.0,30/30,success,Tier 1 (Undefined),2026-01-21 18:53:08,89.0,,,
documentation_quality_005,Changelog - Git Commits to User-Facing Release Notes,"{'asset_id': 'documentation_quality_005', 'tier': 'Tier 1 (Undefined)'}",42.5/100,57.0,,,4.4,130,phi4:latest,55.8,mistral-medium-latest,43.8,57.0,4767,15.5,30/30,success,Tier 1 (Undefined),2026-01-21 18:54:05,72.5,,,
content_transformation_001,Landing Page Copy Transformation,"{'asset_id': 'content_transformation_001', 'tier': 'Tier 1 (Undefined)'}",11.8/40,35.1,,,8.4,100,phi4:latest,71.8,mistral-medium-latest,82.6,82.6,2616,-10.8,60.0/60,success,Tier 1 (Undefined),2026-01-21 18:54:40,71.8,,,
content_transformation_002,Twitter Thread Transformation,"{'asset_id': 'content_transformation_002', 'tier': 'Tier 1 (Undefined)'}",18.8/40,39.3,,,10.6,100,phi4:latest,78.8,mistral-medium-latest,87.6,87.6,2775,-8.8,60.0/60,success,Tier 1 (Undefined),2026-01-21 18:55:20,78.8,,,
content_transformation_003,Glossar-Eintrag Simplification,"{'asset_id': 'content_transformation_003', 'tier': 'Tier 1 (Undefined)'}",21.6/40,28.3,,,2.1,100,phi4:latest,81.6,mistral-medium-latest,86.0,86.0,2086,-4.4,60.0/60,success,Tier 1 (Undefined),2026-01-21 18:55:48,81.6,,,
content_transformation_004,Video-Script Transformation,"{'asset_id': 'content_transformation_004', 'tier': 'Tier 1 (Undefined)'}",20.8/40,64.1,,,4.1,100,phi4:latest,80.8,mistral-medium-latest,96.0,96.0,4865,-15.2,60.0/60,success,Tier 1 (Undefined),2026-01-21 18:56:52,80.8,,,
content_transformation_005,Email-Newsletter Adaptation,"{'asset_id': 'content_transformation_005', 'tier': 'Tier 1 (Undefined)'}",10.4/40,43.6,,,4.8,100,phi4:latest,70.4,mistral-medium-latest,90.6,90.6,3633,-20.2,60.0/60,success,Tier 1 (Undefined),2026-01-21 18:57:36,70.4,,,
content_transformation_006,Sarcasm Shield (Incident Report),"{'asset_id': 'content_transformation_006', 'tier': 'Tier 1 (Undefined)'}",62.5/70,20.1,,,6.4,100,phi4:latest,92.5,mistral-medium-latest,82.5,82.5,2501,10.0,30.0/30,success,Tier 1 (Undefined),2026-01-21 18:57:56,92.5,,,
cultural_intel_001,German Tech Localization,"{'asset_id': 'cultural_intel_001', 'tier': 'Tier 1 (Undefined)'}",,5.2,,,24.5,100,phi4:latest,90.0,mistral-medium-latest,90.0,90.0,394,0.0,,success,Tier 1 (Undefined),2026-01-21 18:58:01,90,,90/100,90/100
cultural_intel_002,Inclusive Job Ad,"{'asset_id': 'cultural_intel_002', 'tier': 'Tier 1 (Undefined)'}",,6.4,,,7.8,100,phi4:latest,100.0,mistral-medium-latest,90.0,90.0,475,10.0,,success,Tier 1 (Undefined),2026-01-21 18:58:08,100,,100/100,100/100
cultural_intel_003,Berlin Agency Vibe,"{'asset_id': 'cultural_intel_003', 'tier': 'Tier 1 (Undefined)'}",,4.4,,,7.1,100,phi4:latest,90.0,mistral-medium-latest,90.0,90.0,363,0.0,,success,Tier 1 (Undefined),2026-01-21 18:58:12,90,,90/100,90/100
reasoning_001_river,Reasoning 001: River Crossing Puzzle,"{'asset_id': 'reasoning_001_river', 'tier': 'Tier 1 (Operational Logic)'}",60.0/100.0,30.0,,,5.6,100.0,phi4:latest,83.0,mistral-medium-latest,78.0,78.0,2767,5.0,18.0/100.0,success,Tier 1 (Operational Logic),2026-01-21 18:58:42,83.0,5.0/100.0,,
reasoning_5a_001,Reasoning 5A: Code Logic Debugging (Infinite Loop),"{'asset_id': 'reasoning_5a_001', 'tier': 'Tier 2 (Deep Reasoning)'}",40.0/100.0,26.0,,,7.9,100.0,phi4:latest,55.0,mistral-medium-latest,55.0,55.0,2886,0.0,10.0/100.0,success,Tier 2 (Deep Reasoning),2026-01-21 18:59:08,55.0,5.0/100.0,,
reasoning_5b_001,Complex Reasoning Chains: Cross-Domain Root Cause,"{'asset_id': 'reasoning_5b_001', 'tier': 'Tier 2 (Deep Reasoning)'}",26.666666666666664/100.0,41.9,,,6.0,100.0,phi4:latest,61.7,mistral-medium-latest,56.7,56.666666666666664,3185,5.0,30.0/100.0,success,Tier 2 (Deep Reasoning),2026-01-21 18:59:50,61.666666666666664,5.0/100.0,,
reasoning_5c_001,Reasoning 5C: The Scheduling Paradox (Impossible Constraint),"{'asset_id': 'reasoning_5c_001', 'tier': 'Tier 2 (Deep Reasoning)'}",40.0/100.0,14.8,,,4.6,100.0,phi4:latest,100.0,mistral-medium-latest,100.0,100.0,1474,0.0,50.0/100.0,success,Tier 2 (Deep Reasoning),2026-01-21 19:00:05,100.0,10.0/100.0,,
reasoning_5d_001,Reasoning 5D: The Hidden Deadlock (Tier 2),"{'asset_id': 'reasoning_5d_001', 'tier': 'Tier 2 (Deep Reasoning)'}",40.0/100.0,16.8,,,8.6,100.0,phi4:latest,100.0,mistral-medium-latest,100.0,100.0,1816,0.0,50.0/100.0,success,Tier 2 (Deep Reasoning),2026-01-21 19:00:22,100.0,10.0/100.0,,
code_quality_001,WCAG 2.2 Audit (Tiered Difficulty),"{'asset_id': 'code_quality_001', 'tier': 'Tier 1 (Undefined)'}",48.0/60,27.1,0/0,0.0/10,6.4,100,gemma2:9b,68.0,mistral-medium-latest,95.0,95.0,2554,-27.0,20.0/30,success,Tier 1 (Undefined),2026-01-21 19:15:49,68.0,,,
code_quality_002,Security Audit (Tiered Difficulty),"{'asset_id': 'code_quality_002', 'tier': 'Tier 1 (Undefined)'}",31.0/60,31.1,0/0,0.0/10,6.9,100,gemma2:9b,41.0,mistral-medium-latest,76.0,76.0,3523,-35.0,10.0/30,success,Tier 1 (Undefined),2026-01-21 19:16:20,41.0,,,
code_quality_003,Web Performance Audit (Tiered Difficulty),"{'asset_id': 'code_quality_003', 'tier': 'Tier 1 (Undefined)'}",26.0/60,24.9,0/0,0.0/10,4.0,100,gemma2:9b,36.0,mistral-medium-latest,80.0,80.0,2762,-44.0,10.0/30,success,Tier 1 (Undefined),2026-01-21 19:16:45,36.0,,,
code_quality_004,REST API Design Audit (Tiered Difficulty),"{'asset_id': 'code_quality_004', 'tier': 'Tier 1 (Undefined)'}",40.0/60,31.8,0/0,0.0/10,7.1,100,gemma2:9b,60.0,mistral-medium-latest,80.0,80.0,3624,-20.0,20.0/30,success,Tier 1 (Undefined),2026-01-21 19:17:17,60.0,,,
code_quality_005,Code Smells Audit (Tiered Difficulty),"{'asset_id': 'code_quality_005', 'tier': 'Tier 1 (Undefined)'}",20.0/60,25.8,0/0,0.0/10,4.5,100,gemma2:9b,30.0,mistral-medium-latest,95.0,95.0,3342,-65.0,10.0/30,success,Tier 1 (Undefined),2026-01-21 19:17:43,30.0,,,
ux_writing_001,Error Messages - User-Friendly Rewriting,"{'asset_id': 'ux_writing_001', 'tier': 'Tier 1 (Undefined)'}",28.0/60,20.4,0/0,10.0/10,9.0,100,gemma2:9b,58.0,mistral-medium-latest,83.0,83.0,2359,-25.0,20.0/30,success,Tier 1 (Undefined),2026-01-21 19:18:04,58.0,,,
ux_writing_002,Button Labels - Context-Aware CTAs,"{'asset_id': 'ux_writing_002', 'tier': 'Tier 1 (Undefined)'}",38.0/60,16.8,0/0,10.0/10,11.0,100,gemma2:9b,68.0,mistral-medium-latest,90.0,90.0,1652,-22.0,20.0/30,success,Tier 1 (Undefined),2026-01-21 19:18:21,68.0,,,
ux_writing_003,Onboarding Flow - 3-Step Tutorial,"{'asset_id': 'ux_writing_003', 'tier': 'Tier 1 (Undefined)'}",28.0/60,16.7,0/0,10.0/10,10.3,100,gemma2:9b,58.0,mistral-medium-latest,90.0,90.0,1821,-32.0,20.0/30,success,Tier 1 (Undefined),2026-01-21 19:18:37,58.0,,,
ux_writing_004,Accessibility Labels - ARIA for Screen Readers,"{'asset_id': 'ux_writing_004', 'tier': 'Tier 1 (Undefined)'}",60.0/60,21.9,0/0,10.0/10,6.5,100,gemma2:9b,90.0,mistral-medium-latest,90.0,90.0,2089,0.0,20.0/30,success,Tier 1 (Undefined),2026-01-21 19:18:59,90.0,,,
ux_writing_005,Microcopy Audit - Health App Context,"{'asset_id': 'ux_writing_005', 'tier': 'Tier 1 (Undefined)'}",60.0/60,19.6,0/0,10.0/10,5.6,100,gemma2:9b,90.0,mistral-medium-latest,90.0,90.0,1941,0.0,20.0/30,success,Tier 1 (Undefined),2026-01-21 19:19:19,90.0,,,
documentation_quality_001,README Quality Assessment (Tiered),"{'asset_id': 'documentation_quality_001', 'tier': 'Tier 1 (Undefined)'}",37.5/100,27.8,,,2.0,130,gemma2:9b,44.2,mistral-medium-latest,66.5,86.5,3391,-29.0,20/30,success,Tier 1 (Undefined),2026-01-21 19:19:47,57.5,,,
documentation_quality_002,REST API Endpoint Documentation,"{'asset_id': 'documentation_quality_002', 'tier': 'Tier 1 (Undefined)'}",49.5/100,58.0,,,9.7,130,gemma2:9b,61.2,mistral-medium-latest,85.8,111.5,4862,-32.0,30/30,success,Tier 1 (Undefined),2026-01-21 19:20:45,79.5,,,
documentation_quality_003,Component Library Props Documentation,"{'asset_id': 'documentation_quality_003', 'tier': 'Tier 1 (Undefined)'}",25.0/100,45.4,,,5.4,130,gemma2:9b,34.6,mistral-medium-latest,77.3,100.5,4709,-55.5,20/30,success,Tier 1 (Undefined),2026-01-21 19:21:30,45.0,,,
documentation_quality_004,Setup Guide - Local Dev Environment (Docker + Vite),"{'asset_id': 'documentation_quality_004', 'tier': 'Tier 1 (Undefined)'}",30.5/100,46.4,,,5.2,130,gemma2:9b,46.5,mistral-medium-latest,76.2,99.0,4797,-38.5,30/30,success,Tier 1 (Undefined),2026-01-21 19:22:17,60.5,,,
documentation_quality_005,Changelog - Git Commits to User-Facing Release Notes,"{'asset_id': 'documentation_quality_005', 'tier': 'Tier 1 (Undefined)'}",30.5/100,24.4,,,2.8,130,gemma2:9b,46.5,mistral-medium-latest,43.8,57.0,2604,3.5,30/30,success,Tier 1 (Undefined),2026-01-21 19:22:41,60.5,,,
content_transformation_001,Landing Page Copy Transformation,"{'asset_id': 'content_transformation_001', 'tier': 'Tier 1 (Undefined)'}",9.8/40,17.2,,,7.0,100,gemma2:9b,69.8,mistral-medium-latest,82.6,82.6,1802,-12.8,60.0/60,success,Tier 1 (Undefined),2026-01-21 19:22:58,69.8,,,
content_transformation_002,Twitter Thread Transformation,"{'asset_id': 'content_transformation_002', 'tier': 'Tier 1 (Undefined)'}",18.6/40,25.2,,,5.5,100,gemma2:9b,78.6,mistral-medium-latest,87.6,87.6,2447,-9.0,60.0/60,success,Tier 1 (Undefined),2026-01-21 19:23:24,78.6,,,
content_transformation_003,Glossar-Eintrag Simplification,"{'asset_id': 'content_transformation_003', 'tier': 'Tier 1 (Undefined)'}",7.2/40,10.4,,,4.5,100,gemma2:9b,47.2,mistral-medium-latest,86.0,86.0,1032,-38.8,40.0/60,success,Tier 1 (Undefined),2026-01-21 19:23:34,47.2,,,
content_transformation_004,Video-Script Transformation,"{'asset_id': 'content_transformation_004', 'tier': 'Tier 1 (Undefined)'}",25.2/40,44.5,,,3.5,100,gemma2:9b,85.2,mistral-medium-latest,96.0,96.0,4297,-10.8,60.0/60,success,Tier 1 (Undefined),2026-01-21 19:24:19,85.2,,,
content_transformation_005,Email-Newsletter Adaptation,"{'asset_id': 'content_transformation_005', 'tier': 'Tier 1 (Undefined)'}",14.8/40,22.5,,,8.1,100,gemma2:9b,74.8,mistral-medium-latest,90.6,90.6,2194,-15.8,60.0/60,success,Tier 1 (Undefined),2026-01-21 19:24:41,74.8,,,
content_transformation_006,Sarcasm Shield (Incident Report),"{'asset_id': 'content_transformation_006', 'tier': 'Tier 1 (Undefined)'}",62.5/70,10.5,,,5.2,100,gemma2:9b,92.5,mistral-medium-latest,82.5,82.5,1682,10.0,30.0/30,success,Tier 1 (Undefined),2026-01-21 19:24:52,92.5,,,
cultural_intel_001,German Tech Localization,"{'asset_id': 'cultural_intel_001', 'tier': 'Tier 1 (Undefined)'}",,8.0,,,11.6,100,gemma2:9b,90.0,mistral-medium-latest,90.0,90.0,906,0.0,,success,Tier 1 (Undefined),2026-01-21 19:25:00,90,,90/100,90/100
cultural_intel_002,Inclusive Job Ad,"{'asset_id': 'cultural_intel_002', 'tier': 'Tier 1 (Undefined)'}",,2.8,,,10.6,100,gemma2:9b,100.0,mistral-medium-latest,90.0,90.0,347,10.0,,success,Tier 1 (Undefined),2026-01-21 19:25:03,100,,100/100,100/100
cultural_intel_003,Berlin Agency Vibe,"{'asset_id': 'cultural_intel_003', 'tier': 'Tier 1 (Undefined)'}",,1.1,,,12.9,100,gemma2:9b,100.0,mistral-medium-latest,90.0,90.0,86,10.0,,success,Tier 1 (Undefined),2026-01-21 19:25:04,100,,100/100,100/100
reasoning_001_river,Reasoning 001: River Crossing Puzzle,"{'asset_id': 'reasoning_001_river', 'tier': 'Tier 1 (Operational Logic)'}",60.0/100.0,12.3,,,5.1,100.0,gemma2:9b,78.0,mistral-medium-latest,78.0,78.0,1392,0.0,18.0/100.0,success,Tier 1 (Operational Logic),2026-01-21 19:25:16,78.0,0.0/100.0,,
reasoning_5a_001,Reasoning 5A: Code Logic Debugging (Infinite Loop),"{'asset_id': 'reasoning_5a_001', 'tier': 'Tier 2 (Deep Reasoning)'}",26.666666666666664/100.0,19.7,,,20.2,100.0,gemma2:9b,31.7,mistral-medium-latest,55.0,55.0,2310,-23.3,0.0/100.0,success,Tier 2 (Deep Reasoning),2026-01-21 19:25:36,31.666666666666664,5.0/100.0,,
reasoning_5b_001,Complex Reasoning Chains: Cross-Domain Root Cause,"{'asset_id': 'reasoning_5b_001', 'tier': 'Tier 2 (Deep Reasoning)'}",26.666666666666664/100.0,17.1,,,6.1,100.0,gemma2:9b,51.7,mistral-medium-latest,56.7,56.666666666666664,2031,-5.0,20.0/100.0,success,Tier 2 (Deep Reasoning),2026-01-21 19:25:53,51.666666666666664,5.0/100.0,,
reasoning_5c_001,Reasoning 5C: The Scheduling Paradox (Impossible Constraint),"{'asset_id': 'reasoning_5c_001', 'tier': 'Tier 2 (Deep Reasoning)'}",24.0/100.0,7.1,,,2.4,100.0,gemma2:9b,49.0,mistral-medium-latest,100.0,100.0,793,-51.0,25.0/100.0,success,Tier 2 (Deep Reasoning),2026-01-21 19:26:00,49.0,0.0/100.0,,
reasoning_5d_001,Reasoning 5D: The Hidden Deadlock (Tier 2),"{'asset_id': 'reasoning_5d_001', 'tier': 'Tier 2 (Deep Reasoning)'}",40.0/100.0,5.8,,,10.9,100.0,gemma2:9b,100.0,mistral-medium-latest,100.0,100.0,696,0.0,50.0/100.0,success,Tier 2 (Deep Reasoning),2026-01-21 19:26:06,100.0,10.0/100.0,,
code_quality_001,WCAG 2.2 Audit (Tiered Difficulty),"{'asset_id': 'code_quality_001', 'tier': 'Tier 1 (Undefined)'}",44.0/60,37.4,0/0,0.0/10,4.1,100,mistral-nemo:latest,64.0,mistral-medium-latest,95.0,95.0,3223,-31.0,20.0/30,success,Tier 1 (Undefined),2026-01-21 19:45:55,64.0,,,
code_quality_002,Security Audit (Tiered Difficulty),"{'asset_id': 'code_quality_002', 'tier': 'Tier 1 (Undefined)'}",27.0/60,55.6,0/0,0.0/10,8.6,100,mistral-nemo:latest,47.0,mistral-medium-latest,76.0,76.0,6049,-29.0,20.0/30,success,Tier 1 (Undefined),2026-01-21 19:46:50,47.0,,,
code_quality_003,Web Performance Audit (Tiered Difficulty),"{'asset_id': 'code_quality_003', 'tier': 'Tier 1 (Undefined)'}",30.0/60,41.6,0/0,0.0/10,8.1,100,mistral-nemo:latest,40.0,mistral-medium-latest,80.0,80.0,4526,-40.0,10.0/30,success,Tier 1 (Undefined),2026-01-21 19:47:32,40.0,,,
code_quality_004,REST API Design Audit (Tiered Difficulty),"{'asset_id': 'code_quality_004', 'tier': 'Tier 1 (Undefined)'}",40.0/60,39.2,0/0,0.0/10,1.7,100,mistral-nemo:latest,50.0,mistral-medium-latest,80.0,80.0,4646,-30.0,10.0/30,success,Tier 1 (Undefined),2026-01-21 19:48:11,50.0,,,
code_quality_005,Code Smells Audit (Tiered Difficulty),"{'asset_id': 'code_quality_005', 'tier': 'Tier 1 (Undefined)'}",35.0/60,32.2,0/0,0.0/10,4.7,100,mistral-nemo:latest,55.0,mistral-medium-latest,95.0,95.0,3771,-40.0,20.0/30,success,Tier 1 (Undefined),2026-01-21 19:48:44,55.0,,,
ux_writing_001,Error Messages - User-Friendly Rewriting,"{'asset_id': 'ux_writing_001', 'tier': 'Tier 1 (Undefined)'}",45.0/60,28.1,0/0,10.0/10,18.0,100,mistral-nemo:latest,75.0,mistral-medium-latest,83.0,83.0,2931,-8.0,20.0/30,success,Tier 1 (Undefined),2026-01-21 19:49:12,75.0,,,
ux_writing_002,Button Labels - Context-Aware CTAs,"{'asset_id': 'ux_writing_002', 'tier': 'Tier 1 (Undefined)'}",45.0/60,30.2,0/0,10.0/10,20.4,100,mistral-nemo:latest,75.0,mistral-medium-latest,90.0,90.0,3034,-15.0,20.0/30,success,Tier 1 (Undefined),2026-01-21 19:49:42,75.0,,,
ux_writing_003,Onboarding Flow - 3-Step Tutorial,"{'asset_id': 'ux_writing_003', 'tier': 'Tier 1 (Undefined)'}",60.0/60,25.5,0/0,10.0/10,15.0,100,mistral-nemo:latest,90.0,mistral-medium-latest,90.0,90.0,3006,0.0,20.0/30,success,Tier 1 (Undefined),2026-01-21 19:50:08,90.0,,,
ux_writing_004,Accessibility Labels - ARIA for Screen Readers,"{'asset_id': 'ux_writing_004', 'tier': 'Tier 1 (Undefined)'}",60.0/60,27.8,0/0,10.0/10,8.0,100,mistral-nemo:latest,90.0,mistral-medium-latest,90.0,90.0,3108,0.0,20.0/30,success,Tier 1 (Undefined),2026-01-21 19:50:36,90.0,,,
ux_writing_005,Microcopy Audit - Health App Context,"{'asset_id': 'ux_writing_005', 'tier': 'Tier 1 (Undefined)'}",55.0/60,55.6,0/0,10.0/10,5.8,100,mistral-nemo:latest,75.0,mistral-medium-latest,90.0,90.0,3816,-15.0,10.0/30,success,Tier 1 (Undefined),2026-01-21 19:51:31,75.0,,,
documentation_quality_001,README Quality Assessment (Tiered),"{'asset_id': 'documentation_quality_001', 'tier': 'Tier 1 (Undefined)'}",12.0/100,27.2,,,4.9,130,mistral-nemo:latest,16.9,mistral-medium-latest,66.5,86.5,1962,-64.5,10/30,success,Tier 1 (Undefined),2026-01-21 19:51:59,22.0,,,
documentation_quality_002,REST API Endpoint Documentation,"{'asset_id': 'documentation_quality_002', 'tier': 'Tier 1 (Undefined)'}",43.5/100,71.9,,,4.7,130,mistral-nemo:latest,56.5,mistral-medium-latest,85.8,111.5,5130,-38.0,30/30,success,Tier 1 (Undefined),2026-01-21 19:53:11,73.5,,,
documentation_quality_003,Component Library Props Documentation,"{'asset_id': 'documentation_quality_003', 'tier': 'Tier 1 (Undefined)'}",25.5/100,83.1,,,4.3,130,mistral-nemo:latest,35.0,mistral-medium-latest,77.3,100.5,6416,-55.0,20/30,success,Tier 1 (Undefined),2026-01-21 19:54:34,45.5,,,
documentation_quality_004,Setup Guide - Local Dev Environment (Docker + Vite),"{'asset_id': 'documentation_quality_004', 'tier': 'Tier 1 (Undefined)'}",34.5/100,94.4,,,5.9,130,mistral-nemo:latest,41.9,mistral-medium-latest,76.2,99.0,6428,-44.5,20/30,success,Tier 1 (Undefined),2026-01-21 19:56:08,54.5,,,
documentation_quality_005,Changelog - Git Commits to User-Facing Release Notes,"{'asset_id': 'documentation_quality_005', 'tier': 'Tier 1 (Undefined)'}",33.5/100,29.2,,,4.0,130,mistral-nemo:latest,48.8,mistral-medium-latest,43.8,57.0,1880,6.5,30/30,success,Tier 1 (Undefined),2026-01-21 19:56:38,63.5,,,
content_transformation_001,Landing Page Copy Transformation,"{'asset_id': 'content_transformation_001', 'tier': 'Tier 1 (Undefined)'}",10.8/40,26.2,,,6.5,100,mistral-nemo:latest,50.8,mistral-medium-latest,82.6,82.6,1695,-31.8,40.0/60,success,Tier 1 (Undefined),2026-01-21 19:57:04,50.8,,,
content_transformation_002,Twitter Thread Transformation,"{'asset_id': 'content_transformation_002', 'tier': 'Tier 1 (Undefined)'}",25.2/40,44.7,,,5.2,100,mistral-nemo:latest,85.2,mistral-medium-latest,87.6,87.6,2440,-2.4,60.0/60,success,Tier 1 (Undefined),2026-01-21 19:57:49,85.2,,,
content_transformation_003,Glossar-Eintrag Simplification,"{'asset_id': 'content_transformation_003', 'tier': 'Tier 1 (Undefined)'}",19.6/40,31.5,,,3.0,100,mistral-nemo:latest,79.6,mistral-medium-latest,86.0,86.0,2122,-6.4,60.0/60,success,Tier 1 (Undefined),2026-01-21 19:58:20,79.6,,,
content_transformation_004,Video-Script Transformation,"{'asset_id': 'content_transformation_004', 'tier': 'Tier 1 (Undefined)'}",16.8/40,1164.5,,,2.8,100,mistral-nemo:latest,76.8,mistral-medium-latest,96.0,96.0,3483,-19.2,60.0/60,success,Tier 1 (Undefined),2026-01-21 20:17:45,76.8,,,
content_transformation_005,Email-Newsletter Adaptation,"{'asset_id': 'content_transformation_005', 'tier': 'Tier 1 (Undefined)'}",10.4/40,32.9,,,4.2,100,mistral-nemo:latest,70.4,mistral-medium-latest,90.6,90.6,1749,-20.2,60.0/60,success,Tier 1 (Undefined),2026-01-21 20:18:18,70.4,,,
content_transformation_006,Sarcasm Shield (Incident Report),"{'asset_id': 'content_transformation_006', 'tier': 'Tier 1 (Undefined)'}",62.5/70,12.9,,,6.2,100,mistral-nemo:latest,92.5,mistral-medium-latest,82.5,82.5,1200,10.0,30.0/30,success,Tier 1 (Undefined),2026-01-21 20:18:31,92.5,,,
cultural_intel_001,German Tech Localization,"{'asset_id': 'cultural_intel_001', 'tier': 'Tier 1 (Undefined)'}",,2.5,,,17.2,100,mistral-nemo:latest,80.0,mistral-medium-latest,90.0,90.0,206,-10.0,,success,Tier 1 (Undefined),2026-01-21 20:18:33,80,,80/100,80/100
cultural_intel_002,Inclusive Job Ad,"{'asset_id': 'cultural_intel_002', 'tier': 'Tier 1 (Undefined)'}",,4.2,,,5.9,100,mistral-nemo:latest,90.0,mistral-medium-latest,90.0,90.0,307,0.0,,success,Tier 1 (Undefined),2026-01-21 20:18:37,90,,90/100,90/100
cultural_intel_003,Berlin Agency Vibe,"{'asset_id': 'cultural_intel_003', 'tier': 'Tier 1 (Undefined)'}",,3.2,,,9.4,100,mistral-nemo:latest,60.0,mistral-medium-latest,90.0,90.0,225,-30.0,,success,Tier 1 (Undefined),2026-01-21 20:18:41,60,,60/100,60/100
reasoning_001_river,Reasoning 001: River Crossing Puzzle,"{'asset_id': 'reasoning_001_river', 'tier': 'Tier 1 (Operational Logic)'}",60.0/100.0,17.5,,,4.1,100.0,mistral-nemo:latest,78.0,mistral-medium-latest,78.0,78.0,1226,0.0,18.0/100.0,success,Tier 1 (Operational Logic),2026-01-21 20:18:58,78.0,0.0/100.0,,
reasoning_5a_001,Reasoning 5A: Code Logic Debugging (Infinite Loop),"{'asset_id': 'reasoning_5a_001', 'tier': 'Tier 2 (Deep Reasoning)'}",33.333333333333336/100.0,17.4,,,25.3,100.0,mistral-nemo:latest,53.3,mistral-medium-latest,55.0,55.0,1464,-1.7,10.0/100.0,success,Tier 2 (Deep Reasoning),2026-01-21 20:19:16,53.333333333333336,10.0/100.0,,
reasoning_5b_001,Complex Reasoning Chains: Cross-Domain Root Cause,"{'asset_id': 'reasoning_5b_001', 'tier': 'Tier 2 (Deep Reasoning)'}",26.666666666666664/100.0,32.2,,,3.8,100.0,mistral-nemo:latest,61.7,mistral-medium-latest,56.7,56.666666666666664,2655,5.0,30.0/100.0,success,Tier 2 (Deep Reasoning),2026-01-21 20:19:48,61.666666666666664,5.0/100.0,,
reasoning_5c_001,Reasoning 5C: The Scheduling Paradox (Impossible Constraint),"{'asset_id': 'reasoning_5c_001', 'tier': 'Tier 2 (Deep Reasoning)'}",40.0/100.0,19.7,,,6.0,100.0,mistral-nemo:latest,100.0,mistral-medium-latest,100.0,100.0,1454,0.0,50.0/100.0,success,Tier 2 (Deep Reasoning),2026-01-21 20:20:08,100.0,10.0/100.0,,
reasoning_5d_001,Reasoning 5D: The Hidden Deadlock (Tier 2),"{'asset_id': 'reasoning_5d_001', 'tier': 'Tier 2 (Deep Reasoning)'}",0.0/100.0,16.2,,,9.3,100.0,mistral-nemo:latest,0.0,mistral-medium-latest,100.0,100.0,1238,-100.0,0.0/100.0,success,Tier 2 (Deep Reasoning),2026-01-21 20:20:24,0.0,0.0/100.0,,
code_quality_001,WCAG 2.2 Audit (Tiered Difficulty),"{'asset_id': 'code_quality_001', 'tier': 'Tier 1 (Undefined)'}",37.0/60,105.1,0/0,0.0/10,7.3,100,deepseek-r1:14b,57.0,mistral-medium-latest,95.0,95.0,5480,-38.0,20.0/30,success,Tier 1 (Undefined),2026-01-21 21:00:53,57.0,,,
code_quality_002,Security Audit (Tiered Difficulty),"{'asset_id': 'code_quality_002', 'tier': 'Tier 1 (Undefined)'}",34.0/60,69.8,0/0,0.0/10,9.3,100,deepseek-r1:14b,54.0,mistral-medium-latest,76.0,76.0,3583,-22.0,20.0/30,success,Tier 1 (Undefined),2026-01-21 21:02:03,54.0,,,
code_quality_003,Web Performance Audit (Tiered Difficulty),"{'asset_id': 'code_quality_003', 'tier': 'Tier 1 (Undefined)'}",35.0/60,69.9,0/0,0.0/10,10.3,100,deepseek-r1:14b,45.0,mistral-medium-latest,80.0,80.0,3910,-35.0,10.0/30,success,Tier 1 (Undefined),2026-01-21 21:03:13,45.0,,,
code_quality_004,REST API Design Audit (Tiered Difficulty),"{'asset_id': 'code_quality_004', 'tier': 'Tier 1 (Undefined)'}",55.0/60,1404.8,0/0,0.0/10,1.0,100,deepseek-r1:14b,75.0,mistral-medium-latest,80.0,80.0,121105,-5.0,20.0/30,success,Tier 1 (Undefined),2026-01-21 21:26:38,75.0,,,
code_quality_005,Code Smells Audit (Tiered Difficulty),"{'asset_id': 'code_quality_005', 'tier': 'Tier 1 (Undefined)'}",30.0/60,73.2,0/0,0.0/10,7.7,100,deepseek-r1:14b,50.0,mistral-medium-latest,95.0,95.0,3162,-45.0,20.0/30,success,Tier 1 (Undefined),2026-01-21 21:27:51,50.0,,,
ux_writing_001,Error Messages - User-Friendly Rewriting,"{'asset_id': 'ux_writing_001', 'tier': 'Tier 1 (Undefined)'}",10.0/60,49.1,0/0,10.0/10,8.8,100,deepseek-r1:14b,20.0,mistral-medium-latest,83.0,83.0,1388,-63.0,0.0/30,success,Tier 1 (Undefined),2026-01-21 21:28:41,20.0,,,
ux_writing_002,Button Labels - Context-Aware CTAs,"{'asset_id': 'ux_writing_002', 'tier': 'Tier 1 (Undefined)'}",38.0/60,45.4,0/0,10.0/10,1.3,100,deepseek-r1:14b,68.0,mistral-medium-latest,90.0,90.0,2101,-22.0,20.0/30,success,Tier 1 (Undefined),2026-01-21 21:29:27,68.0,,,
ux_writing_003,Onboarding Flow - 3-Step Tutorial,"{'asset_id': 'ux_writing_003', 'tier': 'Tier 1 (Undefined)'}",60.0/60,271.8,0/0,10.0/10,22.5,100,deepseek-r1:14b,90.0,mistral-medium-latest,90.0,90.0,3834,0.0,20.0/30,success,Tier 1 (Undefined),2026-01-21 21:33:58,90.0,,,
ux_writing_004,Accessibility Labels - ARIA for Screen Readers,"{'asset_id': 'ux_writing_004', 'tier': 'Tier 1 (Undefined)'}",60.0/60,72.7,0/0,10.0/10,10.1,100,deepseek-r1:14b,90.0,mistral-medium-latest,90.0,90.0,5426,0.0,20.0/30,success,Tier 1 (Undefined),2026-01-21 21:35:11,90.0,,,
ux_writing_005,Microcopy Audit - Health App Context,"{'asset_id': 'ux_writing_005', 'tier': 'Tier 1 (Undefined)'}",45.0/60,86.6,0/0,10.0/10,7.3,100,deepseek-r1:14b,75.0,mistral-medium-latest,90.0,90.0,5898,-15.0,20.0/30,success,Tier 1 (Undefined),2026-01-21 21:36:38,75.0,,,
documentation_quality_001,README Quality Assessment (Tiered),"{'asset_id': 'documentation_quality_001', 'tier': 'Tier 1 (Undefined)'}",12.25/100,74.0,,,2.6,130,deepseek-r1:14b,24.8,mistral-medium-latest,66.5,86.5,4072,-54.2,20/30,success,Tier 1 (Undefined),2026-01-21 21:37:52,32.25,,,
documentation_quality_002,REST API Endpoint Documentation,"{'asset_id': 'documentation_quality_002', 'tier': 'Tier 1 (Undefined)'}",43.0/100,92.0,,,9.6,130,deepseek-r1:14b,56.2,mistral-medium-latest,85.8,111.5,4973,-38.5,30/30,success,Tier 1 (Undefined),2026-01-21 21:39:24,73.0,,,
documentation_quality_003,Component Library Props Documentation,"{'asset_id': 'documentation_quality_003', 'tier': 'Tier 1 (Undefined)'}",25.0/100,101.7,,,16.8,130,deepseek-r1:14b,34.6,mistral-medium-latest,77.3,100.5,7035,-55.5,20/30,success,Tier 1 (Undefined),2026-01-21 21:41:06,45.0,,,
documentation_quality_004,Setup Guide - Local Dev Environment (Docker + Vite),"{'asset_id': 'documentation_quality_004', 'tier': 'Tier 1 (Undefined)'}",57.0/100,115.5,,,4.6,130,deepseek-r1:14b,59.2,mistral-medium-latest,76.2,99.0,6534,-22.0,20/30,success,Tier 1 (Undefined),2026-01-21 21:43:01,77.0,,,
documentation_quality_005,Changelog - Git Commits to User-Facing Release Notes,"{'asset_id': 'documentation_quality_005', 'tier': 'Tier 1 (Undefined)'}",6.0/100,72.0,,,4.1,130,deepseek-r1:14b,27.7,mistral-medium-latest,43.8,57.0,2819,-21.0,30/30,success,Tier 1 (Undefined),2026-01-21 21:44:13,36.0,,,
content_transformation_001,Landing Page Copy Transformation,"{'asset_id': 'content_transformation_001', 'tier': 'Tier 1 (Undefined)'}",15.8/40,49.5,,,5.8,100,deepseek-r1:14b,75.8,mistral-medium-latest,82.6,82.6,2390,-6.8,60.0/60,success,Tier 1 (Undefined),2026-01-21 21:45:03,75.8,,,
content_transformation_002,Twitter Thread Transformation,"{'asset_id': 'content_transformation_002', 'tier': 'Tier 1 (Undefined)'}",23.2/40,47.2,,,6.9,100,deepseek-r1:14b,83.2,mistral-medium-latest,87.6,87.6,2378,-4.4,60.0/60,success,Tier 1 (Undefined),2026-01-21 21:45:50,83.2,,,
content_transformation_003,Glossar-Eintrag Simplification,"{'asset_id': 'content_transformation_003', 'tier': 'Tier 1 (Undefined)'}",9.8/40,29.0,,,3.6,100,deepseek-r1:14b,49.8,mistral-medium-latest,86.0,86.0,1225,-36.2,40.0/60,success,Tier 1 (Undefined),2026-01-21 21:46:19,49.8,,,
content_transformation_004,Video-Script Transformation,"{'asset_id': 'content_transformation_004', 'tier': 'Tier 1 (Undefined)'}",23.0/40,75.0,,,4.0,100,deepseek-r1:14b,83.0,mistral-medium-latest,96.0,96.0,4066,-13.0,60.0/60,success,Tier 1 (Undefined),2026-01-21 21:47:34,83.0,,,
content_transformation_005,Email-Newsletter Adaptation,"{'asset_id': 'content_transformation_005', 'tier': 'Tier 1 (Undefined)'}",10.8/40,45.7,,,6.7,100,deepseek-r1:14b,70.8,mistral-medium-latest,90.6,90.6,2322,-19.8,60.0/60,success,Tier 1 (Undefined),2026-01-21 21:48:20,70.8,,,
content_transformation_006,Sarcasm Shield (Incident Report),"{'asset_id': 'content_transformation_006', 'tier': 'Tier 1 (Undefined)'}",45.0/70,26.3,,,6.0,100,deepseek-r1:14b,75.0,mistral-medium-latest,82.5,82.5,1405,-7.5,30.0/30,success,Tier 1 (Undefined),2026-01-21 21:48:46,75.0,,,
cultural_intel_001,German Tech Localization,"{'asset_id': 'cultural_intel_001', 'tier': 'Tier 1 (Undefined)'}",,15.5,,,16.6,100,deepseek-r1:14b,90.0,mistral-medium-latest,90.0,90.0,236,0.0,,success,Tier 1 (Undefined),2026-01-21 21:49:02,90,,90/100,90/100
cultural_intel_002,Inclusive Job Ad,"{'asset_id': 'cultural_intel_002', 'tier': 'Tier 1 (Undefined)'}",,36.3,,,2.0,100,deepseek-r1:14b,80.0,mistral-medium-latest,90.0,90.0,343,-10.0,,success,Tier 1 (Undefined),2026-01-21 21:49:38,80,,80/100,80/100
cultural_intel_003,Berlin Agency Vibe,"{'asset_id': 'cultural_intel_003', 'tier': 'Tier 1 (Undefined)'}",,27.4,,,8.5,100,deepseek-r1:14b,90.0,mistral-medium-latest,90.0,90.0,419,0.0,,success,Tier 1 (Undefined),2026-01-21 21:50:05,90,,90/100,90/100
reasoning_001_river,Reasoning 001: River Crossing Puzzle,"{'asset_id': 'reasoning_001_river', 'tier': 'Tier 1 (Operational Logic)'}",60.0/100.0,301.9,,,3.5,100.0,deepseek-r1:14b,78.0,mistral-medium-latest,78.0,78.0,1572,0.0,18.0/100.0,success,Tier 1 (Operational Logic),2026-01-21 21:55:07,78.0,0.0/100.0,,
reasoning_5a_001,Reasoning 5A: Code Logic Debugging (Infinite Loop),"{'asset_id': 'reasoning_5a_001', 'tier': 'Tier 2 (Deep Reasoning)'}",26.666666666666664/100.0,35.3,,,20.4,100.0,deepseek-r1:14b,41.7,mistral-medium-latest,55.0,55.0,1554,-13.3,10.0/100.0,success,Tier 2 (Deep Reasoning),2026-01-21 21:55:43,41.666666666666664,5.0/100.0,,
reasoning_5b_001,Complex Reasoning Chains: Cross-Domain Root Cause,"{'asset_id': 'reasoning_5b_001', 'tier': 'Tier 2 (Deep Reasoning)'}",13.333333333333332/100.0,39.7,,,1.7,100.0,deepseek-r1:14b,38.3,mistral-medium-latest,56.7,56.666666666666664,1449,-18.3,20.0/100.0,success,Tier 2 (Deep Reasoning),2026-01-21 21:56:22,38.33333333333333,5.0/100.0,,
reasoning_5c_001,Reasoning 5C: The Scheduling Paradox (Impossible Constraint),"{'asset_id': 'reasoning_5c_001', 'tier': 'Tier 2 (Deep Reasoning)'}",40.0/100.0,133.1,,,6.9,100.0,deepseek-r1:14b,100.0,mistral-medium-latest,100.0,100.0,840,0.0,50.0/100.0,success,Tier 2 (Deep Reasoning),2026-01-21 21:58:35,100.0,10.0/100.0,,
reasoning_5d_001,Reasoning 5D: The Hidden Deadlock (Tier 2),"{'asset_id': 'reasoning_5d_001', 'tier': 'Tier 2 (Deep Reasoning)'}",40.0/100.0,23.6,,,4.4,100.0,deepseek-r1:14b,100.0,mistral-medium-latest,100.0,100.0,130,0.0,50.0/100.0,success,Tier 2 (Deep Reasoning),2026-01-21 21:58:59,100.0,10.0/100.0,,
code_quality_001,WCAG 2.2 Audit (Tiered Difficulty),"{'asset_id': 'code_quality_001', 'tier': 'Tier 1 (Undefined)'}",24.0/60,33.4,0/0,0.0/10,6.9,100,llama3:latest,44.0,mistral-medium-latest,95.0,95.0,4837,-51.0,20.0/30,success,Tier 1 (Undefined),2026-01-21 23:24:42,44.0,,,
code_quality_002,Security Audit (Tiered Difficulty),"{'asset_id': 'code_quality_002', 'tier': 'Tier 1 (Undefined)'}",31.0/60,180.2,0/0,0.0/10,2.0,100,llama3:latest,51.0,mistral-medium-latest,76.0,76.0,35800,-25.0,20.0/30,success,Tier 1 (Undefined),2026-01-21 23:27:42,51.0,,,
code_quality_003,Web Performance Audit (Tiered Difficulty),"{'asset_id': 'code_quality_003', 'tier': 'Tier 1 (Undefined)'}",35.0/60,17.1,0/0,0.0/10,2.4,100,llama3:latest,45.0,mistral-medium-latest,80.0,80.0,2554,-35.0,10.0/30,success,Tier 1 (Undefined),2026-01-21 23:27:59,45.0,,,
code_quality_004,REST API Design Audit (Tiered Difficulty),"{'asset_id': 'code_quality_004', 'tier': 'Tier 1 (Undefined)'}",35.0/60,16.1,0/0,0.0/10,1.9,100,llama3:latest,45.0,mistral-medium-latest,80.0,80.0,2774,-35.0,10.0/30,success,Tier 1 (Undefined),2026-01-21 23:28:15,45.0,,,
code_quality_005,Code Smells Audit (Tiered Difficulty),"{'asset_id': 'code_quality_005', 'tier': 'Tier 1 (Undefined)'}",10.0/60,11.0,0/0,0.0/10,7.4,100,llama3:latest,20.0,mistral-medium-latest,95.0,95.0,1842,-75.0,10.0/30,success,Tier 1 (Undefined),2026-01-21 23:28:26,20.0,,,
ux_writing_001,Error Messages - User-Friendly Rewriting,"{'asset_id': 'ux_writing_001', 'tier': 'Tier 1 (Undefined)'}",10.0/60,12.9,0/0,10.0/10,15.3,100,llama3:latest,20.0,mistral-medium-latest,83.0,83.0,2251,-63.0,0.0/30,success,Tier 1 (Undefined),2026-01-21 23:28:39,20.0,,,
ux_writing_002,Button Labels - Context-Aware CTAs,"{'asset_id': 'ux_writing_002', 'tier': 'Tier 1 (Undefined)'}",45.0/60,13.9,0/0,10.0/10,10.6,100,llama3:latest,75.0,mistral-medium-latest,90.0,90.0,1896,-15.0,20.0/30,success,Tier 1 (Undefined),2026-01-21 23:28:53,75.0,,,
ux_writing_003,Onboarding Flow - 3-Step Tutorial,"{'asset_id': 'ux_writing_003', 'tier': 'Tier 1 (Undefined)'}",33.0/60,16.4,0/0,10.0/10,13.3,100,llama3:latest,63.0,mistral-medium-latest,90.0,90.0,2814,-27.0,20.0/30,success,Tier 1 (Undefined),2026-01-21 23:29:10,63.0,,,
ux_writing_004,Accessibility Labels - ARIA for Screen Readers,"{'asset_id': 'ux_writing_004', 'tier': 'Tier 1 (Undefined)'}",28.0/60,16.5,0/0,10.0/10,5.8,100,llama3:latest,48.0,mistral-medium-latest,90.0,90.0,2611,-42.0,10.0/30,success,Tier 1 (Undefined),2026-01-21 23:29:26,48.0,,,
ux_writing_005,Microcopy Audit - Health App Context,"{'asset_id': 'ux_writing_005', 'tier': 'Tier 1 (Undefined)'}",15.0/60,20.0,0/0,10.0/10,6.4,100,llama3:latest,35.0,mistral-medium-latest,90.0,90.0,2726,-55.0,10.0/30,success,Tier 1 (Undefined),2026-01-21 23:29:46,35.0,,,
documentation_quality_001,README Quality Assessment (Tiered),"{'asset_id': 'documentation_quality_001', 'tier': 'Tier 1 (Undefined)'}",12.0/100,18.9,,,1.4,130,llama3:latest,24.6,mistral-medium-latest,66.5,86.5,3421,-54.5,20/30,success,Tier 1 (Undefined),2026-01-21 23:30:05,32.0,,,
documentation_quality_002,REST API Endpoint Documentation,"{'asset_id': 'documentation_quality_002', 'tier': 'Tier 1 (Undefined)'}",30.5/100,20.2,,,3.0,130,llama3:latest,41.9,mistral-medium-latest,85.8,111.5,3243,-57.0,24/30,success,Tier 1 (Undefined),2026-01-21 23:30:26,54.5,,,
documentation_quality_003,Component Library Props Documentation,"{'asset_id': 'documentation_quality_003', 'tier': 'Tier 1 (Undefined)'}",25.0/100,19.4,,,7.1,130,llama3:latest,34.6,mistral-medium-latest,77.3,100.5,3039,-55.5,20/30,success,Tier 1 (Undefined),2026-01-21 23:30:45,45.0,,,
documentation_quality_004,Setup Guide - Local Dev Environment (Docker + Vite),"{'asset_id': 'documentation_quality_004', 'tier': 'Tier 1 (Undefined)'}",28.5/100,20.8,,,6.0,130,llama3:latest,45.0,mistral-medium-latest,76.2,99.0,3203,-40.5,30/30,success,Tier 1 (Undefined),2026-01-21 23:31:06,58.5,,,
documentation_quality_005,Changelog - Git Commits to User-Facing Release Notes,"{'asset_id': 'documentation_quality_005', 'tier': 'Tier 1 (Undefined)'}",43.0/100,21.1,,,4.9,130,llama3:latest,56.2,mistral-medium-latest,43.8,57.0,3446,16.0,30/30,success,Tier 1 (Undefined),2026-01-21 23:31:27,73.0,,,
content_transformation_001,Landing Page Copy Transformation,"{'asset_id': 'content_transformation_001', 'tier': 'Tier 1 (Undefined)'}",9.8/40,11.1,,,6.0,100,llama3:latest,29.8,mistral-medium-latest,82.6,82.6,1734,-52.8,20.0/60,success,Tier 1 (Undefined),2026-01-21 23:31:38,29.8,,,
content_transformation_002,Twitter Thread Transformation,"{'asset_id': 'content_transformation_002', 'tier': 'Tier 1 (Undefined)'}",23.2/40,17.8,,,13.7,100,llama3:latest,83.2,mistral-medium-latest,87.6,87.6,2182,-4.4,60.0/60,success,Tier 1 (Undefined),2026-01-21 23:31:56,83.2,,,
content_transformation_003,Glossar-Eintrag Simplification,"{'asset_id': 'content_transformation_003', 'tier': 'Tier 1 (Undefined)'}",0.0/40,12.2,,,3.3,100,llama3:latest,0.0,mistral-medium-latest,86.0,86.0,1990,-86.0,0.0/60,success,Tier 1 (Undefined),2026-01-21 23:32:08,0.0,,,
content_transformation_004,Video-Script Transformation,"{'asset_id': 'content_transformation_004', 'tier': 'Tier 1 (Undefined)'}",21.2/40,24.5,,,2.7,100,llama3:latest,81.2,mistral-medium-latest,96.0,96.0,3657,-14.8,60.0/60,success,Tier 1 (Undefined),2026-01-21 23:32:33,81.2,,,
content_transformation_005,Email-Newsletter Adaptation,"{'asset_id': 'content_transformation_005', 'tier': 'Tier 1 (Undefined)'}",4.0/40,13.9,,,5.3,100,llama3:latest,64.0,mistral-medium-latest,90.6,90.6,1844,-26.6,60.0/60,success,Tier 1 (Undefined),2026-01-21 23:32:47,64.0,,,
content_transformation_006,Sarcasm Shield (Incident Report),"{'asset_id': 'content_transformation_006', 'tier': 'Tier 1 (Undefined)'}",62.5/70,7.0,,,5.3,100,llama3:latest,92.5,mistral-medium-latest,82.5,82.5,1500,10.0,30.0/30,success,Tier 1 (Undefined),2026-01-21 23:32:54,92.5,,,
cultural_intel_001,German Tech Localization,"{'asset_id': 'cultural_intel_001', 'tier': 'Tier 1 (Undefined)'}",,4.9,,,10.2,100,llama3:latest,80.0,mistral-medium-latest,90.0,90.0,820,-10.0,,success,Tier 1 (Undefined),2026-01-21 23:32:59,80,,80/100,80/100
cultural_intel_002,Inclusive Job Ad,"{'asset_id': 'cultural_intel_002', 'tier': 'Tier 1 (Undefined)'}",,2.8,,,6.5,100,llama3:latest,90.0,mistral-medium-latest,90.0,90.0,407,0.0,,success,Tier 1 (Undefined),2026-01-21 23:33:02,90,,90/100,90/100
cultural_intel_003,Berlin Agency Vibe,"{'asset_id': 'cultural_intel_003', 'tier': 'Tier 1 (Undefined)'}",,1.9,,,7.6,100,llama3:latest,90.0,mistral-medium-latest,90.0,90.0,238,0.0,,success,Tier 1 (Undefined),2026-01-21 23:33:03,90,,90/100,90/100
reasoning_001_river,Reasoning 001: River Crossing Puzzle,"{'asset_id': 'reasoning_001_river', 'tier': 'Tier 1 (Operational Logic)'}",60.0/100.0,13.6,,,3.5,100.0,llama3:latest,78.0,mistral-medium-latest,78.0,78.0,2165,0.0,18.0/100.0,success,Tier 1 (Operational Logic),2026-01-21 23:33:17,78.0,0.0/100.0,,
reasoning_5a_001,Reasoning 5A: Code Logic Debugging (Infinite Loop),"{'asset_id': 'reasoning_5a_001', 'tier': 'Tier 2 (Deep Reasoning)'}",33.333333333333336/100.0,10.9,,,21.1,100.0,llama3:latest,48.3,mistral-medium-latest,55.0,55.0,1940,-6.7,10.0/100.0,success,Tier 2 (Deep Reasoning),2026-01-21 23:33:28,48.333333333333336,5.0/100.0,,
reasoning_5b_001,Complex Reasoning Chains: Cross-Domain Root Cause,"{'asset_id': 'reasoning_5b_001', 'tier': 'Tier 2 (Deep Reasoning)'}",26.666666666666664/100.0,12.9,,,2.6,100.0,llama3:latest,61.7,mistral-medium-latest,56.7,56.666666666666664,2459,5.0,30.0/100.0,success,Tier 2 (Deep Reasoning),2026-01-21 23:33:41,61.666666666666664,5.0/100.0,,
reasoning_5c_001,Reasoning 5C: The Scheduling Paradox (Impossible Constraint),"{'asset_id': 'reasoning_5c_001', 'tier': 'Tier 2 (Deep Reasoning)'}",40.0/100.0,7.8,,,3.5,100.0,llama3:latest,100.0,mistral-medium-latest,100.0,100.0,1307,0.0,50.0/100.0,success,Tier 2 (Deep Reasoning),2026-01-21 23:33:49,100.0,10.0/100.0,,
reasoning_5d_001,Reasoning 5D: The Hidden Deadlock (Tier 2),"{'asset_id': 'reasoning_5d_001', 'tier': 'Tier 2 (Deep Reasoning)'}",0.0/100.0,9.5,,,5.6,100.0,llama3:latest,0.0,mistral-medium-latest,100.0,100.0,1765,-100.0,0.0/100.0,success,Tier 2 (Deep Reasoning),2026-01-21 23:33:58,0.0,0.0/100.0,,
code_quality_001,WCAG 2.2 Audit (Tiered Difficulty),"{'asset_id': 'code_quality_001', 'tier': 'Tier 1 (Undefined)'}",19.0/60,19.0,0/0,0.0/10,4.6,100,deepseek-coder-v2:16b,29.0,mistral-medium-latest,95.0,95.0,3147,-66.0,10.0/30,success,Tier 1 (Undefined),2026-01-21 23:39:11,29.0,,,
code_quality_002,Security Audit (Tiered Difficulty),"{'asset_id': 'code_quality_002', 'tier': 'Tier 1 (Undefined)'}",13.0/60,18.9,0/0,0.0/10,12.1,100,deepseek-coder-v2:16b,23.0,mistral-medium-latest,76.0,76.0,4276,-53.0,10.0/30,success,Tier 1 (Undefined),2026-01-21 23:39:30,23.0,,,
code_quality_003,Web Performance Audit (Tiered Difficulty),"{'asset_id': 'code_quality_003', 'tier': 'Tier 1 (Undefined)'}",25.0/60,14.5,0/0,0.0/10,8.6,100,deepseek-coder-v2:16b,35.0,mistral-medium-latest,80.0,80.0,3533,-45.0,10.0/30,success,Tier 1 (Undefined),2026-01-21 23:39:44,35.0,,,
code_quality_004,REST API Design Audit (Tiered Difficulty),"{'asset_id': 'code_quality_004', 'tier': 'Tier 1 (Undefined)'}",30.0/60,15.9,0/0,0.0/10,6.4,100,deepseek-coder-v2:16b,50.0,mistral-medium-latest,80.0,80.0,3820,-30.0,20.0/30,success,Tier 1 (Undefined),2026-01-21 23:40:00,50.0,,,
code_quality_005,Code Smells Audit (Tiered Difficulty),"{'asset_id': 'code_quality_005', 'tier': 'Tier 1 (Undefined)'}",15.0/60,19.3,0/0,0.0/10,4.8,100,deepseek-coder-v2:16b,45.0,mistral-medium-latest,95.0,95.0,4599,-50.0,30.0/30,success,Tier 1 (Undefined),2026-01-21 23:40:20,45.0,,,
ux_writing_001,Error Messages - User-Friendly Rewriting,"{'asset_id': 'ux_writing_001', 'tier': 'Tier 1 (Undefined)'}",46.0/60,19.8,0/0,10.0/10,23.3,100,deepseek-coder-v2:16b,76.0,mistral-medium-latest,83.0,83.0,4873,-7.0,20.0/30,success,Tier 1 (Undefined),2026-01-21 23:40:40,76.0,,,
ux_writing_002,Button Labels - Context-Aware CTAs,"{'asset_id': 'ux_writing_002', 'tier': 'Tier 1 (Undefined)'}",38.0/60,20.1,0/0,10.0/10,15.5,100,deepseek-coder-v2:16b,68.0,mistral-medium-latest,90.0,90.0,3803,-22.0,20.0/30,success,Tier 1 (Undefined),2026-01-21 23:41:00,68.0,,,
ux_writing_003,Onboarding Flow - 3-Step Tutorial,"{'asset_id': 'ux_writing_003', 'tier': 'Tier 1 (Undefined)'}",53.0/60,14.5,0/0,10.0/10,20.2,100,deepseek-coder-v2:16b,83.0,mistral-medium-latest,90.0,90.0,3300,-7.0,20.0/30,success,Tier 1 (Undefined),2026-01-21 23:41:15,83.0,,,
ux_writing_004,Accessibility Labels - ARIA for Screen Readers,"{'asset_id': 'ux_writing_004', 'tier': 'Tier 1 (Undefined)'}",53.0/60,16.6,0/0,10.0/10,6.3,100,deepseek-coder-v2:16b,83.0,mistral-medium-latest,90.0,90.0,3036,-7.0,20.0/30,success,Tier 1 (Undefined),2026-01-21 23:41:31,83.0,,,
ux_writing_005,Microcopy Audit - Health App Context,"{'asset_id': 'ux_writing_005', 'tier': 'Tier 1 (Undefined)'}",20.0/60,22.2,0/0,10.0/10,5.2,100,deepseek-coder-v2:16b,50.0,mistral-medium-latest,90.0,90.0,16682,-40.0,20.0/30,success,Tier 1 (Undefined),2026-01-21 23:41:53,50.0,,,
documentation_quality_001,README Quality Assessment (Tiered),"{'asset_id': 'documentation_quality_001', 'tier': 'Tier 1 (Undefined)'}",36.5/100,22.7,,,2.0,130,deepseek-coder-v2:16b,51.2,mistral-medium-latest,66.5,86.5,4411,-20.0,30/30,success,Tier 1 (Undefined),2026-01-21 23:42:16,66.5,,,
documentation_quality_002,REST API Endpoint Documentation,"{'asset_id': 'documentation_quality_002', 'tier': 'Tier 1 (Undefined)'}",49.0/100,24.8,,,4.7,130,deepseek-coder-v2:16b,56.2,mistral-medium-latest,85.8,111.5,4754,-38.5,24/30,success,Tier 1 (Undefined),2026-01-21 23:42:41,73.0,,,
documentation_quality_003,Component Library Props Documentation,"{'asset_id': 'documentation_quality_003', 'tier': 'Tier 1 (Undefined)'}",18.0/100,26.1,,,10.9,130,deepseek-coder-v2:16b,29.2,mistral-medium-latest,77.3,100.5,5840,-62.5,20/30,success,Tier 1 (Undefined),2026-01-21 23:43:07,38.0,,,
documentation_quality_004,Setup Guide - Local Dev Environment (Docker + Vite),"{'asset_id': 'documentation_quality_004', 'tier': 'Tier 1 (Undefined)'}",40.5/100,27.5,,,5.8,130,deepseek-coder-v2:16b,46.5,mistral-medium-latest,76.2,99.0,4920,-38.5,20/30,success,Tier 1 (Undefined),2026-01-21 23:43:35,60.5,,,
documentation_quality_005,Changelog - Git Commits to User-Facing Release Notes,"{'asset_id': 'documentation_quality_005', 'tier': 'Tier 1 (Undefined)'}",48.0/100,18.8,,,3.8,130,deepseek-coder-v2:16b,60.0,mistral-medium-latest,43.8,57.0,3654,21.0,30/30,success,Tier 1 (Undefined),2026-01-21 23:43:54,78.0,,,
content_transformation_001,Landing Page Copy Transformation,"{'asset_id': 'content_transformation_001', 'tier': 'Tier 1 (Undefined)'}",13.8/40,12.6,,,7.4,100,deepseek-coder-v2:16b,73.8,mistral-medium-latest,82.6,82.6,2398,-8.8,60.0/60,success,Tier 1 (Undefined),2026-01-21 23:44:06,73.8,,,
content_transformation_002,Twitter Thread Transformation,"{'asset_id': 'content_transformation_002', 'tier': 'Tier 1 (Undefined)'}",16.2/40,17.5,,,5.5,100,deepseek-coder-v2:16b,76.2,mistral-medium-latest,87.6,87.6,3010,-11.4,60.0/60,success,Tier 1 (Undefined),2026-01-21 23:44:24,76.2,,,
content_transformation_003,Glossar-Eintrag Simplification,"{'asset_id': 'content_transformation_003', 'tier': 'Tier 1 (Undefined)'}",19.6/40,12.1,,,6.1,100,deepseek-coder-v2:16b,79.6,mistral-medium-latest,86.0,86.0,2128,-6.4,60.0/60,success,Tier 1 (Undefined),2026-01-21 23:44:36,79.6,,,
content_transformation_004,Video-Script Transformation,"{'asset_id': 'content_transformation_004', 'tier': 'Tier 1 (Undefined)'}",13.4/40,23.0,,,4.4,100,deepseek-coder-v2:16b,53.4,mistral-medium-latest,96.0,96.0,3539,-42.6,40.0/60,success,Tier 1 (Undefined),2026-01-21 23:44:59,53.4,,,
content_transformation_005,Email-Newsletter Adaptation,"{'asset_id': 'content_transformation_005', 'tier': 'Tier 1 (Undefined)'}",8.4/40,13.1,,,4.9,100,deepseek-coder-v2:16b,68.4,mistral-medium-latest,90.6,90.6,2048,-22.2,60.0/60,success,Tier 1 (Undefined),2026-01-21 23:45:12,68.4,,,
content_transformation_006,Sarcasm Shield (Incident Report),"{'asset_id': 'content_transformation_006', 'tier': 'Tier 1 (Undefined)'}",45.0/70,9.6,,,3.4,100,deepseek-coder-v2:16b,75.0,mistral-medium-latest,82.5,82.5,3492,-7.5,30.0/30,success,Tier 1 (Undefined),2026-01-21 23:45:22,75.0,,,
cultural_intel_001,German Tech Localization,"{'asset_id': 'cultural_intel_001', 'tier': 'Tier 1 (Undefined)'}",,1.2,,,13.6,100,deepseek-coder-v2:16b,70.0,mistral-medium-latest,90.0,90.0,217,-20.0,,success,Tier 1 (Undefined),2026-01-21 23:45:23,70,,70/100,70/100
cultural_intel_002,Inclusive Job Ad,"{'asset_id': 'cultural_intel_002', 'tier': 'Tier 1 (Undefined)'}",,1.6,,,7.9,100,deepseek-coder-v2:16b,40.0,mistral-medium-latest,90.0,90.0,291,-50.0,,success,Tier 1 (Undefined),2026-01-21 23:45:25,40,,40/100,40/100
cultural_intel_003,Berlin Agency Vibe,"{'asset_id': 'cultural_intel_003', 'tier': 'Tier 1 (Undefined)'}",,1.3,,,7.3,100,deepseek-coder-v2:16b,30.0,mistral-medium-latest,90.0,90.0,205,-60.0,,success,Tier 1 (Undefined),2026-01-21 23:45:26,30,,30/100,30/100
reasoning_001_river,Reasoning 001: River Crossing Puzzle,"{'asset_id': 'reasoning_001_river', 'tier': 'Tier 1 (Operational Logic)'}",60.0/100.0,9.2,,,4.0,100.0,deepseek-coder-v2:16b,83.0,mistral-medium-latest,78.0,78.0,2781,5.0,18.0/100.0,success,Tier 1 (Operational Logic),2026-01-21 23:45:35,83.0,5.0/100.0,,
reasoning_5a_001,Reasoning 5A: Code Logic Debugging (Infinite Loop),"{'asset_id': 'reasoning_5a_001', 'tier': 'Tier 2 (Deep Reasoning)'}",33.333333333333336/100.0,8.8,,,4.9,100.0,deepseek-coder-v2:16b,38.3,mistral-medium-latest,55.0,55.0,2639,-16.7,0.0/100.0,success,Tier 2 (Deep Reasoning),2026-01-21 23:45:44,38.333333333333336,5.0/100.0,,
reasoning_5b_001,Complex Reasoning Chains: Cross-Domain Root Cause,"{'asset_id': 'reasoning_5b_001', 'tier': 'Tier 2 (Deep Reasoning)'}",26.666666666666664/100.0,16.1,,,3.9,100.0,deepseek-coder-v2:16b,61.7,mistral-medium-latest,56.7,56.666666666666664,3073,5.0,30.0/100.0,success,Tier 2 (Deep Reasoning),2026-01-21 23:46:00,61.666666666666664,5.0/100.0,,
reasoning_5c_001,Reasoning 5C: The Scheduling Paradox (Impossible Constraint),"{'asset_id': 'reasoning_5c_001', 'tier': 'Tier 2 (Deep Reasoning)'}",24.0/100.0,4.6,,,6.1,100.0,deepseek-coder-v2:16b,49.0,mistral-medium-latest,100.0,100.0,1287,-51.0,25.0/100.0,success,Tier 2 (Deep Reasoning),2026-01-21 23:46:05,49.0,0.0/100.0,,
reasoning_5d_001,Reasoning 5D: The Hidden Deadlock (Tier 2),"{'asset_id': 'reasoning_5d_001', 'tier': 'Tier 2 (Deep Reasoning)'}",0.0/100.0,8.7,,,3.1,100.0,deepseek-coder-v2:16b,0.0,mistral-medium-latest,100.0,100.0,2780,-100.0,0.0/100.0,success,Tier 2 (Deep Reasoning),2026-01-21 23:46:13,0.0,0.0/100.0,,
code_quality_001,WCAG 2.2 Audit (Tiered Difficulty),"{'asset_id': 'code_quality_001', 'tier': 'Tier 1 (Undefined)'}",25.0/60,346.3,0/0,0.0/10,2.3,100,qwen2.5:14b-instruct,25.0,mistral-medium-latest,95.0,95.0,18099,-70.0,0.0/30,success,Tier 1 (Undefined),2026-01-21 23:56:24,25.0,,,
code_quality_002,Security Audit (Tiered Difficulty),"{'asset_id': 'code_quality_002', 'tier': 'Tier 1 (Undefined)'}",13.0/60,58.1,0/0,0.0/10,11.5,100,qwen2.5:14b-instruct,33.0,mistral-medium-latest,76.0,76.0,4779,-43.0,20.0/30,success,Tier 1 (Undefined),2026-01-21 23:57:22,33.0,,,
code_quality_003,Web Performance Audit (Tiered Difficulty),"{'asset_id': 'code_quality_003', 'tier': 'Tier 1 (Undefined)'}",25.0/60,45.8,0/0,0.0/10,7.0,100,qwen2.5:14b-instruct,55.0,mistral-medium-latest,80.0,80.0,3868,-25.0,30.0/30,success,Tier 1 (Undefined),2026-01-21 23:58:08,55.0,,,
code_quality_004,REST API Design Audit (Tiered Difficulty),"{'asset_id': 'code_quality_004', 'tier': 'Tier 1 (Undefined)'}",30.0/60,66.8,0/0,0.0/10,8.1,100,qwen2.5:14b-instruct,50.0,mistral-medium-latest,80.0,80.0,5926,-30.0,20.0/30,success,Tier 1 (Undefined),2026-01-21 23:59:14,50.0,,,
code_quality_005,Code Smells Audit (Tiered Difficulty),"{'asset_id': 'code_quality_005', 'tier': 'Tier 1 (Undefined)'}",20.0/60,52.4,0/0,0.0/10,8.4,100,qwen2.5:14b-instruct,40.0,mistral-medium-latest,95.0,95.0,4554,-55.0,20.0/30,success,Tier 1 (Undefined),2026-01-22 00:00:07,40.0,,,
ux_writing_001,Error Messages - User-Friendly Rewriting,"{'asset_id': 'ux_writing_001', 'tier': 'Tier 1 (Undefined)'}",45.0/60,33.1,0/0,10.0/10,8.9,100,qwen2.5:14b-instruct,75.0,mistral-medium-latest,83.0,83.0,2586,-8.0,20.0/30,success,Tier 1 (Undefined),2026-01-22 00:00:40,75.0,,,
ux_writing_002,Button Labels - Context-Aware CTAs,"{'asset_id': 'ux_writing_002', 'tier': 'Tier 1 (Undefined)'}",38.0/60,32.1,0/0,10.0/10,17.7,100,qwen2.5:14b-instruct,68.0,mistral-medium-latest,90.0,90.0,2702,-22.0,20.0/30,success,Tier 1 (Undefined),2026-01-22 00:01:12,68.0,,,
ux_writing_003,Onboarding Flow - 3-Step Tutorial,"{'asset_id': 'ux_writing_003', 'tier': 'Tier 1 (Undefined)'}",35.0/60,22.6,0/0,10.0/10,27.5,100,qwen2.5:14b-instruct,65.0,mistral-medium-latest,90.0,90.0,2837,-25.0,20.0/30,success,Tier 1 (Undefined),2026-01-22 00:01:35,65.0,,,
ux_writing_004,Accessibility Labels - ARIA for Screen Readers,"{'asset_id': 'ux_writing_004', 'tier': 'Tier 1 (Undefined)'}",60.0/60,37.5,0/0,10.0/10,12.8,100,qwen2.5:14b-instruct,90.0,mistral-medium-latest,90.0,90.0,3247,0.0,20.0/30,success,Tier 1 (Undefined),2026-01-22 00:02:13,90.0,,,
ux_writing_005,Microcopy Audit - Health App Context,"{'asset_id': 'ux_writing_005', 'tier': 'Tier 1 (Undefined)'}",40.0/60,40.2,0/0,10.0/10,20.6,100,qwen2.5:14b-instruct,70.0,mistral-medium-latest,90.0,90.0,4873,-20.0,20.0/30,success,Tier 1 (Undefined),2026-01-22 00:02:53,70.0,,,
documentation_quality_001,README Quality Assessment (Tiered),"{'asset_id': 'documentation_quality_001', 'tier': 'Tier 1 (Undefined)'}",31.25/100,61.3,,,4.0,130,qwen2.5:14b-instruct,47.1,mistral-medium-latest,66.5,86.5,4766,-25.2,30/30,success,Tier 1 (Undefined),2026-01-22 00:03:54,61.25,,,
documentation_quality_002,REST API Endpoint Documentation,"{'asset_id': 'documentation_quality_002', 'tier': 'Tier 1 (Undefined)'}",43.0/100,64.0,,,3.9,130,qwen2.5:14b-instruct,56.2,mistral-medium-latest,85.8,111.5,5169,-38.5,30/30,success,Tier 1 (Undefined),2026-01-22 00:04:58,73.0,,,
documentation_quality_003,Component Library Props Documentation,"{'asset_id': 'documentation_quality_003', 'tier': 'Tier 1 (Undefined)'}",18.0/100,58.8,,,14.5,130,qwen2.5:14b-instruct,29.2,mistral-medium-latest,77.3,100.5,6593,-62.5,20/30,success,Tier 1 (Undefined),2026-01-22 00:05:57,38.0,,,
documentation_quality_004,Setup Guide - Local Dev Environment (Docker + Vite),"{'asset_id': 'documentation_quality_004', 'tier': 'Tier 1 (Undefined)'}",47.0/100,59.4,,,2.9,130,qwen2.5:14b-instruct,59.2,mistral-medium-latest,76.2,99.0,4859,-22.0,30/30,success,Tier 1 (Undefined),2026-01-22 00:06:57,77.0,,,
documentation_quality_005,Changelog - Git Commits to User-Facing Release Notes,"{'asset_id': 'documentation_quality_005', 'tier': 'Tier 1 (Undefined)'}",35.0/100,55.6,,,3.5,130,qwen2.5:14b-instruct,42.3,mistral-medium-latest,43.8,57.0,4546,-2.0,20/30,success,Tier 1 (Undefined),2026-01-22 00:07:52,55.0,,,
content_transformation_001,Landing Page Copy Transformation,"{'asset_id': 'content_transformation_001', 'tier': 'Tier 1 (Undefined)'}",13.8/40,28.8,,,5.8,100,qwen2.5:14b-instruct,73.8,mistral-medium-latest,82.6,82.6,2217,-8.8,60.0/60,success,Tier 1 (Undefined),2026-01-22 00:08:21,73.8,,,
content_transformation_002,Twitter Thread Transformation,"{'asset_id': 'content_transformation_002', 'tier': 'Tier 1 (Undefined)'}",22.8/40,42.4,,,9.5,100,qwen2.5:14b-instruct,82.8,mistral-medium-latest,87.6,87.6,2990,-4.8,60.0/60,success,Tier 1 (Undefined),2026-01-22 00:09:03,82.8,,,
content_transformation_003,Glossar-Eintrag Simplification,"{'asset_id': 'content_transformation_003', 'tier': 'Tier 1 (Undefined)'}",17.2/40,27.5,,,4.7,100,qwen2.5:14b-instruct,77.2,mistral-medium-latest,86.0,86.0,1937,-8.8,60.0/60,success,Tier 1 (Undefined),2026-01-22 00:09:31,77.2,,,
content_transformation_004,Video-Script Transformation,"{'asset_id': 'content_transformation_004', 'tier': 'Tier 1 (Undefined)'}",22.6/40,52.6,,,4.4,100,qwen2.5:14b-instruct,82.6,mistral-medium-latest,96.0,96.0,3497,-13.4,60.0/60,success,Tier 1 (Undefined),2026-01-22 00:10:24,82.6,,,
content_transformation_005,Email-Newsletter Adaptation,"{'asset_id': 'content_transformation_005', 'tier': 'Tier 1 (Undefined)'}",17.4/40,54.6,,,3.4,100,qwen2.5:14b-instruct,77.4,mistral-medium-latest,90.6,90.6,3993,-13.2,60.0/60,success,Tier 1 (Undefined),2026-01-22 00:11:18,77.4,,,
content_transformation_006,Sarcasm Shield (Incident Report),"{'asset_id': 'content_transformation_006', 'tier': 'Tier 1 (Undefined)'}",52.5/70,10.9,,,3.1,100,qwen2.5:14b-instruct,82.5,mistral-medium-latest,82.5,82.5,1245,0.0,30.0/30,success,Tier 1 (Undefined),2026-01-22 00:11:29,82.5,,,
cultural_intel_001,German Tech Localization,"{'asset_id': 'cultural_intel_001', 'tier': 'Tier 1 (Undefined)'}",,2.9,,,18.1,100,qwen2.5:14b-instruct,90.0,mistral-medium-latest,90.0,90.0,237,0.0,,success,Tier 1 (Undefined),2026-01-22 00:11:32,90,,90/100,90/100
cultural_intel_002,Inclusive Job Ad,"{'asset_id': 'cultural_intel_002', 'tier': 'Tier 1 (Undefined)'}",,3.2,,,12.1,100,qwen2.5:14b-instruct,90.0,mistral-medium-latest,90.0,90.0,261,0.0,,success,Tier 1 (Undefined),2026-01-22 00:11:35,90,,90/100,90/100
cultural_intel_003,Berlin Agency Vibe,"{'asset_id': 'cultural_intel_003', 'tier': 'Tier 1 (Undefined)'}",,3.1,,,10.7,100,qwen2.5:14b-instruct,70.0,mistral-medium-latest,90.0,90.0,222,-20.0,,success,Tier 1 (Undefined),2026-01-22 00:11:39,70,,70/100,70/100
reasoning_001_river,Reasoning 001: River Crossing Puzzle,"{'asset_id': 'reasoning_001_river', 'tier': 'Tier 1 (Operational Logic)'}",60.0/100.0,20.1,,,2.6,100.0,qwen2.5:14b-instruct,78.0,mistral-medium-latest,78.0,78.0,1734,0.0,18.0/100.0,success,Tier 1 (Operational Logic),2026-01-22 00:11:59,78.0,0.0/100.0,,
reasoning_5a_001,Reasoning 5A: Code Logic Debugging (Infinite Loop),"{'asset_id': 'reasoning_5a_001', 'tier': 'Tier 2 (Deep Reasoning)'}",40.0/100.0,24.1,,,22.4,100.0,qwen2.5:14b-instruct,55.0,mistral-medium-latest,55.0,55.0,2548,0.0,10.0/100.0,success,Tier 2 (Deep Reasoning),2026-01-22 00:12:23,55.0,5.0/100.0,,
reasoning_5b_001,Complex Reasoning Chains: Cross-Domain Root Cause,"{'asset_id': 'reasoning_5b_001', 'tier': 'Tier 2 (Deep Reasoning)'}",26.666666666666664/100.0,44.7,,,4.2,100.0,qwen2.5:14b-instruct,61.7,mistral-medium-latest,56.7,56.666666666666664,3651,5.0,30.0/100.0,success,Tier 2 (Deep Reasoning),2026-01-22 00:13:08,61.666666666666664,5.0/100.0,,
reasoning_5c_001,Reasoning 5C: The Scheduling Paradox (Impossible Constraint),"{'asset_id': 'reasoning_5c_001', 'tier': 'Tier 2 (Deep Reasoning)'}",40.0/100.0,19.7,,,4.4,100.0,qwen2.5:14b-instruct,100.0,mistral-medium-latest,100.0,100.0,2115,0.0,50.0/100.0,success,Tier 2 (Deep Reasoning),2026-01-22 00:13:27,100.0,10.0/100.0,,
reasoning_5d_001,Reasoning 5D: The Hidden Deadlock (Tier 2),"{'asset_id': 'reasoning_5d_001', 'tier': 'Tier 2 (Deep Reasoning)'}",40.0/100.0,12.5,,,8.1,100.0,qwen2.5:14b-instruct,100.0,mistral-medium-latest,100.0,100.0,1391,0.0,50.0/100.0,success,Tier 2 (Deep Reasoning),2026-01-22 00:13:40,100.0,10.0/100.0,,
code_quality_001,WCAG 2.2 Audit (Tiered Difficulty),"{'asset_id': 'code_quality_001', 'tier': 'Tier 1 (Undefined)'}",51.0/60,76.5,0/0,10.0/10,12.7,100,ministral-3:8b,81.0,mistral-medium-latest,95.0,95.0,8699,-14.0,20.0/30,success,Tier 1 (Undefined),2026-01-22 00:21:41,81.0,,,
code_quality_002,Security Audit (Tiered Difficulty),"{'asset_id': 'code_quality_002', 'tier': 'Tier 1 (Undefined)'}",42.0/60,62.2,0/0,10.0/10,19.1,100,ministral-3:8b,72.0,mistral-medium-latest,76.0,76.0,7934,-4.0,20.0/30,success,Tier 1 (Undefined),2026-01-22 00:22:43,72.0,,,
code_quality_003,Web Performance Audit (Tiered Difficulty),"{'asset_id': 'code_quality_003', 'tier': 'Tier 1 (Undefined)'}",40.0/60,50.6,0/0,10.0/10,10.3,100,ministral-3:8b,70.0,mistral-medium-latest,80.0,80.0,6364,-10.0,20.0/30,success,Tier 1 (Undefined),2026-01-22 00:23:34,70.0,,,
code_quality_004,REST API Design Audit (Tiered Difficulty),"{'asset_id': 'code_quality_004', 'tier': 'Tier 1 (Undefined)'}",40.0/60,56.3,0/0,10.0/10,14.7,100,ministral-3:8b,70.0,mistral-medium-latest,80.0,80.0,7548,-10.0,20.0/30,success,Tier 1 (Undefined),2026-01-22 00:24:30,70.0,,,
code_quality_005,Code Smells Audit (Tiered Difficulty),"{'asset_id': 'code_quality_005', 'tier': 'Tier 1 (Undefined)'}",50.0/60,62.2,0/0,10.0/10,4.5,100,ministral-3:8b,90.0,mistral-medium-latest,95.0,95.0,9071,-5.0,30.0/30,success,Tier 1 (Undefined),2026-01-22 00:25:33,90.0,,,
ux_writing_001,Error Messages - User-Friendly Rewriting,"{'asset_id': 'ux_writing_001', 'tier': 'Tier 1 (Undefined)'}",53.0/60,50.3,0/0,10.0/10,32.8,100,ministral-3:8b,73.0,mistral-medium-latest,83.0,83.0,9056,-10.0,10.0/30,success,Tier 1 (Undefined),2026-01-22 00:26:23,73.0,,,
ux_writing_002,Button Labels - Context-Aware CTAs,"{'asset_id': 'ux_writing_002', 'tier': 'Tier 1 (Undefined)'}",60.0/60,50.2,0/0,10.0/10,26.1,100,ministral-3:8b,90.0,mistral-medium-latest,90.0,90.0,13827,0.0,20.0/30,success,Tier 1 (Undefined),2026-01-22 00:27:14,90.0,,,
ux_writing_003,Onboarding Flow - 3-Step Tutorial,"{'asset_id': 'ux_writing_003', 'tier': 'Tier 1 (Undefined)'}",60.0/60,47.5,0/0,10.0/10,34.6,100,ministral-3:8b,90.0,mistral-medium-latest,90.0,90.0,7350,0.0,20.0/30,success,Tier 1 (Undefined),2026-01-22 00:28:01,90.0,,,
ux_writing_004,Accessibility Labels - ARIA for Screen Readers,"{'asset_id': 'ux_writing_004', 'tier': 'Tier 1 (Undefined)'}",60.0/60,51.2,0/0,10.0/10,9.5,100,ministral-3:8b,90.0,mistral-medium-latest,90.0,90.0,10528,0.0,20.0/30,success,Tier 1 (Undefined),2026-01-22 00:28:52,90.0,,,
ux_writing_005,Microcopy Audit - Health App Context,"{'asset_id': 'ux_writing_005', 'tier': 'Tier 1 (Undefined)'}",53.0/60,48.2,0/0,10.0/10,7.6,100,ministral-3:8b,83.0,mistral-medium-latest,90.0,90.0,7935,-7.0,20.0/30,success,Tier 1 (Undefined),2026-01-22 00:29:41,83.0,,,
documentation_quality_001,README Quality Assessment (Tiered),"{'asset_id': 'documentation_quality_001', 'tier': 'Tier 1 (Undefined)'}",54.5/100,79.5,,,2.0,130,ministral-3:8b,65.0,mistral-medium-latest,66.5,86.5,35479,-2.0,30/30,success,Tier 1 (Undefined),2026-01-22 00:31:00,84.5,,,
documentation_quality_002,REST API Endpoint Documentation,"{'asset_id': 'documentation_quality_002', 'tier': 'Tier 1 (Undefined)'}",68.5/100,89.6,,,5.9,130,ministral-3:8b,75.8,mistral-medium-latest,85.8,111.5,11873,-13.0,30/30,success,Tier 1 (Undefined),2026-01-22 00:32:30,98.5,,,
documentation_quality_003,Component Library Props Documentation,"{'asset_id': 'documentation_quality_003', 'tier': 'Tier 1 (Undefined)'}",19.0/100,50.7,,,3.6,130,ministral-3:8b,30.0,mistral-medium-latest,77.3,100.5,6793,-61.5,20/30,success,Tier 1 (Undefined),2026-01-22 00:33:21,39.0,,,
documentation_quality_004,Setup Guide - Local Dev Environment (Docker + Vite),"{'asset_id': 'documentation_quality_004', 'tier': 'Tier 1 (Undefined)'}",57.75/100,102.0,,,10.9,130,ministral-3:8b,52.1,mistral-medium-latest,76.2,99.0,14012,-31.2,10/30,success,Tier 1 (Undefined),2026-01-22 00:35:03,67.75,,,
documentation_quality_005,Changelog - Git Commits to User-Facing Release Notes,"{'asset_id': 'documentation_quality_005', 'tier': 'Tier 1 (Undefined)'}",34.0/100,42.0,,,4.1,130,ministral-3:8b,49.2,mistral-medium-latest,43.8,57.0,5953,7.0,30/30,success,Tier 1 (Undefined),2026-01-22 00:35:45,64.0,,,
content_transformation_001,Landing Page Copy Transformation,"{'asset_id': 'content_transformation_001', 'tier': 'Tier 1 (Undefined)'}",18.2/40,43.7,,,8.5,100,ministral-3:8b,78.2,mistral-medium-latest,82.6,82.6,5782,-4.4,60.0/60,success,Tier 1 (Undefined),2026-01-22 00:36:29,78.2,,,
content_transformation_002,Twitter Thread Transformation,"{'asset_id': 'content_transformation_002', 'tier': 'Tier 1 (Undefined)'}",25.2/40,39.1,,,6.8,100,ministral-3:8b,85.2,mistral-medium-latest,87.6,87.6,5038,-2.4,60.0/60,success,Tier 1 (Undefined),2026-01-22 00:37:08,85.2,,,
content_transformation_003,Glossar-Eintrag Simplification,"{'asset_id': 'content_transformation_003', 'tier': 'Tier 1 (Undefined)'}",23.2/40,23.4,,,5.9,100,ministral-3:8b,83.2,mistral-medium-latest,86.0,86.0,2974,-2.8,60.0/60,success,Tier 1 (Undefined),2026-01-22 00:37:31,83.2,,,
content_transformation_004,Video-Script Transformation,"{'asset_id': 'content_transformation_004', 'tier': 'Tier 1 (Undefined)'}",31.6/40,68.6,,,8.3,100,ministral-3:8b,91.6,mistral-medium-latest,96.0,96.0,8156,-4.4,60.0/60,success,Tier 1 (Undefined),2026-01-22 00:38:40,91.6,,,
content_transformation_005,Email-Newsletter Adaptation,"{'asset_id': 'content_transformation_005', 'tier': 'Tier 1 (Undefined)'}",21.8/40,39.3,,,10.9,100,ministral-3:8b,81.8,mistral-medium-latest,90.6,90.6,4888,-8.8,60.0/60,success,Tier 1 (Undefined),2026-01-22 00:39:19,81.8,,,
content_transformation_006,Sarcasm Shield (Incident Report),"{'asset_id': 'content_transformation_006', 'tier': 'Tier 1 (Undefined)'}",62.5/70,16.9,,,5.2,100,ministral-3:8b,92.5,mistral-medium-latest,82.5,82.5,3315,10.0,30.0/30,success,Tier 1 (Undefined),2026-01-22 00:39:36,92.5,,,
cultural_intel_001,German Tech Localization,"{'asset_id': 'cultural_intel_001', 'tier': 'Tier 1 (Undefined)'}",,5.3,,,22.7,100,ministral-3:8b,90.0,mistral-medium-latest,90.0,90.0,856,0.0,,success,Tier 1 (Undefined),2026-01-22 00:39:42,90,,90/100,90/100
cultural_intel_002,Inclusive Job Ad,"{'asset_id': 'cultural_intel_002', 'tier': 'Tier 1 (Undefined)'}",,8.1,,,2.6,100,ministral-3:8b,90.0,mistral-medium-latest,90.0,90.0,1306,0.0,,success,Tier 1 (Undefined),2026-01-22 00:39:50,90,,90/100,90/100
cultural_intel_003,Berlin Agency Vibe,"{'asset_id': 'cultural_intel_003', 'tier': 'Tier 1 (Undefined)'}",,3.0,,,7.8,100,ministral-3:8b,100.0,mistral-medium-latest,90.0,90.0,433,10.0,,success,Tier 1 (Undefined),2026-01-22 00:39:53,100,,100/100,100/100
reasoning_001_river,Reasoning 001: River Crossing Puzzle,"{'asset_id': 'reasoning_001_river', 'tier': 'Tier 1 (Operational Logic)'}",60.0/100.0,138.2,,,2.2,100.0,ministral-3:8b,88.0,mistral-medium-latest,78.0,78.0,21382,10.0,18.0/100.0,success,Tier 1 (Operational Logic),2026-01-22 00:42:11,88.0,10.0/100.0,,
reasoning_5a_001,Reasoning 5A: Code Logic Debugging (Infinite Loop),"{'asset_id': 'reasoning_5a_001', 'tier': 'Tier 2 (Deep Reasoning)'}",33.333333333333336/100.0,13.4,,,26.6,100.0,ministral-3:8b,48.3,mistral-medium-latest,55.0,55.0,2176,-6.7,10.0/100.0,success,Tier 2 (Deep Reasoning),2026-01-22 00:42:24,48.333333333333336,5.0/100.0,,
reasoning_5b_001,Complex Reasoning Chains: Cross-Domain Root Cause,"{'asset_id': 'reasoning_5b_001', 'tier': 'Tier 2 (Deep Reasoning)'}",26.666666666666664/100.0,33.6,,,5.5,100.0,ministral-3:8b,61.7,mistral-medium-latest,56.7,56.666666666666664,4993,5.0,30.0/100.0,success,Tier 2 (Deep Reasoning),2026-01-22 00:42:58,61.666666666666664,5.0/100.0,,
reasoning_5c_001,Reasoning 5C: The Scheduling Paradox (Impossible Constraint),"{'asset_id': 'reasoning_5c_001', 'tier': 'Tier 2 (Deep Reasoning)'}",40.0/100.0,13.4,,,5.7,100.0,ministral-3:8b,100.0,mistral-medium-latest,100.0,100.0,2035,0.0,50.0/100.0,success,Tier 2 (Deep Reasoning),2026-01-22 00:43:11,100.0,10.0/100.0,,
reasoning_5d_001,Reasoning 5D: The Hidden Deadlock (Tier 2),"{'asset_id': 'reasoning_5d_001', 'tier': 'Tier 2 (Deep Reasoning)'}",0.0/100.0,7.2,,,11.6,100.0,ministral-3:8b,0.0,mistral-medium-latest,100.0,100.0,1256,-100.0,0.0/100.0,success,Tier 2 (Deep Reasoning),2026-01-22 00:43:19,0.0,0.0/100.0,,
code_quality_001,WCAG 2.2 Audit (Tiered Difficulty),"{'asset_id': 'code_quality_001', 'tier': 'Tier 1 (Undefined)'}",51.0/60,138.4,0/0,10.0/10,12.1,100,ministral-3:14b,81.0,mistral-medium-latest,95.0,95.0,10492,-14.0,20.0/30,success,Tier 1 (Undefined),2026-01-22 00:50:57,81.0,,,
code_quality_002,Security Audit (Tiered Difficulty),"{'asset_id': 'code_quality_002', 'tier': 'Tier 1 (Undefined)'}",60.0/60,123.7,0/0,10.0/10,19.0,100,ministral-3:14b,100.0,mistral-medium-latest,76.0,76.0,10683,24.0,30.0/30,success,Tier 1 (Undefined),2026-01-22 00:53:01,100.0,,,
code_quality_003,Web Performance Audit (Tiered Difficulty),"{'asset_id': 'code_quality_003', 'tier': 'Tier 1 (Undefined)'}",30.0/60,105.5,0/0,10.0/10,11.0,100,ministral-3:14b,60.0,mistral-medium-latest,80.0,80.0,8750,-20.0,20.0/30,success,Tier 1 (Undefined),2026-01-22 00:54:46,60.0,,,
code_quality_004,REST API Design Audit (Tiered Difficulty),"{'asset_id': 'code_quality_004', 'tier': 'Tier 1 (Undefined)'}",40.0/60,92.2,0/0,10.0/10,13.5,100,ministral-3:14b,70.0,mistral-medium-latest,80.0,80.0,8416,-10.0,20.0/30,success,Tier 1 (Undefined),2026-01-22 00:56:19,70.0,,,
code_quality_005,Code Smells Audit (Tiered Difficulty),"{'asset_id': 'code_quality_005', 'tier': 'Tier 1 (Undefined)'}",55.0/60,106.4,0/0,10.0/10,4.9,100,ministral-3:14b,85.0,mistral-medium-latest,95.0,95.0,10903,-10.0,20.0/30,success,Tier 1 (Undefined),2026-01-22 00:58:05,85.0,,,
ux_writing_001,Error Messages - User-Friendly Rewriting,"{'asset_id': 'ux_writing_001', 'tier': 'Tier 1 (Undefined)'}",53.0/60,97.4,0/0,10.0/10,18.8,100,ministral-3:14b,83.0,mistral-medium-latest,83.0,83.0,14596,0.0,20.0/30,success,Tier 1 (Undefined),2026-01-22 00:59:43,83.0,,,
ux_writing_002,Button Labels - Context-Aware CTAs,"{'asset_id': 'ux_writing_002', 'tier': 'Tier 1 (Undefined)'}",53.0/60,42.4,0/0,10.0/10,26.1,100,ministral-3:14b,83.0,mistral-medium-latest,90.0,90.0,4694,-7.0,20.0/30,success,Tier 1 (Undefined),2026-01-22 01:00:25,83.0,,,
ux_writing_003,Onboarding Flow - 3-Step Tutorial,"{'asset_id': 'ux_writing_003', 'tier': 'Tier 1 (Undefined)'}",53.0/60,85.7,0/0,10.0/10,30.3,100,ministral-3:14b,83.0,mistral-medium-latest,90.0,90.0,10445,-7.0,20.0/30,success,Tier 1 (Undefined),2026-01-22 01:01:51,83.0,,,
ux_writing_004,Accessibility Labels - ARIA for Screen Readers,"{'asset_id': 'ux_writing_004', 'tier': 'Tier 1 (Undefined)'}",50.0/60,63.9,0/0,10.0/10,8.4,100,ministral-3:14b,80.0,mistral-medium-latest,90.0,90.0,6655,-10.0,20.0/30,success,Tier 1 (Undefined),2026-01-22 01:02:55,80.0,,,
ux_writing_005,Microcopy Audit - Health App Context,"{'asset_id': 'ux_writing_005', 'tier': 'Tier 1 (Undefined)'}",60.0/60,79.2,0/0,10.0/10,5.0,100,ministral-3:14b,90.0,mistral-medium-latest,90.0,90.0,8840,0.0,20.0/30,success,Tier 1 (Undefined),2026-01-22 01:04:14,90.0,,,
documentation_quality_001,README Quality Assessment (Tiered),"{'asset_id': 'documentation_quality_001', 'tier': 'Tier 1 (Undefined)'}",48.25/100,69.6,,,8.0,130,ministral-3:14b,60.2,mistral-medium-latest,66.5,86.5,9977,-8.2,30/30,success,Tier 1 (Undefined),2026-01-22 01:05:24,78.25,,,
documentation_quality_002,REST API Endpoint Documentation,"{'asset_id': 'documentation_quality_002', 'tier': 'Tier 1 (Undefined)'}",81.5/100,171.9,,,7.9,130,ministral-3:14b,85.8,mistral-medium-latest,85.8,111.5,15207,0.0,30/30,success,Tier 1 (Undefined),2026-01-22 01:08:16,111.5,,,
documentation_quality_003,Component Library Props Documentation,"{'asset_id': 'documentation_quality_003', 'tier': 'Tier 1 (Undefined)'}",43.5/100,117.6,,,6.2,130,ministral-3:14b,48.8,mistral-medium-latest,77.3,100.5,14929,-37.0,20/30,success,Tier 1 (Undefined),2026-01-22 01:10:14,63.5,,,
documentation_quality_004,Setup Guide - Local Dev Environment (Docker + Vite),"{'asset_id': 'documentation_quality_004', 'tier': 'Tier 1 (Undefined)'}",49.25/100,86.4,,,5.2,130,ministral-3:14b,53.3,mistral-medium-latest,76.2,99.0,8046,-29.8,20/30,success,Tier 1 (Undefined),2026-01-22 01:11:40,69.25,,,
documentation_quality_005,Changelog - Git Commits to User-Facing Release Notes,"{'asset_id': 'documentation_quality_005', 'tier': 'Tier 1 (Undefined)'}",37.0/100,122.7,,,4.5,130,ministral-3:14b,51.5,mistral-medium-latest,43.8,57.0,10793,10.0,30/30,success,Tier 1 (Undefined),2026-01-22 01:13:43,67.0,,,
content_transformation_001,Landing Page Copy Transformation,"{'asset_id': 'content_transformation_001', 'tier': 'Tier 1 (Undefined)'}",20.2/40,87.4,,,9.3,100,ministral-3:14b,80.2,mistral-medium-latest,82.6,82.6,7183,-2.4,60.0/60,success,Tier 1 (Undefined),2026-01-22 01:15:10,80.2,,,
content_transformation_002,Twitter Thread Transformation,"{'asset_id': 'content_transformation_002', 'tier': 'Tier 1 (Undefined)'}",27.2/40,69.6,,,6.8,100,ministral-3:14b,87.2,mistral-medium-latest,87.6,87.6,5370,-0.4,60.0/60,success,Tier 1 (Undefined),2026-01-22 01:16:20,87.2,,,
content_transformation_003,Glossar-Eintrag Simplification,"{'asset_id': 'content_transformation_003', 'tier': 'Tier 1 (Undefined)'}",19.6/40,40.6,,,6.7,100,ministral-3:14b,79.6,mistral-medium-latest,86.0,86.0,3278,-6.4,60.0/60,success,Tier 1 (Undefined),2026-01-22 01:17:01,79.6,,,
content_transformation_004,Video-Script Transformation,"{'asset_id': 'content_transformation_004', 'tier': 'Tier 1 (Undefined)'}",31.6/40,112.4,,,8.2,100,ministral-3:14b,91.6,mistral-medium-latest,96.0,96.0,8606,-4.4,60.0/60,success,Tier 1 (Undefined),2026-01-22 01:18:53,91.6,,,
content_transformation_005,Email-Newsletter Adaptation,"{'asset_id': 'content_transformation_005', 'tier': 'Tier 1 (Undefined)'}",19.4/40,68.2,,,7.2,100,ministral-3:14b,79.4,mistral-medium-latest,90.6,90.6,5407,-11.2,60.0/60,success,Tier 1 (Undefined),2026-01-22 01:20:01,79.4,,,
content_transformation_006,Sarcasm Shield (Incident Report),"{'asset_id': 'content_transformation_006', 'tier': 'Tier 1 (Undefined)'}",70.0/70,18.6,,,3.0,100,ministral-3:14b,100.0,mistral-medium-latest,82.5,82.5,2408,17.5,30.0/30,success,Tier 1 (Undefined),2026-01-22 01:20:20,100.0,,,
cultural_intel_001,German Tech Localization,"{'asset_id': 'cultural_intel_001', 'tier': 'Tier 1 (Undefined)'}",,4.0,,,21.7,100,ministral-3:14b,90.0,mistral-medium-latest,90.0,90.0,418,0.0,,success,Tier 1 (Undefined),2026-01-22 01:20:24,90,,90/100,90/100
cultural_intel_002,Inclusive Job Ad,"{'asset_id': 'cultural_intel_002', 'tier': 'Tier 1 (Undefined)'}",,4.0,,,10.9,100,ministral-3:14b,90.0,mistral-medium-latest,90.0,90.0,419,0.0,,success,Tier 1 (Undefined),2026-01-22 01:20:28,90,,90/100,90/100
cultural_intel_003,Berlin Agency Vibe,"{'asset_id': 'cultural_intel_003', 'tier': 'Tier 1 (Undefined)'}",,3.7,,,17.0,100,ministral-3:14b,90.0,mistral-medium-latest,90.0,90.0,327,0.0,,success,Tier 1 (Undefined),2026-01-22 01:20:32,90,,90/100,90/100
reasoning_001_river,Reasoning 001: River Crossing Puzzle,"{'asset_id': 'reasoning_001_river', 'tier': 'Tier 1 (Operational Logic)'}",60.0/100.0,73.9,,,6.1,100.0,ministral-3:14b,83.0,mistral-medium-latest,78.0,78.0,7169,5.0,18.0/100.0,success,Tier 1 (Operational Logic),2026-01-22 01:21:46,83.0,5.0/100.0,,
reasoning_5a_001,Reasoning 5A: Code Logic Debugging (Infinite Loop),"{'asset_id': 'reasoning_5a_001', 'tier': 'Tier 2 (Deep Reasoning)'}",33.333333333333336/100.0,23.9,,,19.2,100.0,ministral-3:14b,58.3,mistral-medium-latest,55.0,55.0,2645,3.3,20.0/100.0,success,Tier 2 (Deep Reasoning),2026-01-22 01:22:10,58.333333333333336,5.0/100.0,,
reasoning_5b_001,Complex Reasoning Chains: Cross-Domain Root Cause,"{'asset_id': 'reasoning_5b_001', 'tier': 'Tier 2 (Deep Reasoning)'}",26.666666666666664/100.0,65.8,,,7.2,100.0,ministral-3:14b,56.7,mistral-medium-latest,56.7,56.666666666666664,5937,0.0,20.0/100.0,success,Tier 2 (Deep Reasoning),2026-01-22 01:23:15,56.666666666666664,10.0/100.0,,
reasoning_5c_001,Reasoning 5C: The Scheduling Paradox (Impossible Constraint),"{'asset_id': 'reasoning_5c_001', 'tier': 'Tier 2 (Deep Reasoning)'}",40.0/100.0,25.6,,,5.5,100.0,ministral-3:14b,100.0,mistral-medium-latest,100.0,100.0,2848,0.0,50.0/100.0,success,Tier 2 (Deep Reasoning),2026-01-22 01:23:41,100.0,10.0/100.0,,
reasoning_5d_001,Reasoning 5D: The Hidden Deadlock (Tier 2),"{'asset_id': 'reasoning_5d_001', 'tier': 'Tier 2 (Deep Reasoning)'}",0.0/100.0,35.0,,,6.1,100.0,ministral-3:14b,0.0,mistral-medium-latest,100.0,100.0,4207,-100.0,0.0/100.0,success,Tier 2 (Deep Reasoning),2026-01-22 01:24:16,0.0,0.0/100.0,,
code_quality_001,WCAG 2.2 Audit (Tiered Difficulty),"{'asset_id': 'code_quality_001', 'tier': 'Tier 1 (Undefined)'}",42.0/60,80.9,0/0,10.0/10,5.0,100,qwen3:8b,72.0,mistral-medium-latest,95.0,95.0,4661,-23.0,20.0/30,success,Tier 1 (Undefined),2026-01-22 07:27:39,72.0,,,
code_quality_002,Security Audit (Tiered Difficulty),"{'asset_id': 'code_quality_002', 'tier': 'Tier 1 (Undefined)'}",49.0/60,66.1,0/0,10.0/10,16.8,100,qwen3:8b,79.0,mistral-medium-latest,76.0,76.0,5907,3.0,20.0/30,success,Tier 1 (Undefined),2026-01-22 07:28:45,79.0,,,
code_quality_003,Web Performance Audit (Tiered Difficulty),"{'asset_id': 'code_quality_003', 'tier': 'Tier 1 (Undefined)'}",35.0/60,60.8,0/0,10.0/10,9.8,100,qwen3:8b,55.0,mistral-medium-latest,80.0,80.0,4335,-25.0,10.0/30,success,Tier 1 (Undefined),2026-01-22 07:29:46,55.0,,,
code_quality_004,REST API Design Audit (Tiered Difficulty),"{'asset_id': 'code_quality_004', 'tier': 'Tier 1 (Undefined)'}",30.0/60,69.3,0/0,0.0/10,4.5,100,qwen3:8b,50.0,mistral-medium-latest,80.0,80.0,4101,-30.0,20.0/30,success,Tier 1 (Undefined),2026-01-22 07:30:55,50.0,,,
code_quality_005,Code Smells Audit (Tiered Difficulty),"{'asset_id': 'code_quality_005', 'tier': 'Tier 1 (Undefined)'}",35.0/60,50.9,0/0,0.0/10,2.8,100,qwen3:8b,55.0,mistral-medium-latest,95.0,95.0,4327,-40.0,20.0/30,success,Tier 1 (Undefined),2026-01-22 07:31:46,55.0,,,
ux_writing_001,Error Messages - User-Friendly Rewriting,"{'asset_id': 'ux_writing_001', 'tier': 'Tier 1 (Undefined)'}",53.0/60,38.2,0/0,10.0/10,7.3,100,qwen3:8b,83.0,mistral-medium-latest,83.0,83.0,3049,0.0,20.0/30,success,Tier 1 (Undefined),2026-01-22 07:32:25,83.0,,,
ux_writing_002,Button Labels - Context-Aware CTAs,"{'asset_id': 'ux_writing_002', 'tier': 'Tier 1 (Undefined)'}",25.0/60,213.3,0/0,0.0/10,0.5,100,qwen3:8b,35.0,mistral-medium-latest,90.0,90.0,31108,-55.0,10.0/30,success,Tier 1 (Undefined),2026-01-22 07:35:58,35.0,,,
ux_writing_003,Onboarding Flow - 3-Step Tutorial,"{'asset_id': 'ux_writing_003', 'tier': 'Tier 1 (Undefined)'}",53.0/60,30.8,0/0,10.0/10,16.9,100,qwen3:8b,83.0,mistral-medium-latest,90.0,90.0,2183,-7.0,20.0/30,success,Tier 1 (Undefined),2026-01-22 07:36:29,83.0,,,
ux_writing_004,Accessibility Labels - ARIA for Screen Readers,"{'asset_id': 'ux_writing_004', 'tier': 'Tier 1 (Undefined)'}",50.0/60,42.0,0/0,10.0/10,13.9,100,qwen3:8b,80.0,mistral-medium-latest,90.0,90.0,2577,-10.0,20.0/30,success,Tier 1 (Undefined),2026-01-22 07:37:11,80.0,,,
ux_writing_005,Microcopy Audit - Health App Context,"{'asset_id': 'ux_writing_005', 'tier': 'Tier 1 (Undefined)'}",55.0/60,49.3,0/0,10.0/10,12.5,100,qwen3:8b,85.0,mistral-medium-latest,90.0,90.0,2963,-5.0,20.0/30,success,Tier 1 (Undefined),2026-01-22 07:38:00,85.0,,,
documentation_quality_001,README Quality Assessment (Tiered),"{'asset_id': 'documentation_quality_001', 'tier': 'Tier 1 (Undefined)'}",48.25/100,67.3,,,5.7,130,qwen3:8b,52.5,mistral-medium-latest,66.5,86.5,5220,-18.2,20/30,success,Tier 1 (Undefined),2026-01-22 07:39:08,68.25,,,
documentation_quality_002,REST API Endpoint Documentation,"{'asset_id': 'documentation_quality_002', 'tier': 'Tier 1 (Undefined)'}",44.0/100,73.5,,,7.8,130,qwen3:8b,56.9,mistral-medium-latest,85.8,111.5,7112,-37.5,30/30,success,Tier 1 (Undefined),2026-01-22 07:40:21,74.0,,,
documentation_quality_003,Component Library Props Documentation,"{'asset_id': 'documentation_quality_003', 'tier': 'Tier 1 (Undefined)'}",43.5/100,66.0,,,13.5,130,qwen3:8b,48.8,mistral-medium-latest,77.3,100.5,7792,-37.0,20/30,success,Tier 1 (Undefined),2026-01-22 07:41:27,63.5,,,
documentation_quality_004,Setup Guide - Local Dev Environment (Docker + Vite),"{'asset_id': 'documentation_quality_004', 'tier': 'Tier 1 (Undefined)'}",39.5/100,79.2,,,6.6,130,qwen3:8b,45.8,mistral-medium-latest,76.2,99.0,6317,-39.5,20/30,success,Tier 1 (Undefined),2026-01-22 07:42:46,59.5,,,
documentation_quality_005,Changelog - Git Commits to User-Facing Release Notes,"{'asset_id': 'documentation_quality_005', 'tier': 'Tier 1 (Undefined)'}",30.0/100,56.5,,,2.7,130,qwen3:8b,46.2,mistral-medium-latest,43.8,57.0,5474,3.0,30/30,success,Tier 1 (Undefined),2026-01-22 07:43:43,60.0,,,
content_transformation_001,Landing Page Copy Transformation,"{'asset_id': 'content_transformation_001', 'tier': 'Tier 1 (Undefined)'}",9.2/40,34.5,,,6.6,100,qwen3:8b,49.2,mistral-medium-latest,82.6,82.6,2657,-33.4,40.0/60,success,Tier 1 (Undefined),2026-01-22 07:44:18,49.2,,,
content_transformation_002,Twitter Thread Transformation,"{'asset_id': 'content_transformation_002', 'tier': 'Tier 1 (Undefined)'}",27.2/40,35.0,,,11.1,100,qwen3:8b,87.2,mistral-medium-latest,87.6,87.6,3122,-0.4,60.0/60,success,Tier 1 (Undefined),2026-01-22 07:44:53,87.2,,,
content_transformation_003,Glossar-Eintrag Simplification,"{'asset_id': 'content_transformation_003', 'tier': 'Tier 1 (Undefined)'}",16.8/40,20.8,,,4.4,100,qwen3:8b,76.8,mistral-medium-latest,86.0,86.0,1351,-9.2,60.0/60,success,Tier 1 (Undefined),2026-01-22 07:45:13,76.8,,,
content_transformation_004,Video-Script Transformation,"{'asset_id': 'content_transformation_004', 'tier': 'Tier 1 (Undefined)'}",18.2/40,49.0,,,6.0,100,qwen3:8b,78.2,mistral-medium-latest,96.0,96.0,4538,-17.8,60.0/60,success,Tier 1 (Undefined),2026-01-22 07:46:02,78.2,,,
content_transformation_005,Email-Newsletter Adaptation,"{'asset_id': 'content_transformation_005', 'tier': 'Tier 1 (Undefined)'}",14.8/40,33.8,,,2.5,100,qwen3:8b,74.8,mistral-medium-latest,90.6,90.6,2442,-15.8,60.0/60,success,Tier 1 (Undefined),2026-01-22 07:46:36,74.8,,,
content_transformation_006,Sarcasm Shield (Incident Report),"{'asset_id': 'content_transformation_006', 'tier': 'Tier 1 (Undefined)'}",45.0/70,23.2,,,3.5,100,qwen3:8b,75.0,mistral-medium-latest,82.5,82.5,1506,-7.5,30.0/30,success,Tier 1 (Undefined),2026-01-22 07:47:00,75.0,,,
cultural_intel_001,German Tech Localization,"{'asset_id': 'cultural_intel_001', 'tier': 'Tier 1 (Undefined)'}",,16.9,,,17.2,100,qwen3:8b,90.0,mistral-medium-latest,90.0,90.0,218,0.0,,success,Tier 1 (Undefined),2026-01-22 07:47:17,90,,90/100,90/100
cultural_intel_002,Inclusive Job Ad,"{'asset_id': 'cultural_intel_002', 'tier': 'Tier 1 (Undefined)'}",,11.6,,,6.0,100,qwen3:8b,80.0,mistral-medium-latest,90.0,90.0,305,-10.0,,success,Tier 1 (Undefined),2026-01-22 07:47:28,80,,80/100,80/100
cultural_intel_003,Berlin Agency Vibe,"{'asset_id': 'cultural_intel_003', 'tier': 'Tier 1 (Undefined)'}",,20.0,,,8.4,100,qwen3:8b,80.0,mistral-medium-latest,90.0,90.0,213,-10.0,,success,Tier 1 (Undefined),2026-01-22 07:47:48,80,,80/100,80/100
reasoning_001_river,Reasoning 001: River Crossing Puzzle,"{'asset_id': 'reasoning_001_river', 'tier': 'Tier 1 (Operational Logic)'}",51.42857142857142/100.0,147.6,,,3.4,100.0,qwen3:8b,69.4,mistral-medium-latest,78.0,78.0,1807,-8.6,18.0/100.0,success,Tier 1 (Operational Logic),2026-01-22 07:50:16,69.42857142857142,0.0/100.0,,
reasoning_5a_001,Reasoning 5A: Code Logic Debugging (Infinite Loop),"{'asset_id': 'reasoning_5a_001', 'tier': 'Tier 2 (Deep Reasoning)'}",26.666666666666664/100.0,25.2,,,22.4,100.0,qwen3:8b,46.7,mistral-medium-latest,55.0,55.0,2007,-8.3,10.0/100.0,success,Tier 2 (Deep Reasoning),2026-01-22 07:50:41,46.666666666666664,10.0/100.0,,
reasoning_5b_001,Complex Reasoning Chains: Cross-Domain Root Cause,"{'asset_id': 'reasoning_5b_001', 'tier': 'Tier 2 (Deep Reasoning)'}",26.666666666666664/100.0,31.7,,,3.8,100.0,qwen3:8b,51.7,mistral-medium-latest,56.7,56.666666666666664,2452,-5.0,20.0/100.0,success,Tier 2 (Deep Reasoning),2026-01-22 07:51:13,51.666666666666664,5.0/100.0,,
reasoning_5c_001,Reasoning 5C: The Scheduling Paradox (Impossible Constraint),"{'asset_id': 'reasoning_5c_001', 'tier': 'Tier 2 (Deep Reasoning)'}",40.0/100.0,85.6,,,4.7,100.0,qwen3:8b,100.0,mistral-medium-latest,100.0,100.0,1516,0.0,50.0/100.0,success,Tier 2 (Deep Reasoning),2026-01-22 07:52:38,100.0,10.0/100.0,,
reasoning_5d_001,Reasoning 5D: The Hidden Deadlock (Tier 2),"{'asset_id': 'reasoning_5d_001', 'tier': 'Tier 2 (Deep Reasoning)'}",40.0/100.0,15.9,,,3.9,100.0,qwen3:8b,100.0,mistral-medium-latest,100.0,100.0,269,0.0,50.0/100.0,success,Tier 2 (Deep Reasoning),2026-01-22 07:52:54,100.0,10.0/100.0,,
code_quality_001,WCAG 2.2 Audit (Tiered Difficulty),"{'asset_id': 'code_quality_001', 'tier': 'Tier 1 (Undefined)'}",41.0/60,39.2,0/0,0.0/10,8.1,100,qwen2.5-coder:7b-instruct,61.0,mistral-medium-latest,95.0,95.0,5287,-34.0,20.0/30,success,Tier 1 (Undefined),2026-01-22 11:23:18,61.0,,,
code_quality_002,Security Audit (Tiered Difficulty),"{'asset_id': 'code_quality_002', 'tier': 'Tier 1 (Undefined)'}",17.0/60,25.4,0/0,0.0/10,13.9,100,qwen2.5-coder:7b-instruct,47.0,mistral-medium-latest,76.0,76.0,4171,-29.0,30.0/30,success,Tier 1 (Undefined),2026-01-22 11:23:44,47.0,,,
code_quality_003,Web Performance Audit (Tiered Difficulty),"{'asset_id': 'code_quality_003', 'tier': 'Tier 1 (Undefined)'}",35.0/60,20.4,0/0,0.0/10,10.3,100,qwen2.5-coder:7b-instruct,45.0,mistral-medium-latest,80.0,80.0,3306,-35.0,10.0/30,success,Tier 1 (Undefined),2026-01-22 11:24:04,45.0,,,
code_quality_004,REST API Design Audit (Tiered Difficulty),"{'asset_id': 'code_quality_004', 'tier': 'Tier 1 (Undefined)'}",30.0/60,176.0,0/0,0.0/10,2.7,100,qwen2.5-coder:7b-instruct,40.0,mistral-medium-latest,80.0,80.0,29845,-40.0,10.0/30,success,Tier 1 (Undefined),2026-01-22 11:27:00,40.0,,,
code_quality_005,Code Smells Audit (Tiered Difficulty),"{'asset_id': 'code_quality_005', 'tier': 'Tier 1 (Undefined)'}",40.0/60,33.4,0/0,0.0/10,11.0,100,qwen2.5-coder:7b-instruct,70.0,mistral-medium-latest,95.0,95.0,5646,-25.0,30.0/30,success,Tier 1 (Undefined),2026-01-22 11:27:34,70.0,,,
ux_writing_001,Error Messages - User-Friendly Rewriting,"{'asset_id': 'ux_writing_001', 'tier': 'Tier 1 (Undefined)'}",38.0/60,25.2,0/0,10.0/10,8.5,100,qwen2.5-coder:7b-instruct,68.0,mistral-medium-latest,83.0,83.0,3350,-15.0,20.0/30,success,Tier 1 (Undefined),2026-01-22 11:27:59,68.0,,,
ux_writing_002,Button Labels - Context-Aware CTAs,"{'asset_id': 'ux_writing_002', 'tier': 'Tier 1 (Undefined)'}",38.0/60,9.0,0/0,10.0/10,10.7,100,qwen2.5-coder:7b-instruct,68.0,mistral-medium-latest,90.0,90.0,989,-22.0,20.0/30,success,Tier 1 (Undefined),2026-01-22 11:28:08,68.0,,,
ux_writing_003,Onboarding Flow - 3-Step Tutorial,"{'asset_id': 'ux_writing_003', 'tier': 'Tier 1 (Undefined)'}",53.0/60,25.4,0/0,10.0/10,14.0,100,qwen2.5-coder:7b-instruct,83.0,mistral-medium-latest,90.0,90.0,3552,-7.0,20.0/30,success,Tier 1 (Undefined),2026-01-22 11:28:34,83.0,,,
ux_writing_004,Accessibility Labels - ARIA for Screen Readers,"{'asset_id': 'ux_writing_004', 'tier': 'Tier 1 (Undefined)'}",43.0/60,23.5,0/0,10.0/10,5.6,100,qwen2.5-coder:7b-instruct,63.0,mistral-medium-latest,90.0,90.0,3150,-27.0,10.0/30,success,Tier 1 (Undefined),2026-01-22 11:28:57,63.0,,,
ux_writing_005,Microcopy Audit - Health App Context,"{'asset_id': 'ux_writing_005', 'tier': 'Tier 1 (Undefined)'}",25.0/60,28.4,0/0,10.0/10,8.4,100,qwen2.5-coder:7b-instruct,55.0,mistral-medium-latest,90.0,90.0,3466,-35.0,20.0/30,success,Tier 1 (Undefined),2026-01-22 11:29:26,55.0,,,
documentation_quality_001,README Quality Assessment (Tiered),"{'asset_id': 'documentation_quality_001', 'tier': 'Tier 1 (Undefined)'}",25.25/100,27.1,,,5.8,130,qwen2.5-coder:7b-instruct,34.8,mistral-medium-latest,66.5,86.5,3560,-41.2,20/30,success,Tier 1 (Undefined),2026-01-22 11:29:53,45.25,,,
documentation_quality_002,REST API Endpoint Documentation,"{'asset_id': 'documentation_quality_002', 'tier': 'Tier 1 (Undefined)'}",55.5/100,37.7,,,6.6,130,qwen2.5-coder:7b-instruct,65.8,mistral-medium-latest,85.8,111.5,5144,-26.0,30/30,success,Tier 1 (Undefined),2026-01-22 11:30:30,85.5,,,
documentation_quality_003,Component Library Props Documentation,"{'asset_id': 'documentation_quality_003', 'tier': 'Tier 1 (Undefined)'}",25.0/100,32.6,,,6.8,130,qwen2.5-coder:7b-instruct,34.6,mistral-medium-latest,77.3,100.5,4414,-55.5,20/30,success,Tier 1 (Undefined),2026-01-22 11:31:03,45.0,,,
documentation_quality_004,Setup Guide - Local Dev Environment (Docker + Vite),"{'asset_id': 'documentation_quality_004', 'tier': 'Tier 1 (Undefined)'}",34.5/100,37.6,,,7.9,130,qwen2.5-coder:7b-instruct,41.9,mistral-medium-latest,76.2,99.0,5244,-44.5,20/30,success,Tier 1 (Undefined),2026-01-22 11:31:41,54.5,,,
documentation_quality_005,Changelog - Git Commits to User-Facing Release Notes,"{'asset_id': 'documentation_quality_005', 'tier': 'Tier 1 (Undefined)'}",18.0/100,20.9,,,2.9,130,qwen2.5-coder:7b-instruct,36.9,mistral-medium-latest,43.8,57.0,3283,-9.0,30/30,success,Tier 1 (Undefined),2026-01-22 11:32:02,48.0,,,
content_transformation_001,Landing Page Copy Transformation,"{'asset_id': 'content_transformation_001', 'tier': 'Tier 1 (Undefined)'}",4.8/40,18.3,,,9.4,100,qwen2.5-coder:7b-instruct,64.8,mistral-medium-latest,82.6,82.6,2387,-17.8,60.0/60,success,Tier 1 (Undefined),2026-01-22 11:32:20,64.8,,,
content_transformation_002,Twitter Thread Transformation,"{'asset_id': 'content_transformation_002', 'tier': 'Tier 1 (Undefined)'}",14.2/40,15.5,,,6.4,100,qwen2.5-coder:7b-instruct,74.2,mistral-medium-latest,87.6,87.6,1846,-13.4,60.0/60,success,Tier 1 (Undefined),2026-01-22 11:32:36,74.2,,,
content_transformation_003,Glossar-Eintrag Simplification,"{'asset_id': 'content_transformation_003', 'tier': 'Tier 1 (Undefined)'}",14.4/40,16.1,,,6.6,100,qwen2.5-coder:7b-instruct,74.4,mistral-medium-latest,86.0,86.0,2100,-11.6,60.0/60,success,Tier 1 (Undefined),2026-01-22 11:32:52,74.4,,,
content_transformation_004,Video-Script Transformation,"{'asset_id': 'content_transformation_004', 'tier': 'Tier 1 (Undefined)'}",16.2/40,41.2,,,3.8,100,qwen2.5-coder:7b-instruct,76.2,mistral-medium-latest,96.0,96.0,5551,-19.8,60.0/60,success,Tier 1 (Undefined),2026-01-22 11:33:33,76.2,,,
content_transformation_005,Email-Newsletter Adaptation,"{'asset_id': 'content_transformation_005', 'tier': 'Tier 1 (Undefined)'}",10.4/40,17.8,,,4.6,100,qwen2.5-coder:7b-instruct,70.4,mistral-medium-latest,90.6,90.6,2070,-20.2,60.0/60,success,Tier 1 (Undefined),2026-01-22 11:33:51,70.4,,,
content_transformation_006,Sarcasm Shield (Incident Report),"{'asset_id': 'content_transformation_006', 'tier': 'Tier 1 (Undefined)'}",45.0/70,13.1,,,3.5,100,qwen2.5-coder:7b-instruct,75.0,mistral-medium-latest,82.5,82.5,2705,-7.5,30.0/30,success,Tier 1 (Undefined),2026-01-22 11:34:04,75.0,,,
cultural_intel_001,German Tech Localization,"{'asset_id': 'cultural_intel_001', 'tier': 'Tier 1 (Undefined)'}",,1.7,,,14.1,100,qwen2.5-coder:7b-instruct,60.0,mistral-medium-latest,90.0,90.0,216,-30.0,,success,Tier 1 (Undefined),2026-01-22 11:34:06,60,,60/100,60/100
cultural_intel_002,Inclusive Job Ad,"{'asset_id': 'cultural_intel_002', 'tier': 'Tier 1 (Undefined)'}",,1.7,,,10.7,100,qwen2.5-coder:7b-instruct,90.0,mistral-medium-latest,90.0,90.0,215,0.0,,success,Tier 1 (Undefined),2026-01-22 11:34:07,90,,90/100,90/100
cultural_intel_003,Berlin Agency Vibe,"{'asset_id': 'cultural_intel_003', 'tier': 'Tier 1 (Undefined)'}",,1.7,,,7.0,100,qwen2.5-coder:7b-instruct,50.0,mistral-medium-latest,90.0,90.0,200,-40.0,,success,Tier 1 (Undefined),2026-01-22 11:34:09,50,,50/100,50/100
reasoning_001_river,Reasoning 001: River Crossing Puzzle,"{'asset_id': 'reasoning_001_river', 'tier': 'Tier 1 (Operational Logic)'}",60.0/100.0,10.5,,,1.6,100.0,qwen2.5-coder:7b-instruct,78.0,mistral-medium-latest,78.0,78.0,1535,0.0,18.0/100.0,success,Tier 1 (Operational Logic),2026-01-22 11:34:20,78.0,0.0/100.0,,
reasoning_5a_001,Reasoning 5A: Code Logic Debugging (Infinite Loop),"{'asset_id': 'reasoning_5a_001', 'tier': 'Tier 2 (Deep Reasoning)'}",33.333333333333336/100.0,23.2,,,13.5,100.0,qwen2.5-coder:7b-instruct,48.3,mistral-medium-latest,55.0,55.0,4318,-6.7,10.0/100.0,success,Tier 2 (Deep Reasoning),2026-01-22 11:34:43,48.333333333333336,5.0/100.0,,
reasoning_5b_001,Complex Reasoning Chains: Cross-Domain Root Cause,"{'asset_id': 'reasoning_5b_001', 'tier': 'Tier 2 (Deep Reasoning)'}",13.333333333333332/100.0,14.7,,,3.4,100.0,qwen2.5-coder:7b-instruct,38.3,mistral-medium-latest,56.7,56.666666666666664,1930,-18.3,20.0/100.0,success,Tier 2 (Deep Reasoning),2026-01-22 11:34:57,38.33333333333333,5.0/100.0,,
reasoning_5c_001,Reasoning 5C: The Scheduling Paradox (Impossible Constraint),"{'asset_id': 'reasoning_5c_001', 'tier': 'Tier 2 (Deep Reasoning)'}",24.0/100.0,6.3,,,3.9,100.0,qwen2.5-coder:7b-instruct,49.0,mistral-medium-latest,100.0,100.0,1067,-51.0,25.0/100.0,success,Tier 2 (Deep Reasoning),2026-01-22 11:35:04,49.0,0.0/100.0,,
reasoning_5d_001,Reasoning 5D: The Hidden Deadlock (Tier 2),"{'asset_id': 'reasoning_5d_001', 'tier': 'Tier 2 (Deep Reasoning)'}",32.0/100.0,13.1,,,6.0,100.0,qwen2.5-coder:7b-instruct,60.0,mistral-medium-latest,100.0,100.0,2369,-40.0,25.0/100.0,success,Tier 2 (Deep Reasoning),2026-01-22 11:35:17,60.0,0.0/100.0,,
code_quality_001,WCAG 2.2 Audit (Tiered Difficulty),"{'asset_id': 'code_quality_001', 'tier': 'Tier 1 (Undefined)'}",55.0/60,90.9,0/0,0.0/10,6.1,100,gemma3:12b,75.0,mistral-medium-latest,95.0,95.0,7389,-20.0,20.0/30,success,Tier 1 (Undefined),2026-01-22 13:25:59,75.0,,,
code_quality_002,Security Audit (Tiered Difficulty),"{'asset_id': 'code_quality_002', 'tier': 'Tier 1 (Undefined)'}",20.0/60,85.0,0/0,0.0/10,4.7,100,gemma3:12b,50.0,mistral-medium-latest,76.0,76.0,7794,-26.0,30.0/30,success,Tier 1 (Undefined),2026-01-22 13:27:24,50.0,,,
code_quality_003,Web Performance Audit (Tiered Difficulty),"{'asset_id': 'code_quality_003', 'tier': 'Tier 1 (Undefined)'}",25.0/60,70.6,0/0,0.0/10,9.6,100,gemma3:12b,55.0,mistral-medium-latest,80.0,80.0,6294,-25.0,30.0/30,success,Tier 1 (Undefined),2026-01-22 13:28:35,55.0,,,
code_quality_004,REST API Design Audit (Tiered Difficulty),"{'asset_id': 'code_quality_004', 'tier': 'Tier 1 (Undefined)'}",50.0/60,80.7,0/0,0.0/10,4.9,100,gemma3:12b,70.0,mistral-medium-latest,80.0,80.0,7806,-10.0,20.0/30,success,Tier 1 (Undefined),2026-01-22 13:29:56,70.0,,,
code_quality_005,Code Smells Audit (Tiered Difficulty),"{'asset_id': 'code_quality_005', 'tier': 'Tier 1 (Undefined)'}",25.0/60,62.3,0/0,0.0/10,8.5,100,gemma3:12b,45.0,mistral-medium-latest,95.0,95.0,6186,-50.0,20.0/30,success,Tier 1 (Undefined),2026-01-22 13:30:58,45.0,,,
ux_writing_001,Error Messages - User-Friendly Rewriting,"{'asset_id': 'ux_writing_001', 'tier': 'Tier 1 (Undefined)'}",53.0/60,51.1,0/0,10.0/10,20.0,100,gemma3:12b,83.0,mistral-medium-latest,83.0,83.0,5188,0.0,20.0/30,success,Tier 1 (Undefined),2026-01-22 13:31:49,83.0,,,
ux_writing_002,Button Labels - Context-Aware CTAs,"{'asset_id': 'ux_writing_002', 'tier': 'Tier 1 (Undefined)'}",45.0/60,35.0,0/0,10.0/10,11.9,100,gemma3:12b,75.0,mistral-medium-latest,90.0,90.0,2995,-15.0,20.0/30,success,Tier 1 (Undefined),2026-01-22 13:32:24,75.0,,,
ux_writing_003,Onboarding Flow - 3-Step Tutorial,"{'asset_id': 'ux_writing_003', 'tier': 'Tier 1 (Undefined)'}",60.0/60,43.8,0/0,10.0/10,11.6,100,gemma3:12b,90.0,mistral-medium-latest,90.0,90.0,4489,0.0,20.0/30,success,Tier 1 (Undefined),2026-01-22 13:33:08,90.0,,,
ux_writing_004,Accessibility Labels - ARIA for Screen Readers,"{'asset_id': 'ux_writing_004', 'tier': 'Tier 1 (Undefined)'}",60.0/60,40.6,0/0,10.0/10,8.8,100,gemma3:12b,90.0,mistral-medium-latest,90.0,90.0,3886,0.0,20.0/30,success,Tier 1 (Undefined),2026-01-22 13:33:49,90.0,,,
ux_writing_005,Microcopy Audit - Health App Context,"{'asset_id': 'ux_writing_005', 'tier': 'Tier 1 (Undefined)'}",48.0/60,53.5,0/0,10.0/10,7.1,100,gemma3:12b,78.0,mistral-medium-latest,90.0,90.0,4857,-12.0,20.0/30,success,Tier 1 (Undefined),2026-01-22 13:34:42,78.0,,,
documentation_quality_001,README Quality Assessment (Tiered),"{'asset_id': 'documentation_quality_001', 'tier': 'Tier 1 (Undefined)'}",43.5/100,65.8,,,3.5,130,gemma3:12b,56.5,mistral-medium-latest,66.5,86.5,6605,-13.0,30/30,success,Tier 1 (Undefined),2026-01-22 13:35:48,73.5,,,
documentation_quality_002,REST API Endpoint Documentation,"{'asset_id': 'documentation_quality_002', 'tier': 'Tier 1 (Undefined)'}",62.5/100,89.4,,,7.6,130,gemma3:12b,66.5,mistral-medium-latest,85.8,111.5,8482,-25.0,24/30,success,Tier 1 (Undefined),2026-01-22 13:37:18,86.5,,,
documentation_quality_003,Component Library Props Documentation,"{'asset_id': 'documentation_quality_003', 'tier': 'Tier 1 (Undefined)'}",19.5/100,88.5,,,14.6,130,gemma3:12b,30.4,mistral-medium-latest,77.3,100.5,10057,-61.0,20/30,success,Tier 1 (Undefined),2026-01-22 13:38:47,39.5,,,
documentation_quality_004,Setup Guide - Local Dev Environment (Docker + Vite),"{'asset_id': 'documentation_quality_004', 'tier': 'Tier 1 (Undefined)'}",57.75/100,84.4,,,5.2,130,gemma3:12b,67.5,mistral-medium-latest,76.2,99.0,8381,-11.2,30/30,success,Tier 1 (Undefined),2026-01-22 13:40:11,87.75,,,
documentation_quality_005,Changelog - Git Commits to User-Facing Release Notes,"{'asset_id': 'documentation_quality_005', 'tier': 'Tier 1 (Undefined)'}",48.5/100,71.9,,,4.1,130,gemma3:12b,60.4,mistral-medium-latest,43.8,57.0,7740,21.5,30/30,success,Tier 1 (Undefined),2026-01-22 13:41:23,78.5,,,
content_transformation_001,Landing Page Copy Transformation,"{'asset_id': 'content_transformation_001', 'tier': 'Tier 1 (Undefined)'}",20.2/40,43.7,,,7.6,100,gemma3:12b,80.2,mistral-medium-latest,82.6,82.6,4460,-2.4,60.0/60,success,Tier 1 (Undefined),2026-01-22 13:42:07,80.2,,,
content_transformation_002,Twitter Thread Transformation,"{'asset_id': 'content_transformation_002', 'tier': 'Tier 1 (Undefined)'}",27.2/40,52.4,,,9.7,100,gemma3:12b,87.2,mistral-medium-latest,87.6,87.6,4861,-0.4,60.0/60,success,Tier 1 (Undefined),2026-01-22 13:42:59,87.2,,,
content_transformation_003,Glossar-Eintrag Simplification,"{'asset_id': 'content_transformation_003', 'tier': 'Tier 1 (Undefined)'}",21.2/40,27.7,,,3.4,100,gemma3:12b,81.2,mistral-medium-latest,86.0,86.0,2708,-4.8,60.0/60,success,Tier 1 (Undefined),2026-01-22 13:43:27,81.2,,,
content_transformation_004,Video-Script Transformation,"{'asset_id': 'content_transformation_004', 'tier': 'Tier 1 (Undefined)'}",32.0/40,75.5,,,4.5,100,gemma3:12b,92.0,mistral-medium-latest,96.0,96.0,6174,-4.0,60.0/60,success,Tier 1 (Undefined),2026-01-22 13:44:42,92.0,,,
content_transformation_005,Email-Newsletter Adaptation,"{'asset_id': 'content_transformation_005', 'tier': 'Tier 1 (Undefined)'}",14.8/40,41.8,,,8.9,100,gemma3:12b,74.8,mistral-medium-latest,90.6,90.6,4090,-15.8,60.0/60,success,Tier 1 (Undefined),2026-01-22 13:45:24,74.8,,,
content_transformation_006,Sarcasm Shield (Incident Report),"{'asset_id': 'content_transformation_006', 'tier': 'Tier 1 (Undefined)'}",45.0/70,15.6,,,4.6,100,gemma3:12b,75.0,mistral-medium-latest,82.5,82.5,2092,-7.5,30.0/30,success,Tier 1 (Undefined),2026-01-22 13:45:40,75.0,,,
cultural_intel_001,German Tech Localization,"{'asset_id': 'cultural_intel_001', 'tier': 'Tier 1 (Undefined)'}",,23.9,,,4.3,100,gemma3:12b,90.0,mistral-medium-latest,90.0,90.0,2656,0.0,,success,Tier 1 (Undefined),2026-01-22 13:46:04,90,,90/100,90/100
cultural_intel_002,Inclusive Job Ad,"{'asset_id': 'cultural_intel_002', 'tier': 'Tier 1 (Undefined)'}",,3.3,,,18.8,100,gemma3:12b,90.0,mistral-medium-latest,90.0,90.0,379,0.0,,success,Tier 1 (Undefined),2026-01-22 13:46:07,90,,90/100,90/100
cultural_intel_003,Berlin Agency Vibe,"{'asset_id': 'cultural_intel_003', 'tier': 'Tier 1 (Undefined)'}",,2.1,,,7.0,100,gemma3:12b,100.0,mistral-medium-latest,90.0,90.0,204,10.0,,success,Tier 1 (Undefined),2026-01-22 13:46:09,100,,100/100,100/100
reasoning_001_river,Reasoning 001: River Crossing Puzzle,"{'asset_id': 'reasoning_001_river', 'tier': 'Tier 1 (Operational Logic)'}",60.0/100.0,21.0,,,2.3,100.0,gemma3:12b,83.0,mistral-medium-latest,78.0,78.0,2112,5.0,18.0/100.0,success,Tier 1 (Operational Logic),2026-01-22 13:46:30,83.0,5.0/100.0,,
reasoning_5a_001,Reasoning 5A: Code Logic Debugging (Infinite Loop),"{'asset_id': 'reasoning_5a_001', 'tier': 'Tier 2 (Deep Reasoning)'}",33.333333333333336/100.0,26.9,,,19.8,100.0,gemma3:12b,58.3,mistral-medium-latest,55.0,55.0,2869,3.3,20.0/100.0,success,Tier 2 (Deep Reasoning),2026-01-22 13:46:57,58.333333333333336,5.0/100.0,,
reasoning_5b_001,Complex Reasoning Chains: Cross-Domain Root Cause,"{'asset_id': 'reasoning_5b_001', 'tier': 'Tier 2 (Deep Reasoning)'}",26.666666666666664/100.0,44.1,,,3.1,100.0,gemma3:12b,51.7,mistral-medium-latest,56.7,56.666666666666664,5459,-5.0,20.0/100.0,success,Tier 2 (Deep Reasoning),2026-01-22 13:47:41,51.666666666666664,5.0/100.0,,
reasoning_5c_001,Reasoning 5C: The Scheduling Paradox (Impossible Constraint),"{'asset_id': 'reasoning_5c_001', 'tier': 'Tier 2 (Deep Reasoning)'}",40.0/100.0,15.2,,,5.8,100.0,gemma3:12b,100.0,mistral-medium-latest,100.0,100.0,1507,0.0,50.0/100.0,success,Tier 2 (Deep Reasoning),2026-01-22 13:47:57,100.0,10.0/100.0,,
reasoning_5d_001,Reasoning 5D: The Hidden Deadlock (Tier 2),"{'asset_id': 'reasoning_5d_001', 'tier': 'Tier 2 (Deep Reasoning)'}",32.0/100.0,23.3,,,6.8,100.0,gemma3:12b,60.0,mistral-medium-latest,100.0,100.0,2511,-40.0,25.0/100.0,success,Tier 2 (Deep Reasoning),2026-01-22 13:48:20,60.0,0.0/100.0,,
cultural_intel_001,German Tech Localization,"{'asset_id': 'cultural_intel_001', 'tier': 'Tier 1 (Undefined)'}",,8.2,,,10.2,100,llama3:latest,80.0,mistral-medium-latest,90.0,90.0,820,-10.0,,success,Tier 1 (Undefined),2026-01-22 17:18:36,80,,80/100,80/100
cultural_intel_002,Inclusive Job Ad,"{'asset_id': 'cultural_intel_002', 'tier': 'Tier 1 (Undefined)'}",,2.7,,,6.5,100,llama3:latest,90.0,mistral-medium-latest,90.0,90.0,407,0.0,,success,Tier 1 (Undefined),2026-01-22 17:18:39,90,,90/100,90/100
cultural_intel_003,Berlin Agency Vibe,"{'asset_id': 'cultural_intel_003', 'tier': 'Tier 1 (Undefined)'}",,1.8,,,7.6,100,llama3:latest,90.0,mistral-medium-latest,90.0,90.0,238,0.0,,success,Tier 1 (Undefined),2026-01-22 17:18:40,90,,90/100,90/100
cultural_intel_001,German Tech Localization,"{'asset_id': 'cultural_intel_001', 'tier': 'Tier 1 (Undefined)'}",,10.2,,,22.7,100,ministral-3:8b,90.0,mistral-medium-latest,90.0,90.0,856,0.0,,success,Tier 1 (Undefined),2026-01-22 18:01:38,90,,90/100,90/100
cultural_intel_002,Inclusive Job Ad,"{'asset_id': 'cultural_intel_002', 'tier': 'Tier 1 (Undefined)'}",,8.1,,,2.6,100,ministral-3:8b,90.0,mistral-medium-latest,90.0,90.0,1306,0.0,,success,Tier 1 (Undefined),2026-01-22 18:01:46,90,,90/100,90/100
cultural_intel_003,Berlin Agency Vibe,"{'asset_id': 'cultural_intel_003', 'tier': 'Tier 1 (Undefined)'}",,3.0,,,7.8,100,ministral-3:8b,100.0,mistral-medium-latest,90.0,90.0,433,10.0,,success,Tier 1 (Undefined),2026-01-22 18:01:49,100,,100/100,100/100
cultural_intel_001,German Tech Localization,"{'asset_id': 'cultural_intel_001', 'tier': 'Tier 1 (Undefined)'}",,9.8,,,22.7,100,ministral-3:8b,90.0,mistral-medium-latest,90.0,90.0,856,0.0,,success,Tier 1 (Undefined),2026-01-22 18:11:25,90,,90/100,90/100
cultural_intel_002,Inclusive Job Ad,"{'asset_id': 'cultural_intel_002', 'tier': 'Tier 1 (Undefined)'}",,8.1,,,2.6,100,ministral-3:8b,90.0,mistral-medium-latest,90.0,90.0,1306,0.0,,success,Tier 1 (Undefined),2026-01-22 18:11:33,90,,90/100,90/100
cultural_intel_003,Berlin Agency Vibe,"{'asset_id': 'cultural_intel_003', 'tier': 'Tier 1 (Undefined)'}",,3.0,,,7.8,100,ministral-3:8b,100.0,mistral-medium-latest,90.0,90.0,433,10.0,,success,Tier 1 (Undefined),2026-01-22 18:11:36,100,,100/100,100/100
cultural_intel_001,German Tech Localization,"{'asset_id': 'cultural_intel_001', 'tier': 'Tier 1 (Undefined)'}",,10.2,,,22.7,100,ministral-3:8b,90.0,mistral-medium-latest,90.0,90.0,856,0.0,,success,Tier 1 (Undefined),2026-01-22 19:06:29,90,,90/100,90/100
cultural_intel_002,Inclusive Job Ad,"{'asset_id': 'cultural_intel_002', 'tier': 'Tier 1 (Undefined)'}",,8.1,,,2.6,100,ministral-3:8b,90.0,mistral-medium-latest,90.0,90.0,1306,0.0,,success,Tier 1 (Undefined),2026-01-22 19:06:37,90,,90/100,90/100
cultural_intel_003,Berlin Agency Vibe,"{'asset_id': 'cultural_intel_003', 'tier': 'Tier 1 (Undefined)'}",,3.0,,,7.8,100,ministral-3:8b,100.0,mistral-medium-latest,90.0,90.0,433,10.0,,success,Tier 1 (Undefined),2026-01-22 19:06:40,100,,100/100,100/100
code_quality_001,WCAG 2.2 Audit (Tiered Difficulty),"{'asset_id': 'code_quality_001', 'tier': 'Tier 1 (Undefined)'}",4.0/60,7.0,0/0,0.0/10,1.4,100,dolphin-llama3:8b,4.0,mistral-medium-latest,81.0,81.0,211,-77.0,0.0/30,success,Tier 1 (Undefined),2026-01-22 20:06:03,4.0,,,
code_quality_002,Security Audit (Tiered Difficulty),"{'asset_id': 'code_quality_002', 'tier': 'Tier 1 (Undefined)'}",14.0/60,8.9,0/0,0.0/10,4.4,100,dolphin-llama3:8b,24.0,mistral-medium-latest,86.0,86.0,1083,-62.0,10.0/30,success,Tier 1 (Undefined),2026-01-22 20:06:11,24.0,,,
code_quality_003,Web Performance Audit (Tiered Difficulty),"{'asset_id': 'code_quality_003', 'tier': 'Tier 1 (Undefined)'}",0.0/60,3.1,0/0,0.0/10,1.2,100,dolphin-llama3:8b,0.0,mistral-medium-latest,70.0,70.0,155,-70.0,0.0/30,success,Tier 1 (Undefined),2026-01-22 20:06:15,0.0,,,
code_quality_004,REST API Design Audit (Tiered Difficulty),"{'asset_id': 'code_quality_004', 'tier': 'Tier 1 (Undefined)'}",10.0/60,10.8,0/0,0.0/10,2.3,100,dolphin-llama3:8b,20.0,mistral-medium-latest,80.0,80.0,1606,-60.0,10.0/30,success,Tier 1 (Undefined),2026-01-22 20:06:25,20.0,,,
code_quality_005,Code Smells Audit (Tiered Difficulty),"{'asset_id': 'code_quality_005', 'tier': 'Tier 1 (Undefined)'}",15.0/60,7.4,0/0,0.0/10,6.3,100,dolphin-llama3:8b,15.0,mistral-medium-latest,75.0,75.0,1023,-60.0,0.0/30,success,Tier 1 (Undefined),2026-01-22 20:06:33,15.0,,,
ux_writing_001,Error Messages - User-Friendly Rewriting,"{'asset_id': 'ux_writing_001', 'tier': 'Tier 1 (Undefined)'}",46.0/60,12.8,0/0,10.0/10,6.6,100,dolphin-llama3:8b,76.0,mistral-medium-latest,83.0,83.0,1586,-7.0,20.0/30,success,Tier 1 (Undefined),2026-01-22 20:06:46,76.0,,,
ux_writing_002,Button Labels - Context-Aware CTAs,"{'asset_id': 'ux_writing_002', 'tier': 'Tier 1 (Undefined)'}",38.0/60,16.9,0/0,0.0/10,7.1,100,dolphin-llama3:8b,58.0,mistral-medium-latest,90.0,90.0,1947,-32.0,20.0/30,success,Tier 1 (Undefined),2026-01-22 20:07:03,58.0,,,
ux_writing_003,Onboarding Flow - 3-Step Tutorial,"{'asset_id': 'ux_writing_003', 'tier': 'Tier 1 (Undefined)'}",50.0/60,20.8,0/0,10.0/10,10.5,100,dolphin-llama3:8b,80.0,mistral-medium-latest,83.0,83.0,2859,-3.0,20.0/30,success,Tier 1 (Undefined),2026-01-22 20:07:24,80.0,,,
ux_writing_004,Accessibility Labels - ARIA for Screen Readers,"{'asset_id': 'ux_writing_004', 'tier': 'Tier 1 (Undefined)'}",48.0/60,12.2,0/0,10.0/10,2.5,100,dolphin-llama3:8b,78.0,mistral-medium-latest,80.0,80.0,1440,-2.0,20.0/30,success,Tier 1 (Undefined),2026-01-22 20:07:36,78.0,,,
ux_writing_005,Microcopy Audit - Health App Context,"{'asset_id': 'ux_writing_005', 'tier': 'Tier 1 (Undefined)'}",25.0/60,17.5,0/0,0.0/10,11.5,100,dolphin-llama3:8b,35.0,mistral-medium-latest,90.0,90.0,2104,-55.0,10.0/30,success,Tier 1 (Undefined),2026-01-22 20:07:53,35.0,,,
documentation_quality_001,README Quality Assessment (Tiered),"{'asset_id': 'documentation_quality_001', 'tier': 'Tier 1 (Undefined)'}",0.0/100,7.7,,,2.6,130,dolphin-llama3:8b,7.7,mistral-medium-latest,65.0,84.5,893,-74.5,10/30,success,Tier 1 (Undefined),2026-01-22 20:08:01,10.0,,,
documentation_quality_002,REST API Endpoint Documentation,"{'asset_id': 'documentation_quality_002', 'tier': 'Tier 1 (Undefined)'}",6.0/100,18.4,,,3.4,130,dolphin-llama3:8b,20.0,mistral-medium-latest,75.8,98.5,2378,-72.5,20/30,success,Tier 1 (Undefined),2026-01-22 20:08:20,26.0,,,
documentation_quality_003,Component Library Props Documentation,"{'asset_id': 'documentation_quality_003', 'tier': 'Tier 1 (Undefined)'}",13.0/100,24.9,,,2.4,130,dolphin-llama3:8b,25.4,mistral-medium-latest,63.1,82.0,4895,-49.0,20/30,success,Tier 1 (Undefined),2026-01-22 20:08:44,33.0,,,
documentation_quality_004,Setup Guide - Local Dev Environment (Docker + Vite),"{'asset_id': 'documentation_quality_004', 'tier': 'Tier 1 (Undefined)'}",28.5/100,19.0,,,8.8,130,dolphin-llama3:8b,45.0,mistral-medium-latest,71.5,93.0,2816,-34.5,30/30,success,Tier 1 (Undefined),2026-01-22 20:09:04,58.5,,,
documentation_quality_005,Changelog - Git Commits to User-Facing Release Notes,"{'asset_id': 'documentation_quality_005', 'tier': 'Tier 1 (Undefined)'}",0.0/100,4.2,,,3.6,130,dolphin-llama3:8b,15.4,mistral-medium-latest,61.9,80.5,449,-60.5,20/30,success,Tier 1 (Undefined),2026-01-22 20:09:08,20.0,,,
content_transformation_001,Landing Page Copy Transformation,"{'asset_id': 'content_transformation_001', 'tier': 'Tier 1 (Undefined)'}",2.4/40,8.1,,,4.1,100,dolphin-llama3:8b,42.4,mistral-medium-latest,84.6,84.6,1018,-42.2,40.0/60,success,Tier 1 (Undefined),2026-01-22 20:09:16,42.4,,,
content_transformation_002,Twitter Thread Transformation,"{'asset_id': 'content_transformation_002', 'tier': 'Tier 1 (Undefined)'}",13.8/40,17.7,,,3.1,100,dolphin-llama3:8b,73.8,mistral-medium-latest,87.2,87.2,2202,-13.4,60.0/60,success,Tier 1 (Undefined),2026-01-22 20:09:34,73.8,,,
content_transformation_003,Glossar-Eintrag Simplification,"{'asset_id': 'content_transformation_003', 'tier': 'Tier 1 (Undefined)'}",14.8/40,21.5,,,2.7,100,dolphin-llama3:8b,74.8,mistral-medium-latest,79.6,79.6,2961,-4.8,60.0/60,success,Tier 1 (Undefined),2026-01-22 20:09:55,74.8,,,
content_transformation_004,Video-Script Transformation,"{'asset_id': 'content_transformation_004', 'tier': 'Tier 1 (Undefined)'}",11.4/40,16.0,,,1.7,100,dolphin-llama3:8b,71.4,mistral-medium-latest,96.0,96.0,2000,-24.6,60.0/60,success,Tier 1 (Undefined),2026-01-22 20:10:11,71.4,,,
content_transformation_005,Email-Newsletter Adaptation,"{'asset_id': 'content_transformation_005', 'tier': 'Tier 1 (Undefined)'}",11.4/40,20.4,,,2.4,100,dolphin-llama3:8b,71.4,mistral-medium-latest,82.2,82.2,3144,-10.8,60.0/60,success,Tier 1 (Undefined),2026-01-22 20:10:32,71.4,,,
content_transformation_006,Sarcasm Shield (Incident Report),"{'asset_id': 'content_transformation_006', 'tier': 'Tier 1 (Undefined)'}",45.0/70,6.3,,,1.7,100,dolphin-llama3:8b,65.0,mistral-medium-latest,100.0,100.0,1321,-35.0,20.0/30,success,Tier 1 (Undefined),2026-01-22 20:10:38,65.0,,,
cultural_intel_001,German Tech Localization,"{'asset_id': 'cultural_intel_001', 'tier': 'Tier 1 (Undefined)'}",,1.5,,,9.9,100,dolphin-llama3:8b,70.0,mistral-medium-latest,90.0,90.0,231,-20.0,,success,Tier 1 (Undefined),2026-01-22 20:10:40,70,,70/100,70/100
cultural_intel_002,Inclusive Job Ad,"{'asset_id': 'cultural_intel_002', 'tier': 'Tier 1 (Undefined)'}",,2.1,,,4.0,100,dolphin-llama3:8b,60.0,mistral-medium-latest,90.0,90.0,253,-30.0,,success,Tier 1 (Undefined),2026-01-22 20:10:42,60,,60/100,60/100
cultural_intel_003,Berlin Agency Vibe,"{'asset_id': 'cultural_intel_003', 'tier': 'Tier 1 (Undefined)'}",,1.9,,,5.7,100,dolphin-llama3:8b,20.0,mistral-medium-latest,90.0,90.0,215,-70.0,,success,Tier 1 (Undefined),2026-01-22 20:10:44,20,,20/100,20/100
reasoning_001_river,Reasoning 001: River Crossing Puzzle,"{'asset_id': 'reasoning_001_river', 'tier': 'Tier 1 (Operational Logic)'}",60.0/100.0,7.1,,,2.6,100.0,dolphin-llama3:8b,83.0,mistral-medium-latest,78.0,78.0,1207,5.0,18.0/100.0,success,Tier 1 (Operational Logic),2026-01-22 20:10:51,83.0,5.0/100.0,,
reasoning_5a_001,Reasoning 5A: Code Logic Debugging (Infinite Loop),"{'asset_id': 'reasoning_5a_001', 'tier': 'Tier 2 (Deep Reasoning)'}",26.666666666666664/100.0,6.3,,,19.5,100.0,dolphin-llama3:8b,31.7,mistral-medium-latest,55.0,55.0,1044,-23.3,0.0/100.0,success,Tier 2 (Deep Reasoning),2026-01-22 20:10:57,31.666666666666664,5.0/100.0,,
reasoning_5b_001,Complex Reasoning Chains: Cross-Domain Root Cause,"{'asset_id': 'reasoning_5b_001', 'tier': 'Tier 2 (Deep Reasoning)'}",26.666666666666664/100.0,9.1,,,5.0,100.0,dolphin-llama3:8b,51.7,mistral-medium-latest,75.0,75.0,1662,-23.3,20.0/100.0,success,Tier 2 (Deep Reasoning),2026-01-22 20:11:06,51.666666666666664,5.0/100.0,,
reasoning_5c_001,Reasoning 5C: The Scheduling Paradox (Impossible Constraint),"{'asset_id': 'reasoning_5c_001', 'tier': 'Tier 2 (Deep Reasoning)'}",40.0/100.0,7.1,,,7.2,100.0,dolphin-llama3:8b,100.0,mistral-medium-latest,100.0,100.0,1248,0.0,50.0/100.0,success,Tier 2 (Deep Reasoning),2026-01-22 20:11:13,100.0,10.0/100.0,,
reasoning_5d_001,Reasoning 5D: The Hidden Deadlock (Tier 2),"{'asset_id': 'reasoning_5d_001', 'tier': 'Tier 2 (Deep Reasoning)'}",0.0/100.0,3.9,,,15.0,100.0,dolphin-llama3:8b,0.0,mistral-medium-latest,100.0,100.0,739,-100.0,0.0/100.0,success,Tier 2 (Deep Reasoning),2026-01-22 20:11:17,0.0,0.0/100.0,,
